"codigo_ibge";"municipio";"uf_sigla";"porte_populacional";"ano_2020";"media_pos";"perfil_mudanca"
"1100015";"ALTA FLORESTA D'OESTE";"RO";"Pequeno Porte II";"0,00000000000000e+00";"8,36944194481230e+00";"1. Despertados (Efeito Indutor)"
"1100023";"ARIQUEMES";"RO";"Médio Porte";"2,64538780780526e+01";"2,61588238876142e+01";"2. Constantes (Sustentabilidade)"
"1100031";"CABIXI";"RO";"Pequeno Porte I";"0,00000000000000e+00";"9,52804829565342e+00";"1. Despertados (Efeito Indutor)"
"1100049";"CACOAL";"RO";"Médio Porte";"1,64887094463021e+01";"4,13658126997748e+01";"1. Despertados (Efeito Indutor)"
"1100056";"CEREJEIRAS";"RO";"Pequeno Porte I";"1,07838694209171e+01";"4,17856161975921e+01";"1. Despertados (Efeito Indutor)"
"1100064";"COLORADO DO OESTE";"RO";"Pequeno Porte I";"3,50005422661719e-01";"1,21825746940973e+00";"2. Constantes (Sustentabilidade)"
"1100080";"COSTA MARQUES";"RO";"Pequeno Porte I";"0,00000000000000e+00";"9,60792023399336e+00";"1. Despertados (Efeito Indutor)"
"1100098";"ESPIGAO D'OESTE";"RO";"Pequeno Porte II";"1,06604271246470e+00";"4,42273872149879e+01";"1. Despertados (Efeito Indutor)"
"1100106";"GUAJARA-MIRIM";"RO";"Pequeno Porte II";"6,76810856898599e+00";"8,25325579853577e+00";"2. Constantes (Sustentabilidade)"
"1100114";"JARU";"RO";"Médio Porte";"2,80908176989395e+00";"0,00000000000000e+00";"2. Constantes (Sustentabilidade)"
"1100122";"JI-PARANA";"RO";"Grande Porte";"2,06389396167663e+01";"2,87924106806923e+01";"2. Constantes (Sustentabilidade)"
"1100130";"MACHADINHO D'OESTE";"RO";"Pequeno Porte II";"1,08799152208180e+00";"0,00000000000000e+00";"2. Constantes (Sustentabilidade)"
"1100148";"NOVA BRASILANDIA D'OESTE";"RO";"Pequeno Porte I";"1,94453277777006e+01";"9,00614431587471e+00";"4. Efeito Substituição (Retração Local)"
"1100155";"OURO PRETO DO OESTE";"RO";"Pequeno Porte II";"1,89124874796416e+00";"4,53502868673946e+01";"1. Despertados (Efeito Indutor)"
"1100189";"PIMENTA BUENO";"RO";"Pequeno Porte II";"1,04838919833889e+01";"1,70398969445661e+01";"2. Constantes (Sustentabilidade)"
"1100205";"PORTO VELHO";"RO";"Grande Porte";"1,28840227955077e+01";"2,55146509086973e+01";"1. Despertados (Efeito Indutor)"
"1100254";"PRESIDENTE MEDICI";"RO";"Pequeno Porte I";"3,16849741875375e+00";"1,21851101414815e+01";"1. Despertados (Efeito Indutor)"
"1100262";"RIO CRESPO";"RO";"Pequeno Porte I";"5,98262567507704e+01";"9,71073869137678e+01";"1. Despertados (Efeito Indutor)"
"1100288";"ROLIM DE MOURA";"RO";"Médio Porte";"1,77665286739991e+01";"0,00000000000000e+00";"4. Efeito Substituição (Retração Local)"
"1100296";"SANTA LUZIA D'OESTE";"RO";"Pequeno Porte I";"0,00000000000000e+00";"5,92040268230220e+01";"1. Despertados (Efeito Indutor)"
"1100304";"VILHENA";"RO";"Médio Porte";"1,62995329462681e+01";"1,32421660823107e+01";"2. Constantes (Sustentabilidade)"
"1100320";"SAO MIGUEL DO GUAPORE";"RO";"Pequeno Porte II";"1,68949345859674e+01";"4,29732947949168e+01";"1. Despertados (Efeito Indutor)"
"1100338";"NOVA MAMORE";"RO";"Pequeno Porte II";"1,75889773984692e+00";"1,00853690850811e+01";"1. Despertados (Efeito Indutor)"
"1100379";"ALTO ALEGRE DOS PARECIS";"RO";"Pequeno Porte I";"0,00000000000000e+00";"5,96928492491592e+01";"1. Despertados (Efeito Indutor)"
"1100452";"BURITIS";"RO";"Pequeno Porte II";"3,26017820754519e+01";"5,78635187751372e+00";"4. Efeito Substituição (Retração Local)"
"1100601";"CACAULANDIA";"RO";"Pequeno Porte I";"0,00000000000000e+00";"1,94295697799323e+01";"1. Despertados (Efeito Indutor)"
"1100700";"CAMPO NOVO DE RONDONIA";"RO";"Pequeno Porte I";"8,76491031335295e-01";"2,07123349320559e+01";"1. Despertados (Efeito Indutor)"
"1100809";"CANDEIAS DO JAMARI";"RO";"Pequeno Porte II";"3,90810479964031e+01";"4,67212135436190e+01";"2. Constantes (Sustentabilidade)"
"1100924";"CHUPINGUAIA";"RO";"Pequeno Porte I";"0,00000000000000e+00";"6,86576308451308e+00";"1. Despertados (Efeito Indutor)"
"1100940";"CUJUBIM";"RO";"Pequeno Porte I";"0,00000000000000e+00";"1,56904007329694e+01";"1. Despertados (Efeito Indutor)"
"1101005";"GOVERNADOR JORGE TEIXEIRA";"RO";"Pequeno Porte I";"0,00000000000000e+00";"2,16491563554556e+00";"2. Constantes (Sustentabilidade)"
"1101104";"ITAPUA DO OESTE";"RO";"Pequeno Porte I";"3,73916409201767e+00";"4,07309471263126e+00";"2. Constantes (Sustentabilidade)"
"1101203";"MINISTRO ANDREAZZA";"RO";"Pequeno Porte I";"0,00000000000000e+00";"7,27565430649290e+00";"1. Despertados (Efeito Indutor)"
"1101302";"MIRANTE DA SERRA";"RO";"Pequeno Porte I";"4,10436491056332e-01";"2,59590753614335e+01";"1. Despertados (Efeito Indutor)"
"1101401";"MONTE NEGRO";"RO";"Pequeno Porte I";"3,50919106657690e-01";"3,12302436218652e+01";"1. Despertados (Efeito Indutor)"
"1101435";"NOVA UNIAO";"RO";"Pequeno Porte I";"0,00000000000000e+00";"2,51938150921814e+01";"1. Despertados (Efeito Indutor)"
"1101450";"PARECIS";"RO";"Pequeno Porte I";"1,10028724869744e+01";"8,37921170360583e+01";"1. Despertados (Efeito Indutor)"
"1101468";"PIMENTEIRAS DO OESTE";"RO";"Pequeno Porte I";"7,82806320627752e+01";"3,44675923227466e+01";"4. Efeito Substituição (Retração Local)"
"1101476";"PRIMAVERA DE RONDONIA";"RO";"Pequeno Porte I";"2,58557559650153e+00";"2,98802361322498e+01";"1. Despertados (Efeito Indutor)"
"1101484";"SAO FELIPE D'OESTE";"RO";"Pequeno Porte I";"0,00000000000000e+00";"6,36893605261121e+00";"1. Despertados (Efeito Indutor)"
"1101492";"SAO FRANCISCO DO GUAPORE";"RO";"Pequeno Porte I";"4,08635959153122e+00";"6,84548235745540e+00";"2. Constantes (Sustentabilidade)"
"1101500";"SERINGUEIRAS";"RO";"Pequeno Porte I";"2,12568258883355e-01";"2,18870289141527e-01";"2. Constantes (Sustentabilidade)"
"1101559";"TEIXEIROPOLIS";"RO";"Pequeno Porte I";"0,00000000000000e+00";"3,01345568211437e+01";"1. Despertados (Efeito Indutor)"
"1101609";"THEOBROMA";"RO";"Pequeno Porte I";"1,99055186150041e-01";"8,36667201765295e+00";"1. Despertados (Efeito Indutor)"
"1101708";"URUPA";"RO";"Pequeno Porte I";"0,00000000000000e+00";"7,83934253572717e+01";"1. Despertados (Efeito Indutor)"
"1101757";"VALE DO ANARI";"RO";"Pequeno Porte I";"0,00000000000000e+00";"1,49472595959917e+01";"1. Despertados (Efeito Indutor)"
"1200054";"ASSIS BRASIL";"AC";"Pequeno Porte I";"2,77529523151545e+00";"8,41573798184770e+01";"1. Despertados (Efeito Indutor)"
"1200104";"BRASILEIA";"AC";"Pequeno Porte II";"2,58911527785991e+01";"7,30170317697096e+01";"1. Despertados (Efeito Indutor)"
"1200138";"BUJARI";"AC";"Pequeno Porte I";"0,00000000000000e+00";"3,03540006190932e+01";"1. Despertados (Efeito Indutor)"
"1200179";"CAPIXABA";"AC";"Pequeno Porte I";"0,00000000000000e+00";"4,18482871439569e+00";"2. Constantes (Sustentabilidade)"
"1200203";"CRUZEIRO DO SUL";"AC";"Médio Porte";"1,71791918015167e+01";"3,26433877619979e+01";"1. Despertados (Efeito Indutor)"
"1200252";"EPITACIOLANDIA";"AC";"Pequeno Porte I";"2,36121878295187e+01";"1,80349268438051e+01";"2. Constantes (Sustentabilidade)"
"1200302";"FEIJO";"AC";"Pequeno Porte II";"3,26892299033579e+01";"4,50142777511226e+01";"1. Despertados (Efeito Indutor)"
"1200328";"JORDAO";"AC";"Pequeno Porte I";"0,00000000000000e+00";"3,48029344462550e+01";"1. Despertados (Efeito Indutor)"
"1200336";"MANCIO LIMA";"AC";"Pequeno Porte I";"2,10942569578827e+01";"4,62573843811526e+01";"1. Despertados (Efeito Indutor)"
"1200344";"MANOEL URBANO";"AC";"Pequeno Porte I";"8,41983994150122e+00";"2,15767421533404e+01";"1. Despertados (Efeito Indutor)"
"1200351";"MARECHAL THAUMATURGO";"AC";"Pequeno Porte I";"4,12165815488102e+01";"1,07277708677240e+02";"1. Despertados (Efeito Indutor)"
"1200385";"PLACIDO DE CASTRO";"AC";"Pequeno Porte I";"3,70390038219100e+01";"9,78466576520322e+00";"4. Efeito Substituição (Retração Local)"
"1200393";"PORTO WALTER";"AC";"Pequeno Porte I";"1,08571753182953e+01";"2,41233642771709e+01";"1. Despertados (Efeito Indutor)"
"1200401";"RIO BRANCO";"AC";"Grande Porte";"2,43804548515336e+01";"3,26758616067729e+01";"2. Constantes (Sustentabilidade)"
"1200427";"RODRIGUES ALVES";"AC";"Pequeno Porte I";"2,86446046859245e+00";"2,79462645138221e+01";"1. Despertados (Efeito Indutor)"
"1200435";"SANTA ROSA DO PURUS";"AC";"Pequeno Porte I";"4,31401906600877e+01";"4,39879366832819e+01";"2. Constantes (Sustentabilidade)"
"1200450";"SENADOR GUIOMARD";"AC";"Pequeno Porte II";"9,63510976182138e+00";"7,03795361532312e+00";"2. Constantes (Sustentabilidade)"
"1200500";"SENA MADUREIRA";"AC";"Pequeno Porte II";"1,76797883490177e+01";"3,66382487045107e+01";"1. Despertados (Efeito Indutor)"
"1200609";"TARAUACA";"AC";"Pequeno Porte II";"5,15723666204296e+00";"5,21533454828333e+01";"1. Despertados (Efeito Indutor)"
"1200708";"XAPURI";"AC";"Pequeno Porte I";"8,79521407093345e+01";"1,81998911606750e+02";"1. Despertados (Efeito Indutor)"
"1200807";"PORTO ACRE";"AC";"Pequeno Porte I";"0,00000000000000e+00";"1,17424968549691e-01";"2. Constantes (Sustentabilidade)"
"1300029";"ALVARAES";"AM";"Pequeno Porte I";"0,00000000000000e+00";"5,35850877370256e+01";"1. Despertados (Efeito Indutor)"
"1300060";"AMATURA";"AM";"Pequeno Porte I";"3,02580761812241e+00";"1,63993539635098e+00";"2. Constantes (Sustentabilidade)"
"1300086";"ANAMA";"AM";"Pequeno Porte I";"3,37792378701562e+01";"0,00000000000000e+00";"4. Efeito Substituição (Retração Local)"
"1300102";"ANORI";"AM";"Pequeno Porte I";"5,84888068349987e+00";"5,91093733689096e+01";"1. Despertados (Efeito Indutor)"
"1300144";"APUI";"AM";"Pequeno Porte II";"4,40051918387742e-01";"2,34287148721323e+01";"1. Despertados (Efeito Indutor)"
"1300201";"ATALAIA DO NORTE";"AM";"Pequeno Porte I";"0,00000000000000e+00";"7,32127465064647e+00";"1. Despertados (Efeito Indutor)"
"1300300";"AUTAZES";"AM";"Pequeno Porte II";"1,77904591198882e+01";"1,64680224087867e+01";"2. Constantes (Sustentabilidade)"
"1300508";"BARREIRINHA";"AM";"Pequeno Porte II";"3,22261634387542e+01";"9,03528912326425e+01";"1. Despertados (Efeito Indutor)"
"1300607";"BENJAMIN CONSTANT";"AM";"Pequeno Porte II";"7,02593529014065e+01";"7,14177224263983e+01";"2. Constantes (Sustentabilidade)"
"1300680";"BOA VISTA DO RAMOS";"AM";"Pequeno Porte II";"2,08979400198344e+01";"3,05736265456081e+01";"1. Despertados (Efeito Indutor)"
"1300706";"BOCA DO ACRE";"AM";"Pequeno Porte II";"2,27638738675773e+01";"4,01646690805595e+01";"1. Despertados (Efeito Indutor)"
"1300805";"BORBA";"AM";"Pequeno Porte II";"4,11422067235351e+01";"1,81184736745981e+01";"4. Efeito Substituição (Retração Local)"
"1300839";"CAAPIRANGA";"AM";"Pequeno Porte I";"0,00000000000000e+00";"3,70632603433708e+01";"1. Despertados (Efeito Indutor)"
"1300904";"CANUTAMA";"AM";"Pequeno Porte I";"1,82143874243886e+01";"4,92712157465505e+00";"4. Efeito Substituição (Retração Local)"
"1301001";"CARAUARI";"AM";"Pequeno Porte II";"1,26510932034536e+01";"3,49478646766309e+01";"1. Despertados (Efeito Indutor)"
"1301100";"CAREIRO";"AM";"Pequeno Porte II";"7,75180944805598e+01";"6,05940333118781e+01";"2. Constantes (Sustentabilidade)"
"1301159";"CAREIRO DA VARZEA";"AM";"Pequeno Porte I";"1,72558649657757e+01";"1,68912107427705e+01";"2. Constantes (Sustentabilidade)"
"1301209";"COARI";"AM";"Médio Porte";"1,72259536134334e+02";"1,92251263523717e+02";"2. Constantes (Sustentabilidade)"
"1301308";"CODAJAS";"AM";"Pequeno Porte II";"1,10121960702707e+01";"1,23179107855513e+02";"1. Despertados (Efeito Indutor)"
"1301407";"EIRUNEPE";"AM";"Pequeno Porte II";"1,44610125997203e+01";"4,13843118592456e+01";"1. Despertados (Efeito Indutor)"
"1301506";"ENVIRA";"AM";"Pequeno Porte I";"1,31595097617415e+01";"7,75653015845619e+01";"1. Despertados (Efeito Indutor)"
"1301605";"FONTE BOA";"AM";"Pequeno Porte II";"5,22657571854381e+01";"3,84008822394491e+01";"2. Constantes (Sustentabilidade)"
"1301654";"GUAJARA";"AM";"Pequeno Porte I";"7,42029529547386e+00";"8,69222423243338e+00";"2. Constantes (Sustentabilidade)"
"1301704";"HUMAITA";"AM";"Médio Porte";"9,56231913623675e+00";"8,35045230471423e+01";"1. Despertados (Efeito Indutor)"
"1301803";"IPIXUNA";"AM";"Pequeno Porte II";"3,33615151255360e+01";"7,33812384331076e+01";"1. Despertados (Efeito Indutor)"
"1301852";"IRANDUBA";"AM";"Médio Porte";"4,23358294792971e+00";"1,94543187563194e+01";"1. Despertados (Efeito Indutor)"
"1301902";"ITACOATIARA";"AM";"Grande Porte";"1,24571520976260e+01";"5,61219492676683e+01";"1. Despertados (Efeito Indutor)"
"1301951";"ITAMARATI";"AM";"Pequeno Porte I";"7,36846475280776e+00";"5,04944835406175e+01";"1. Despertados (Efeito Indutor)"
"1302009";"ITAPIRANGA";"AM";"Pequeno Porte I";"5,71933102738319e+01";"1,54046895686463e+02";"1. Despertados (Efeito Indutor)"
"1302108";"JAPURA";"AM";"Pequeno Porte I";"0,00000000000000e+00";"1,22554361733784e+02";"1. Despertados (Efeito Indutor)"
"1302207";"JURUA";"AM";"Pequeno Porte I";"1,81292193402231e+00";"3,39689332279315e+01";"1. Despertados (Efeito Indutor)"
"1302306";"JUTAI";"AM";"Pequeno Porte II";"0,00000000000000e+00";"4,38729591169385e+01";"1. Despertados (Efeito Indutor)"
"1302405";"LABREA";"AM";"Pequeno Porte II";"7,02057409182595e+00";"5,43171435486710e+01";"1. Despertados (Efeito Indutor)"
"1302504";"MANACAPURU";"AM";"Grande Porte";"1,95454249230910e+01";"7,25423416752719e+01";"1. Despertados (Efeito Indutor)"
"1302553";"MANAQUIRI";"AM";"Pequeno Porte I";"4,33011444384255e+01";"1,74444433638826e+02";"1. Despertados (Efeito Indutor)"
"1302603";"MANAUS";"AM";"Metrópole";"2,89424503333518e+01";"5,35317230885568e+01";"1. Despertados (Efeito Indutor)"
"1302702";"MANICORE";"AM";"Médio Porte";"2,31089703055639e+01";"7,34416243131213e+01";"1. Despertados (Efeito Indutor)"
"1302801";"MARAA";"AM";"Pequeno Porte I";"4,93923142346897e+01";"5,21064664176112e+01";"2. Constantes (Sustentabilidade)"
"1302900";"MAUES";"AM";"Médio Porte";"4,25109854881535e+01";"7,26919286214729e+01";"1. Despertados (Efeito Indutor)"
"1303007";"NHAMUNDA";"AM";"Pequeno Porte II";"2,90711592348193e+01";"1,02539487538507e+02";"1. Despertados (Efeito Indutor)"
"1303106";"NOVA OLINDA DO NORTE";"AM";"Pequeno Porte II";"1,67578321234037e+01";"6,82152217839776e+01";"1. Despertados (Efeito Indutor)"
"1303205";"NOVO AIRAO";"AM";"Pequeno Porte I";"3,98764407993667e+01";"6,17015451602565e+01";"1. Despertados (Efeito Indutor)"
"1303304";"NOVO ARIPUANA";"AM";"Pequeno Porte II";"4,07507000906865e+01";"3,61472384310435e+01";"2. Constantes (Sustentabilidade)"
"1303403";"PARINTINS";"AM";"Médio Porte";"3,77504355637086e+01";"9,13092959011898e+01";"1. Despertados (Efeito Indutor)"
"1303502";"PAUINI";"AM";"Pequeno Porte I";"1,89125683389710e+01";"3,03412859935385e+01";"1. Despertados (Efeito Indutor)"
"1303569";"RIO PRETO DA EVA";"AM";"Pequeno Porte II";"2,78868037099317e+00";"2,19286902155629e+01";"1. Despertados (Efeito Indutor)"
"1303601";"SANTA ISABEL DO RIO NEGRO";"AM";"Pequeno Porte I";"1,12420618404546e+00";"8,74404516484977e+01";"1. Despertados (Efeito Indutor)"
"1303700";"SANTO ANTONIO DO ICA";"AM";"Pequeno Porte II";"0,00000000000000e+00";"3,37255681865697e+01";"1. Despertados (Efeito Indutor)"
"1303809";"SAO GABRIEL DA CACHOEIRA";"AM";"Médio Porte";"1,27506253778412e+01";"1,23686180407792e+01";"2. Constantes (Sustentabilidade)"
"1303908";"SAO PAULO DE OLIVENCA";"AM";"Pequeno Porte II";"2,33763111864069e+00";"2,25491663968366e+01";"1. Despertados (Efeito Indutor)"
"1303957";"SAO SEBASTIAO DO UATUMA";"AM";"Pequeno Porte I";"1,44306249483749e+00";"1,83078770783386e+02";"1. Despertados (Efeito Indutor)"
"1304005";"SILVES";"AM";"Pequeno Porte I";"2,39638441224738e+01";"7,04885991824296e+01";"1. Despertados (Efeito Indutor)"
"1304062";"TABATINGA";"AM";"Médio Porte";"0,00000000000000e+00";"5,31342892861604e+01";"1. Despertados (Efeito Indutor)"
"1304104";"TAPAUA";"AM";"Pequeno Porte I";"8,72498301326031e+01";"1,55899433591759e+01";"4. Efeito Substituição (Retração Local)"
"1304203";"TEFE";"AM";"Médio Porte";"2,48507696161979e+00";"4,00117077359962e+01";"1. Despertados (Efeito Indutor)"
"1304237";"TONANTINS";"AM";"Pequeno Porte I";"0,00000000000000e+00";"5,94892604002486e+00";"1. Despertados (Efeito Indutor)"
"1304260";"UARINI";"AM";"Pequeno Porte I";"1,26276279532214e+01";"7,20178306614438e+01";"1. Despertados (Efeito Indutor)"
"1304302";"URUCARA";"AM";"Pequeno Porte I";"9,69761758165224e+00";"3,03832277131448e+01";"1. Despertados (Efeito Indutor)"
"1304401";"URUCURITUBA";"AM";"Pequeno Porte II";"0,00000000000000e+00";"3,58582450795779e+01";"1. Despertados (Efeito Indutor)"
"1400027";"AMAJARI";"RR";"Pequeno Porte I";"0,00000000000000e+00";"1,52978654959328e+01";"1. Despertados (Efeito Indutor)"
"1400050";"ALTO ALEGRE";"RR";"Pequeno Porte II";"2,46821736344245e+00";"5,22984708001517e+01";"1. Despertados (Efeito Indutor)"
"1400100";"BOA VISTA";"RR";"Grande Porte";"4,13445439112980e+01";"1,26718384331354e+02";"1. Despertados (Efeito Indutor)"
"1400159";"BONFIM";"RR";"Pequeno Porte I";"5,64548609830149e+00";"1,52399210876243e+02";"1. Despertados (Efeito Indutor)"
"1400175";"CANTA";"RR";"Pequeno Porte I";"0,00000000000000e+00";"1,23731662312863e+02";"1. Despertados (Efeito Indutor)"
"1400209";"CARACARAI";"RR";"Pequeno Porte II";"6,92305725455961e+00";"1,15034964756873e+02";"1. Despertados (Efeito Indutor)"
"1400233";"CAROEBE";"RR";"Pequeno Porte I";"8,27334212013024e+00";"1,87805730901074e+02";"1. Despertados (Efeito Indutor)"
"1400282";"IRACEMA";"RR";"Pequeno Porte I";"1,63725540141570e+01";"2,19676777396569e+01";"2. Constantes (Sustentabilidade)"
"1400308";"MUCAJAI";"RR";"Pequeno Porte I";"6,73763119231435e+01";"7,81827957711663e+01";"2. Constantes (Sustentabilidade)"
"1400407";"NORMANDIA";"RR";"Pequeno Porte I";"0,00000000000000e+00";"2,95571782768537e+01";"1. Despertados (Efeito Indutor)"
"1400456";"PACARAIMA";"RR";"Pequeno Porte I";"0,00000000000000e+00";"7,27240908631169e+01";"1. Despertados (Efeito Indutor)"
"1400472";"RORAINOPOLIS";"RR";"Pequeno Porte II";"1,27127099630420e+01";"5,03122237500165e+01";"1. Despertados (Efeito Indutor)"
"1400506";"SAO JOAO DA BALIZA";"RR";"Pequeno Porte I";"0,00000000000000e+00";"1,08224849964743e+02";"1. Despertados (Efeito Indutor)"
"1400704";"UIRAMUTA";"RR";"Pequeno Porte I";"1,19451851336725e+01";"3,50193696460445e+01";"1. Despertados (Efeito Indutor)"
"1500107";"ABAETETUBA";"PA";"Grande Porte";"5,50740805081790e+00";"2,60962675442888e+01";"1. Despertados (Efeito Indutor)"
"1500131";"ABEL FIGUEIREDO";"PA";"Pequeno Porte I";"4,88896095479862e+01";"6,77141991713803e+01";"1. Despertados (Efeito Indutor)"
"1500206";"ACARA";"PA";"Médio Porte";"1,17766920613662e+01";"4,38581621122510e+01";"1. Despertados (Efeito Indutor)"
"1500305";"AFUA";"PA";"Pequeno Porte II";"3,14337240909818e+01";"1,50628316878052e+02";"1. Despertados (Efeito Indutor)"
"1500347";"AGUA AZUL DO NORTE";"PA";"Pequeno Porte I";"2,13808782746504e+00";"2,31873850487317e+01";"1. Despertados (Efeito Indutor)"
"1500404";"ALENQUER";"PA";"Médio Porte";"1,87224794055847e+01";"3,59917141274877e+01";"1. Despertados (Efeito Indutor)"
"1500503";"ALMEIRIM";"PA";"Pequeno Porte II";"2,16037212598296e+01";"1,81656245257807e+01";"2. Constantes (Sustentabilidade)"
"1500602";"ALTAMIRA";"PA";"Grande Porte";"2,53288521537278e+00";"4,28691155278487e+01";"1. Despertados (Efeito Indutor)"
"1500701";"ANAJAS";"PA";"Pequeno Porte II";"2,26039568286488e+01";"1,54635689673881e+01";"2. Constantes (Sustentabilidade)"
"1500800";"ANANINDEUA";"PA";"Grande Porte";"1,47890673783730e+01";"9,01829139678719e+00";"2. Constantes (Sustentabilidade)"
"1500859";"ANAPU";"PA";"Pequeno Porte II";"8,01570888610756e+00";"9,85192297279687e+01";"1. Despertados (Efeito Indutor)"
"1500909";"AUGUSTO CORREA";"PA";"Pequeno Porte II";"2,98248372552624e+01";"5,69119031097261e+01";"1. Despertados (Efeito Indutor)"
"1500958";"AURORA DO PARA";"PA";"Pequeno Porte II";"0,00000000000000e+00";"3,35736402447895e+01";"1. Despertados (Efeito Indutor)"
"1501006";"AVEIRO";"PA";"Pequeno Porte I";"1,47607965315312e+01";"1,91820588132342e+01";"2. Constantes (Sustentabilidade)"
"1501105";"BAGRE";"PA";"Pequeno Porte II";"9,84822277186140e+00";"9,88416451242462e-01";"4. Efeito Substituição (Retração Local)"
"1501204";"BAIAO";"PA";"Médio Porte";"1,01730223823102e+01";"2,87093665161667e+01";"1. Despertados (Efeito Indutor)"
"1501253";"BANNACH";"PA";"Pequeno Porte I";"1,23295342543663e+01";"1,10667204166096e+02";"1. Despertados (Efeito Indutor)"
"1501303";"BARCARENA";"PA";"Grande Porte";"4,30575657632789e+01";"1,06171633644815e+02";"1. Despertados (Efeito Indutor)"
"1501402";"BELEM";"PA";"Metrópole";"0,00000000000000e+00";"1,28118102330050e+01";"1. Despertados (Efeito Indutor)"
"1501451";"BELTERRA";"PA";"Pequeno Porte I";"1,97728899448665e+00";"2,25760480413384e+01";"1. Despertados (Efeito Indutor)"
"1501501";"BENEVIDES";"PA";"Médio Porte";"1,53828712402656e+01";"6,99275291080463e+01";"1. Despertados (Efeito Indutor)"
"1501576";"BOM JESUS DO TOCANTINS";"PA";"Pequeno Porte I";"6,87833859231548e+01";"1,12015736322193e+02";"1. Despertados (Efeito Indutor)"
"1501600";"BONITO";"PA";"Pequeno Porte I";"2,62797890262132e+01";"1,27768953208172e+02";"1. Despertados (Efeito Indutor)"
"1501709";"BRAGANCA";"PA";"Grande Porte";"2,49171232249399e+01";"5,92867244914982e+00";"4. Efeito Substituição (Retração Local)"
"1501725";"BRASIL NOVO";"PA";"Pequeno Porte II";"0,00000000000000e+00";"1,55368674592459e-01";"2. Constantes (Sustentabilidade)"
"1501782";"BREU BRANCO";"PA";"Pequeno Porte II";"1,38077766890741e+01";"5,48714107151758e+01";"1. Despertados (Efeito Indutor)"
"1501808";"BREVES";"PA";"Grande Porte";"0,00000000000000e+00";"3,26309867852898e+01";"1. Despertados (Efeito Indutor)"
"1501907";"BUJARU";"PA";"Pequeno Porte II";"3,22725058441702e+01";"9,10982064601408e+01";"1. Despertados (Efeito Indutor)"
"1501956";"CACHOEIRA DO PIRIA";"PA";"Pequeno Porte I";"1,07518684821817e+01";"3,04054239264543e+01";"1. Despertados (Efeito Indutor)"
"1502004";"CACHOEIRA DO ARARI";"PA";"Pequeno Porte II";"2,96085802677780e+01";"7,36875393366903e+01";"1. Despertados (Efeito Indutor)"
"1502103";"CAMETA";"PA";"Grande Porte";"2,93416928905072e+01";"2,95016920544591e+01";"2. Constantes (Sustentabilidade)"
"1502202";"CAPANEMA";"PA";"Médio Porte";"2,85858896002144e+01";"3,35480018471122e+01";"2. Constantes (Sustentabilidade)"
"1502301";"CAPITAO POCO";"PA";"Médio Porte";"2,33433460377955e+01";"1,59141908498231e+01";"2. Constantes (Sustentabilidade)"
"1502400";"CASTANHAL";"PA";"Grande Porte";"3,55208020945138e+01";"3,57589537682789e+01";"2. Constantes (Sustentabilidade)"
"1502509";"CHAVES";"PA";"Pequeno Porte II";"1,05810629008045e+00";"1,63994790991564e+01";"1. Despertados (Efeito Indutor)"
"1502608";"COLARES";"PA";"Pequeno Porte I";"0,00000000000000e+00";"1,37589196446874e+02";"1. Despertados (Efeito Indutor)"
"1502707";"CONCEICAO DO ARAGUAIA";"PA";"Pequeno Porte II";"1,30303808208688e+00";"4,16439677422742e+00";"2. Constantes (Sustentabilidade)"
"1502756";"CONCORDIA DO PARA";"PA";"Pequeno Porte II";"3,98868977167399e+01";"5,17778090299746e+01";"2. Constantes (Sustentabilidade)"
"1502764";"CUMARU DO NORTE";"PA";"Pequeno Porte I";"0,00000000000000e+00";"1,49786214425063e+01";"1. Despertados (Efeito Indutor)"
"1502772";"CURIONOPOLIS";"PA";"Pequeno Porte I";"3,74942673596791e+01";"9,20140692882086e+01";"1. Despertados (Efeito Indutor)"
"1502806";"CURRALINHO";"PA";"Pequeno Porte II";"6,98970004930001e+00";"4,94655557547903e+01";"1. Despertados (Efeito Indutor)"
"1502855";"CURUA";"PA";"Pequeno Porte I";"1,79808573421709e+01";"4,83567418541138e+01";"1. Despertados (Efeito Indutor)"
"1502905";"CURUCA";"PA";"Pequeno Porte II";"3,47745012964586e+01";"6,92219707261213e+01";"1. Despertados (Efeito Indutor)"
"1502939";"DOM ELISEU";"PA";"Médio Porte";"1,12160436375356e+00";"1,99606925013124e+01";"1. Despertados (Efeito Indutor)"
"1503002";"FARO";"PA";"Pequeno Porte I";"0,00000000000000e+00";"1,16691276342504e+02";"1. Despertados (Efeito Indutor)"
"1503044";"FLORESTA DO ARAGUAIA";"PA";"Pequeno Porte I";"0,00000000000000e+00";"2,33045248561453e-01";"2. Constantes (Sustentabilidade)"
"1503077";"GARRAFAO DO NORTE";"PA";"Pequeno Porte II";"1,19215923568026e+01";"2,60964719601967e+01";"1. Despertados (Efeito Indutor)"
"1503093";"GOIANESIA DO PARA";"PA";"Pequeno Porte II";"8,90591915977764e+00";"4,85009268543424e+01";"1. Despertados (Efeito Indutor)"
"1503101";"GURUPA";"PA";"Pequeno Porte II";"1,71432723587641e+01";"2,94357718716638e+01";"1. Despertados (Efeito Indutor)"
"1503200";"IGARAPE-ACU";"PA";"Pequeno Porte II";"7,75254708940601e+00";"5,40674256799894e+01";"1. Despertados (Efeito Indutor)"
"1503309";"IGARAPE-MIRI";"PA";"Médio Porte";"2,63316721361230e+01";"4,16495913118661e+01";"1. Despertados (Efeito Indutor)"
"1503408";"INHANGAPI";"PA";"Pequeno Porte I";"1,85003868996965e+01";"8,68802419704335e+01";"1. Despertados (Efeito Indutor)"
"1503457";"IPIXUNA DO PARA";"PA";"Pequeno Porte II";"1,00545926513411e+02";"4,95965618488171e+01";"4. Efeito Substituição (Retração Local)"
"1503507";"IRITUIA";"PA";"Pequeno Porte II";"2,17362624266909e+01";"3,36318774388194e+01";"1. Despertados (Efeito Indutor)"
"1503606";"ITAITUBA";"PA";"Grande Porte";"3,24437911133420e+00";"1,45479361932952e+01";"1. Despertados (Efeito Indutor)"
"1503705";"ITUPIRANGA";"PA";"Pequeno Porte II";"0,00000000000000e+00";"3,65214101921865e+01";"1. Despertados (Efeito Indutor)"
"1503754";"JACAREACANGA";"PA";"Pequeno Porte II";"1,21268520937613e+01";"9,32360955393538e+01";"1. Despertados (Efeito Indutor)"
"1503804";"JACUNDA";"PA";"Pequeno Porte II";"0,00000000000000e+00";"7,03157646014706e+01";"1. Despertados (Efeito Indutor)"
"1503903";"JURUTI";"PA";"Médio Porte";"4,26536870675708e+01";"1,75214285036962e+02";"1. Despertados (Efeito Indutor)"
"1504000";"LIMOEIRO DO AJURU";"PA";"Pequeno Porte II";"2,54456387948607e+01";"5,65852409385244e+01";"1. Despertados (Efeito Indutor)"
"1504059";"MAE DO RIO";"PA";"Pequeno Porte II";"3,45169199152749e+00";"8,38505463215775e+00";"2. Constantes (Sustentabilidade)"
"1504208";"MARABA";"PA";"Grande Porte";"6,50243609962996e+01";"1,02495889457270e+02";"1. Despertados (Efeito Indutor)"
"1504307";"MARACANA";"PA";"Pequeno Porte II";"1,95040477805889e+01";"6,33588787336995e+01";"1. Despertados (Efeito Indutor)"
"1504406";"MARAPANIM";"PA";"Pequeno Porte II";"2,14899213776466e+01";"5,52294103961933e+01";"1. Despertados (Efeito Indutor)"
"1504422";"MARITUBA";"PA";"Grande Porte";"1,43126411988235e+01";"4,56740781244668e+01";"1. Despertados (Efeito Indutor)"
"1504455";"MEDICILANDIA";"PA";"Pequeno Porte II";"1,67029316649971e+01";"1,06191624755131e+01";"2. Constantes (Sustentabilidade)"
"1504505";"MELGACO";"PA";"Pequeno Porte II";"2,37530903662757e+01";"3,88735897565255e+01";"1. Despertados (Efeito Indutor)"
"1504604";"MOCAJUBA";"PA";"Pequeno Porte II";"1,19818699049290e+01";"4,97856363907271e+01";"1. Despertados (Efeito Indutor)"
"1504703";"MOJU";"PA";"Médio Porte";"4,60318041285819e+00";"0,00000000000000e+00";"2. Constantes (Sustentabilidade)"
"1504752";"MOJUI DOS CAMPOS";"PA";"Pequeno Porte II";"1,37857826356901e+00";"1,01171531123021e+02";"1. Despertados (Efeito Indutor)"
"1504802";"MONTE ALEGRE";"PA";"Médio Porte";"7,70169829971235e-01";"1,39551459305757e+01";"1. Despertados (Efeito Indutor)"
"1504901";"MUANA";"PA";"Pequeno Porte II";"8,48616730947123e+00";"2,75133226705620e+01";"1. Despertados (Efeito Indutor)"
"1504950";"NOVA ESPERANCA DO PIRIA";"PA";"Pequeno Porte II";"2,29332894648417e+01";"1,23551174532498e+01";"4. Efeito Substituição (Retração Local)"
"1504976";"NOVA IPIXUNA";"PA";"Pequeno Porte I";"3,50209965094663e+00";"6,40454272077062e+01";"1. Despertados (Efeito Indutor)"
"1505064";"NOVO REPARTIMENTO";"PA";"Médio Porte";"1,03565843702838e+01";"7,11998463190564e+01";"1. Despertados (Efeito Indutor)"
"1505106";"OBIDOS";"PA";"Médio Porte";"4,41514878378553e+01";"7,16151818946507e+01";"1. Despertados (Efeito Indutor)"
"1505205";"OEIRAS DO PARA";"PA";"Pequeno Porte II";"4,00910704406188e+01";"2,03672409119511e+01";"4. Efeito Substituição (Retração Local)"
"1505304";"ORIXIMINA";"PA";"Médio Porte";"1,45172466511223e+01";"2,35522739923951e+01";"1. Despertados (Efeito Indutor)"
"1505403";"OUREM";"PA";"Pequeno Porte I";"6,64717617546066e+01";"1,18293419024989e+02";"1. Despertados (Efeito Indutor)"
"1505437";"OURILANDIA DO NORTE";"PA";"Pequeno Porte II";"0,00000000000000e+00";"1,72143806088050e+01";"1. Despertados (Efeito Indutor)"
"1505486";"PACAJA";"PA";"Pequeno Porte II";"3,19180296690529e+01";"3,92889190777264e+01";"2. Constantes (Sustentabilidade)"
"1505494";"PALESTINA DO PARA";"PA";"Pequeno Porte I";"0,00000000000000e+00";"7,39718851696073e+00";"1. Despertados (Efeito Indutor)"
"1505502";"PARAGOMINAS";"PA";"Grande Porte";"5,06292464356631e+01";"6,57491259329469e+01";"2. Constantes (Sustentabilidade)"
"1505536";"PARAUAPEBAS";"PA";"Grande Porte";"6,66056923033135e+01";"8,12841733347456e+01";"2. Constantes (Sustentabilidade)"
"1505551";"PAU D'ARCO";"PA";"Pequeno Porte I";"0,00000000000000e+00";"5,59799448861820e+00";"1. Despertados (Efeito Indutor)"
"1505601";"PEIXE-BOI";"PA";"Pequeno Porte I";"2,07349650279466e+01";"6,53038789173392e+01";"1. Despertados (Efeito Indutor)"
"1505635";"PICARRA";"PA";"Pequeno Porte I";"6,31047825691611e+00";"3,63819007169576e+00";"2. Constantes (Sustentabilidade)"
"1505650";"PLACAS";"PA";"Pequeno Porte I";"2,33979777871950e+01";"5,99439745003668e+01";"1. Despertados (Efeito Indutor)"
"1505700";"PONTA DE PEDRAS";"PA";"Pequeno Porte II";"3,51793807314722e+01";"6,51044461817370e+01";"1. Despertados (Efeito Indutor)"
"1505809";"PORTEL";"PA";"Médio Porte";"9,04693817495864e+00";"4,33247293477269e-01";"4. Efeito Substituição (Retração Local)"
"1505908";"PORTO DE MOZ";"PA";"Pequeno Porte II";"2,75186716591420e+01";"7,27833127742499e+01";"1. Despertados (Efeito Indutor)"
"1506005";"PRAINHA";"PA";"Pequeno Porte II";"0,00000000000000e+00";"1,47935357511652e+01";"1. Despertados (Efeito Indutor)"
"1506104";"PRIMAVERA";"PA";"Pequeno Porte I";"8,38833713975879e+01";"1,88389264628923e+02";"1. Despertados (Efeito Indutor)"
"1506112";"QUATIPURU";"PA";"Pequeno Porte I";"3,46224269396343e+01";"1,22574613245934e+02";"1. Despertados (Efeito Indutor)"
"1506138";"REDENCAO";"PA";"Médio Porte";"1,61508176491278e+01";"1,55805317943386e+01";"2. Constantes (Sustentabilidade)"
"1506161";"RIO MARIA";"PA";"Pequeno Porte I";"3,24864155572468e+01";"2,53128294489847e+01";"2. Constantes (Sustentabilidade)"
"1506187";"RONDON DO PARA";"PA";"Médio Porte";"1,86930356999449e+01";"4,50055063334596e+01";"1. Despertados (Efeito Indutor)"
"1506195";"RUROPOLIS";"PA";"Pequeno Porte II";"0,00000000000000e+00";"1,05747852238836e+01";"1. Despertados (Efeito Indutor)"
"1506203";"SALINOPOLIS";"PA";"Pequeno Porte II";"7,05417569786504e-01";"1,94395289092725e+01";"1. Despertados (Efeito Indutor)"
"1506302";"SALVATERRA";"PA";"Pequeno Porte II";"1,31746595751062e+01";"4,60462866242563e+01";"1. Despertados (Efeito Indutor)"
"1506351";"SANTA BARBARA DO PARA";"PA";"Pequeno Porte II";"3,17047557153462e+01";"1,02218057464277e+02";"1. Despertados (Efeito Indutor)"
"1506401";"SANTA CRUZ DO ARARI";"PA";"Pequeno Porte I";"1,94831427522909e+02";"1,25018750839490e+01";"4. Efeito Substituição (Retração Local)"
"1506500";"SANTA IZABEL DO PARA";"PA";"Médio Porte";"1,60615350024996e+01";"6,20801279083145e+01";"1. Despertados (Efeito Indutor)"
"1506559";"SANTA LUZIA DO PARA";"PA";"Pequeno Porte II";"1,40031093089223e+01";"3,82306009765109e+01";"1. Despertados (Efeito Indutor)"
"1506583";"SANTA MARIA DAS BARREIRAS";"PA";"Pequeno Porte I";"5,73016783867428e+00";"2,84979175663202e+01";"1. Despertados (Efeito Indutor)"
"1506609";"SANTA MARIA DO PARA";"PA";"Pequeno Porte II";"4,09087719839828e+01";"7,52161081526489e+01";"1. Despertados (Efeito Indutor)"
"1506708";"SANTANA DO ARAGUAIA";"PA";"Pequeno Porte II";"2,48384129371312e+01";"1,63145444286652e+02";"1. Despertados (Efeito Indutor)"
"1506807";"SANTAREM";"PA";"Grande Porte";"0,00000000000000e+00";"2,85408887082522e+01";"1. Despertados (Efeito Indutor)"
"1506906";"SANTAREM NOVO";"PA";"Pequeno Porte I";"0,00000000000000e+00";"3,17155108974324e+01";"1. Despertados (Efeito Indutor)"
"1507003";"SANTO ANTONIO DO TAUA";"PA";"Pequeno Porte II";"3,07282945993314e+01";"8,42084175415960e+01";"1. Despertados (Efeito Indutor)"
"1507102";"SAO CAETANO DE ODIVELAS";"PA";"Pequeno Porte I";"4,32186486188446e+01";"1,03059365960254e+02";"1. Despertados (Efeito Indutor)"
"1507151";"SAO DOMINGOS DO ARAGUAIA";"PA";"Pequeno Porte II";"0,00000000000000e+00";"3,23884768222725e+01";"1. Despertados (Efeito Indutor)"
"1507201";"SAO DOMINGOS DO CAPIM";"PA";"Pequeno Porte II";"1,36978920671017e+01";"2,49355904965698e+01";"1. Despertados (Efeito Indutor)"
"1507300";"SAO FELIX DO XINGU";"PA";"Médio Porte";"3,98306667219264e+01";"3,06246475511987e+01";"2. Constantes (Sustentabilidade)"
"1507409";"SAO FRANCISCO DO PARA";"PA";"Pequeno Porte I";"4,59513123364265e+01";"8,35376150564011e+01";"1. Despertados (Efeito Indutor)"
"1507458";"SAO GERALDO DO ARAGUAIA";"PA";"Pequeno Porte II";"6,10798394613930e+00";"4,52161859468723e+01";"1. Despertados (Efeito Indutor)"
"1507466";"SAO JOAO DA PONTA";"PA";"Pequeno Porte I";"1,74981640657547e+00";"1,91370500612735e+01";"1. Despertados (Efeito Indutor)"
"1507474";"SAO JOAO DE PIRABAS";"PA";"Pequeno Porte II";"2,43314051001564e+01";"3,06449118054906e+01";"2. Constantes (Sustentabilidade)"
"1507508";"SAO JOAO DO ARAGUAIA";"PA";"Pequeno Porte I";"1,40444216648288e+01";"6,76802383806941e+01";"1. Despertados (Efeito Indutor)"
"1507607";"SAO MIGUEL DO GUAMA";"PA";"Médio Porte";"8,01147335996026e+00";"3,10124939635183e+01";"1. Despertados (Efeito Indutor)"
"1507706";"SAO SEBASTIAO DA BOA VISTA";"PA";"Pequeno Porte II";"2,50661851228503e+01";"5,29625576876116e+01";"1. Despertados (Efeito Indutor)"
"1507755";"SAPUCAIA";"PA";"Pequeno Porte I";"2,51893358887391e-02";"6,89664585861053e+01";"1. Despertados (Efeito Indutor)"
"1507805";"SENADOR JOSE PORFIRIO";"PA";"Pequeno Porte II";"2,04496700621991e+01";"6,56022762249904e+01";"1. Despertados (Efeito Indutor)"
"1507904";"SOURE";"PA";"Pequeno Porte II";"3,96075095574568e+01";"5,12382109469617e+01";"2. Constantes (Sustentabilidade)"
"1507953";"TAILANDIA";"PA";"Médio Porte";"3,26919202947622e+01";"2,84436112798255e+01";"2. Constantes (Sustentabilidade)"
"1507961";"TERRA ALTA";"PA";"Pequeno Porte I";"2,14199177880496e+01";"4,00038820823422e+01";"1. Despertados (Efeito Indutor)"
"1507979";"TERRA SANTA";"PA";"Pequeno Porte I";"6,79920915163010e+00";"5,27351261989241e+01";"1. Despertados (Efeito Indutor)"
"1508001";"TOME-ACU";"PA";"Médio Porte";"8,68052994271289e-01";"2,32804721159522e+01";"1. Despertados (Efeito Indutor)"
"1508035";"TRACUATEUA";"PA";"Pequeno Porte II";"1,40744578823484e+01";"2,89510396389587e+01";"1. Despertados (Efeito Indutor)"
"1508050";"TRAIRAO";"PA";"Pequeno Porte I";"0,00000000000000e+00";"3,11638892533788e-01";"2. Constantes (Sustentabilidade)"
"1508084";"TUCUMA";"PA";"Pequeno Porte II";"5,07795910063867e-01";"5,14310055728908e+01";"1. Despertados (Efeito Indutor)"
"1508100";"TUCURUI";"PA";"Médio Porte";"3,85200542821189e+00";"6,68540411107649e+01";"1. Despertados (Efeito Indutor)"
"1508126";"ULIANOPOLIS";"PA";"Pequeno Porte II";"2,55177719145994e+00";"9,01103599877795e+01";"1. Despertados (Efeito Indutor)"
"1508159";"URUARA";"PA";"Pequeno Porte II";"1,50379503460318e+01";"2,26295447234986e+01";"2. Constantes (Sustentabilidade)"
"1508209";"VIGIA";"PA";"Médio Porte";"4,32303945463304e+01";"1,31463281577159e+02";"1. Despertados (Efeito Indutor)"
"1508308";"VISEU";"PA";"Médio Porte";"2,21930581444074e+01";"2,57790195735596e+01";"2. Constantes (Sustentabilidade)"
"1508357";"VITORIA DO XINGU";"PA";"Pequeno Porte I";"3,82459091866260e+01";"2,10287260885908e+00";"4. Efeito Substituição (Retração Local)"
"1508407";"XINGUARA";"PA";"Médio Porte";"1,12449185129371e+01";"8,15108908867163e+00";"2. Constantes (Sustentabilidade)"
"1600055";"SERRA DO NAVIO";"AP";"Pequeno Porte I";"0,00000000000000e+00";"1,50771648478398e+02";"1. Despertados (Efeito Indutor)"
"1600105";"AMAPA";"AP";"Pequeno Porte I";"5,41510730339570e+00";"4,38264119350371e+01";"1. Despertados (Efeito Indutor)"
"1600204";"CALCOENE";"AP";"Pequeno Porte I";"0,00000000000000e+00";"1,61229268752356e+00";"2. Constantes (Sustentabilidade)"
"1600253";"ITAUBAL";"AP";"Pequeno Porte I";"3,02636471584746e+01";"1,64957993035818e+02";"1. Despertados (Efeito Indutor)"
"1600279";"LARANJAL DO JARI";"AP";"Pequeno Porte II";"2,63311349469204e-01";"1,54574217116741e+02";"1. Despertados (Efeito Indutor)"
"1600303";"MACAPA";"AP";"Grande Porte";"1,89511513305429e+01";"7,66091844172644e+01";"1. Despertados (Efeito Indutor)"
"1600402";"MAZAGAO";"AP";"Pequeno Porte II";"2,31061124421655e+01";"3,16425670055360e+01";"2. Constantes (Sustentabilidade)"
"1600501";"OIAPOQUE";"AP";"Pequeno Porte II";"1,82037651730947e+01";"7,67278317140586e+01";"1. Despertados (Efeito Indutor)"
"1600535";"PORTO GRANDE";"AP";"Pequeno Porte I";"1,33561203928340e+01";"1,84771827054100e+02";"1. Despertados (Efeito Indutor)"
"1600550";"PRACUUBA";"AP";"Pequeno Porte I";"0,00000000000000e+00";"1,35083683260174e+02";"1. Despertados (Efeito Indutor)"
"1600600";"SANTANA";"AP";"Grande Porte";"0,00000000000000e+00";"7,52794588130586e+01";"1. Despertados (Efeito Indutor)"
"1600709";"TARTARUGALZINHO";"AP";"Pequeno Porte I";"4,47272471205425e+01";"1,36530090458407e+02";"1. Despertados (Efeito Indutor)"
"1600808";"VITORIA DO JARI";"AP";"Pequeno Porte I";"1,84794816587560e+01";"1,43411595020729e+02";"1. Despertados (Efeito Indutor)"
"1700251";"ABREULANDIA";"TO";"Pequeno Porte I";"0,00000000000000e+00";"6,06837873842418e+01";"1. Despertados (Efeito Indutor)"
"1700301";"AGUIARNOPOLIS";"TO";"Pequeno Porte I";"1,54719006294769e+01";"2,40337897713617e+01";"1. Despertados (Efeito Indutor)"
"1700350";"ALIANCA DO TOCANTINS";"TO";"Pequeno Porte I";"0,00000000000000e+00";"5,04090938080026e+01";"1. Despertados (Efeito Indutor)"
"1700400";"ALMAS";"TO";"Pequeno Porte I";"1,82379888746252e+01";"6,41666710210373e+01";"1. Despertados (Efeito Indutor)"
"1701002";"ANANAS";"TO";"Pequeno Porte I";"0,00000000000000e+00";"1,51534628252343e+02";"1. Despertados (Efeito Indutor)"
"1701101";"APARECIDA DO RIO NEGRO";"TO";"Pequeno Porte I";"0,00000000000000e+00";"5,04279920603792e+00";"1. Despertados (Efeito Indutor)"
"1701309";"ARAGOMINAS";"TO";"Pequeno Porte I";"6,10561332792167e-01";"0,00000000000000e+00";"2. Constantes (Sustentabilidade)"
"1701903";"ARAGUACEMA";"TO";"Pequeno Porte I";"6,11438536879687e+00";"6,18854546364465e+01";"1. Despertados (Efeito Indutor)"
"1702000";"ARAGUACU";"TO";"Pequeno Porte I";"3,65360862465624e-01";"1,26269395066640e+02";"1. Despertados (Efeito Indutor)"
"1702109";"ARAGUAINA";"TO";"Grande Porte";"3,32050370403757e+01";"2,95341595093043e+01";"2. Constantes (Sustentabilidade)"
"1702208";"ARAGUATINS";"TO";"Pequeno Porte II";"1,24705868662883e+00";"7,75108100399343e+01";"1. Despertados (Efeito Indutor)"
"1702307";"ARAPOEMA";"TO";"Pequeno Porte I";"0,00000000000000e+00";"2,80473431313899e+01";"1. Despertados (Efeito Indutor)"
"1702406";"ARRAIAS";"TO";"Pequeno Porte I";"1,19524261910197e+02";"1,25269024133156e+02";"2. Constantes (Sustentabilidade)"
"1702554";"AUGUSTINOPOLIS";"TO";"Pequeno Porte I";"8,90286062718141e+00";"6,10088266328115e+01";"1. Despertados (Efeito Indutor)"
"1702901";"AXIXA DO TOCANTINS";"TO";"Pequeno Porte I";"3,93957833995274e+00";"1,56180340103394e+02";"1. Despertados (Efeito Indutor)"
"1703008";"BABACULANDIA";"TO";"Pequeno Porte I";"1,17369766892911e+01";"6,02615003131575e+01";"1. Despertados (Efeito Indutor)"
"1703057";"BANDEIRANTES DO TOCANTINS";"TO";"Pequeno Porte I";"0,00000000000000e+00";"5,87026709715292e+01";"1. Despertados (Efeito Indutor)"
"1703073";"BARRA DO OURO";"TO";"Pequeno Porte I";"3,63962125314152e+00";"2,86711676037183e+00";"2. Constantes (Sustentabilidade)"
"1703107";"BARROLANDIA";"TO";"Pequeno Porte I";"1,68033165023165e+01";"2,42793107183036e+00";"4. Efeito Substituição (Retração Local)"
"1703206";"BERNARDO SAYAO";"TO";"Pequeno Porte I";"2,05275105211582e+01";"1,19024265802092e-01";"4. Efeito Substituição (Retração Local)"
"1703800";"BURITI DO TOCANTINS";"TO";"Pequeno Porte I";"8,74551754237580e+00";"3,13857233804808e+01";"1. Despertados (Efeito Indutor)"
"1703842";"CAMPOS LINDOS";"TO";"Pequeno Porte I";"0,00000000000000e+00";"3,53056743326014e+01";"1. Despertados (Efeito Indutor)"
"1703909";"CASEARA";"TO";"Pequeno Porte I";"0,00000000000000e+00";"7,62462244687435e+00";"1. Despertados (Efeito Indutor)"
"1704105";"CENTENARIO";"TO";"Pequeno Porte I";"0,00000000000000e+00";"3,60517679511339e+01";"1. Despertados (Efeito Indutor)"
"1704600";"CHAPADA DE AREIA";"TO";"Pequeno Porte I";"0,00000000000000e+00";"4,16234051852630e+01";"1. Despertados (Efeito Indutor)"
"1705508";"COLINAS DO TOCANTINS";"TO";"Pequeno Porte II";"2,41534945614017e-01";"1,28680444717070e+01";"1. Despertados (Efeito Indutor)"
"1705557";"COMBINADO";"TO";"Pequeno Porte I";"1,31314865412695e+01";"9,89313390238623e-01";"4. Efeito Substituição (Retração Local)"
"1706001";"COUTO MAGALHAES";"TO";"Pequeno Porte I";"8,76498476001192e+00";"1,72376576617267e+02";"1. Despertados (Efeito Indutor)"
"1706100";"CRISTALANDIA";"TO";"Pequeno Porte I";"0,00000000000000e+00";"8,28642855575717e+01";"1. Despertados (Efeito Indutor)"
"1706258";"CRIXAS DO TOCANTINS";"TO";"Pequeno Porte I";"0,00000000000000e+00";"1,32573137820690e+00";"2. Constantes (Sustentabilidade)"
"1706506";"DARCINOPOLIS";"TO";"Pequeno Porte I";"4,58284718534810e+00";"5,96616783936846e+00";"2. Constantes (Sustentabilidade)"
"1707009";"DIANOPOLIS";"TO";"Pequeno Porte I";"1,16171283089725e+02";"1,36800711804516e+02";"2. Constantes (Sustentabilidade)"
"1707306";"DUERE";"TO";"Pequeno Porte I";"1,42299258606648e+01";"6,03886390413895e-01";"4. Efeito Substituição (Retração Local)"
"1707405";"ESPERANTINA";"TO";"Pequeno Porte I";"2,25337173855806e+01";"7,02538457051629e+01";"1. Despertados (Efeito Indutor)"
"1707652";"FIGUEIROPOLIS";"TO";"Pequeno Porte I";"0,00000000000000e+00";"7,39674047161354e+01";"1. Despertados (Efeito Indutor)"
"1707702";"FILADELFIA";"TO";"Pequeno Porte I";"4,05694386290579e+01";"5,04128187344147e+01";"2. Constantes (Sustentabilidade)"
"1708205";"FORMOSO DO ARAGUAIA";"TO";"Pequeno Porte I";"0,00000000000000e+00";"6,32277945625618e+00";"1. Despertados (Efeito Indutor)"
"1708254";"TABOCAO";"TO";"Pequeno Porte I";"0,00000000000000e+00";"1,43704269196320e+02";"1. Despertados (Efeito Indutor)"
"1709005";"GOIATINS";"TO";"Pequeno Porte I";"1,04986234951108e+01";"8,68325794346398e+00";"2. Constantes (Sustentabilidade)"
"1709302";"GUARAI";"TO";"Pequeno Porte II";"1,61552138164404e+01";"2,51403149264240e+01";"1. Despertados (Efeito Indutor)"
"1709500";"GURUPI";"TO";"Médio Porte";"4,54641837507833e+01";"8,67560351654476e+01";"1. Despertados (Efeito Indutor)"
"1709807";"IPUEIRAS";"TO";"Pequeno Porte I";"1,00510205860972e+01";"6,24165587399900e+01";"1. Despertados (Efeito Indutor)"
"1710508";"ITACAJA";"TO";"Pequeno Porte I";"5,56363414431493e+00";"3,79582425815101e+01";"1. Despertados (Efeito Indutor)"
"1710706";"ITAGUATINS";"TO";"Pequeno Porte I";"4,46691194796633e+00";"2,42498936581593e+01";"1. Despertados (Efeito Indutor)"
"1711100";"ITAPORA DO TOCANTINS";"TO";"Pequeno Porte I";"0,00000000000000e+00";"1,76344217970050e+00";"2. Constantes (Sustentabilidade)"
"1711803";"JUARINA";"TO";"Pequeno Porte I";"0,00000000000000e+00";"6,68747213553277e-01";"2. Constantes (Sustentabilidade)"
"1711902";"LAGOA DA CONFUSAO";"TO";"Pequeno Porte I";"3,44612535107609e+00";"1,75713430052283e+02";"1. Despertados (Efeito Indutor)"
"1712702";"MATEIROS";"TO";"Pequeno Porte I";"2,89945427582854e+00";"1,93665393013100e+02";"1. Despertados (Efeito Indutor)"
"1713205";"MIRACEMA DO TOCANTINS";"TO";"Pequeno Porte I";"2,92435859383589e+01";"1,50413773177799e+02";"1. Despertados (Efeito Indutor)"
"1713304";"MIRANORTE";"TO";"Pequeno Porte I";"2,39844037784268e+01";"3,38470559531823e+01";"1. Despertados (Efeito Indutor)"
"1714302";"NAZARE";"TO";"Pequeno Porte I";"4,28648898536239e-01";"1,97989564393757e+02";"1. Despertados (Efeito Indutor)"
"1714880";"NOVA OLINDA";"TO";"Pequeno Porte I";"3,44152357132675e+00";"1,16023611707035e+00";"2. Constantes (Sustentabilidade)"
"1715002";"NOVA ROSALANDIA";"TO";"Pequeno Porte I";"2,48902040291112e+01";"1,11122176329303e+02";"1. Despertados (Efeito Indutor)"
"1715705";"PALMEIRANTE";"TO";"Pequeno Porte I";"0,00000000000000e+00";"1,23589308045019e+02";"1. Despertados (Efeito Indutor)"
"1715754";"PALMEIROPOLIS";"TO";"Pequeno Porte I";"1,60051492097899e+00";"1,45309478114303e+02";"1. Despertados (Efeito Indutor)"
"1716109";"PARAISO DO TOCANTINS";"TO";"Médio Porte";"3,32379161133184e+01";"2,96470277702444e+01";"2. Constantes (Sustentabilidade)"
"1716208";"PARANA";"TO";"Pequeno Porte I";"0,00000000000000e+00";"1,19018110889774e+02";"1. Despertados (Efeito Indutor)"
"1716307";"PAU D'ARCO";"TO";"Pequeno Porte I";"0,00000000000000e+00";"1,16879035939545e+00";"2. Constantes (Sustentabilidade)"
"1716604";"PEIXE";"TO";"Pequeno Porte I";"7,24629909015423e+01";"1,48923581478453e+02";"1. Despertados (Efeito Indutor)"
"1716703";"COLMEIA";"TO";"Pequeno Porte I";"0,00000000000000e+00";"8,04248187535330e+01";"1. Despertados (Efeito Indutor)"
"1717206";"PIRAQUE";"TO";"Pequeno Porte I";"2,83073571469813e+00";"6,13496932515337e-02";"2. Constantes (Sustentabilidade)"
"1717503";"PIUM";"TO";"Pequeno Porte I";"5,31897094224724e+01";"1,45748475006692e+02";"1. Despertados (Efeito Indutor)"
"1717909";"PONTE ALTA DO TOCANTINS";"TO";"Pequeno Porte I";"1,12274349462808e+01";"5,48373566349823e-01";"4. Efeito Substituição (Retração Local)"
"1718006";"PORTO ALEGRE DO TOCANTINS";"TO";"Pequeno Porte I";"0,00000000000000e+00";"1,77112286594657e+01";"1. Despertados (Efeito Indutor)"
"1718204";"PORTO NACIONAL";"TO";"Médio Porte";"2,53113201432634e+01";"4,95393418857653e+01";"1. Despertados (Efeito Indutor)"
"1718303";"PRAIA NORTE";"TO";"Pequeno Porte I";"2,52907634756716e+01";"8,92619864744002e+01";"1. Despertados (Efeito Indutor)"
"1718808";"SAMPAIO";"TO";"Pequeno Porte I";"1,13878683445104e+01";"1,28748768011876e+02";"1. Despertados (Efeito Indutor)"
"1718840";"SANDOLANDIA";"TO";"Pequeno Porte I";"0,00000000000000e+00";"2,47787888916361e+01";"1. Despertados (Efeito Indutor)"
"1718865";"SANTA FE DO ARAGUAIA";"TO";"Pequeno Porte I";"0,00000000000000e+00";"2,97518007765498e-01";"2. Constantes (Sustentabilidade)"
"1720101";"SAO BENTO DO TOCANTINS";"TO";"Pequeno Porte I";"0,00000000000000e+00";"1,90155194069035e+02";"1. Despertados (Efeito Indutor)"
"1720200";"SAO MIGUEL DO TOCANTINS";"TO";"Pequeno Porte I";"9,69771266246239e+01";"1,28757731881337e+02";"1. Despertados (Efeito Indutor)"
"1720259";"SAO SALVADOR DO TOCANTINS";"TO";"Pequeno Porte I";"5,38019058599894e+00";"4,23368392910255e+01";"1. Despertados (Efeito Indutor)"
"1720309";"SAO SEBASTIAO DO TOCANTINS";"TO";"Pequeno Porte I";"1,06807213643449e+02";"7,67589143113629e+01";"4. Efeito Substituição (Retração Local)"
"1720499";"SAO VALERIO";"TO";"Pequeno Porte I";"2,22667901108266e+01";"3,69647045688574e+01";"1. Despertados (Efeito Indutor)"
"1720804";"SITIO NOVO DO TOCANTINS";"TO";"Pequeno Porte I";"1,96666673298427e+01";"1,93790686687931e+02";"1. Despertados (Efeito Indutor)"
"1720937";"TAIPAS DO TOCANTINS";"TO";"Pequeno Porte I";"2,83448612437140e+00";"1,89027239044549e+01";"1. Despertados (Efeito Indutor)"
"1720978";"TALISMA";"TO";"Pequeno Porte I";"0,00000000000000e+00";"4,07950819385811e-01";"2. Constantes (Sustentabilidade)"
"1721000";"PALMAS";"TO";"Grande Porte";"5,32232478438413e+01";"8,60446807171270e+01";"1. Despertados (Efeito Indutor)"
"1721109";"TOCANTINIA";"TO";"Pequeno Porte I";"3,05204519681618e+00";"1,37703706106553e+00";"2. Constantes (Sustentabilidade)"
"1721208";"TOCANTINOPOLIS";"TO";"Pequeno Porte II";"1,67568083590724e+01";"2,63356317981526e+01";"1. Despertados (Efeito Indutor)"
"1721307";"TUPIRATINS";"TO";"Pequeno Porte I";"1,17502650608119e+01";"3,11596595832685e+01";"1. Despertados (Efeito Indutor)"
"1722081";"WANDERLANDIA";"TO";"Pequeno Porte I";"1,52468206755227e+01";"8,38643257658881e+01";"1. Despertados (Efeito Indutor)"
"1722107";"XAMBIOA";"TO";"Pequeno Porte I";"3,71070447958654e+00";"4,62992319015789e+01";"1. Despertados (Efeito Indutor)"
"2100055";"ACAILANDIA";"MA";"Grande Porte";"2,47861474183155e+01";"2,36638647172891e+01";"2. Constantes (Sustentabilidade)"
"2100154";"AGUA DOCE DO MARANHAO";"MA";"Pequeno Porte I";"2,55367704863428e+01";"3,81558976012297e+01";"1. Despertados (Efeito Indutor)"
"2100204";"ALCANTARA";"MA";"Pequeno Porte I";"0,00000000000000e+00";"8,34789122822411e+01";"1. Despertados (Efeito Indutor)"
"2100303";"ALDEIAS ALTAS";"MA";"Pequeno Porte II";"1,67742464037926e+01";"8,04721152897222e+01";"1. Despertados (Efeito Indutor)"
"2100402";"ALTAMIRA DO MARANHAO";"MA";"Pequeno Porte I";"2,68192427749591e+01";"1,67339626746544e+02";"1. Despertados (Efeito Indutor)"
"2100436";"ALTO ALEGRE DO MARANHAO";"MA";"Pequeno Porte II";"1,09889033861915e+01";"3,29697170680772e+01";"1. Despertados (Efeito Indutor)"
"2100477";"ALTO ALEGRE DO PINDARE";"MA";"Pequeno Porte II";"2,38650659263789e+01";"1,70676514699057e+02";"1. Despertados (Efeito Indutor)"
"2100550";"AMAPA DO MARANHAO";"MA";"Pequeno Porte I";"2,90906277992006e+01";"2,22935767085077e+01";"2. Constantes (Sustentabilidade)"
"2100600";"AMARANTE DO MARANHAO";"MA";"Pequeno Porte II";"3,87060322684471e+01";"4,06547711579947e+00";"4. Efeito Substituição (Retração Local)"
"2100709";"ANAJATUBA";"MA";"Pequeno Porte II";"5,99493974299488e+00";"2,14882532561387e+01";"1. Despertados (Efeito Indutor)"
"2100808";"ANAPURUS";"MA";"Pequeno Porte I";"6,51921739296023e+00";"0,00000000000000e+00";"4. Efeito Substituição (Retração Local)"
"2100832";"APICUM-ACU";"MA";"Pequeno Porte I";"2,64451268238774e+01";"1,67423451834479e+01";"2. Constantes (Sustentabilidade)"
"2100873";"ARAGUANA";"MA";"Pequeno Porte I";"0,00000000000000e+00";"3,72897365652087e+01";"1. Despertados (Efeito Indutor)"
"2100907";"ARAIOSES";"MA";"Pequeno Porte II";"0,00000000000000e+00";"5,97877616375133e+01";"1. Despertados (Efeito Indutor)"
"2100956";"ARAME";"MA";"Pequeno Porte II";"2,88000987008151e+01";"3,34977378625564e+01";"2. Constantes (Sustentabilidade)"
"2101004";"ARARI";"MA";"Pequeno Porte II";"1,47501781518106e+01";"6,32984341692955e+01";"1. Despertados (Efeito Indutor)"
"2101103";"AXIXA";"MA";"Pequeno Porte I";"2,35684653163486e+01";"4,42807733721396e+01";"1. Despertados (Efeito Indutor)"
"2101202";"BACABAL";"MA";"Grande Porte";"3,25313856222588e+01";"3,16882648366123e+01";"2. Constantes (Sustentabilidade)"
"2101251";"BACABEIRA";"MA";"Pequeno Porte I";"4,14236966992287e+01";"6,12026394069380e+01";"1. Despertados (Efeito Indutor)"
"2101301";"BACURI";"MA";"Pequeno Porte I";"1,55208213985780e+01";"1,18635392879067e+01";"2. Constantes (Sustentabilidade)"
"2101350";"BACURITUBA";"MA";"Pequeno Porte I";"6,44633285179324e+01";"3,50295125666413e+01";"4. Efeito Substituição (Retração Local)"
"2101400";"BALSAS";"MA";"Grande Porte";"3,81122613441921e+01";"6,91044375496086e+01";"1. Despertados (Efeito Indutor)"
"2101509";"BARAO DE GRAJAU";"MA";"Pequeno Porte I";"1,19449895753216e+01";"8,88544518284281e+01";"1. Despertados (Efeito Indutor)"
"2101608";"BARRA DO CORDA";"MA";"Médio Porte";"3,55453443595885e+01";"5,20926192084468e+01";"1. Despertados (Efeito Indutor)"
"2101707";"BARREIRINHAS";"MA";"Médio Porte";"1,66262760914540e+01";"4,00577744804219e+01";"1. Despertados (Efeito Indutor)"
"2101731";"BELAGUA";"MA";"Pequeno Porte I";"8,32544893678613e+00";"1,26915501066358e+02";"1. Despertados (Efeito Indutor)"
"2101772";"BELA VISTA DO MARANHAO";"MA";"Pequeno Porte I";"1,63562403196372e+01";"6,73015886482814e+01";"1. Despertados (Efeito Indutor)"
"2101806";"BENEDITO LEITE";"MA";"Pequeno Porte I";"4,68458044524092e+01";"1,04761324281878e+02";"1. Despertados (Efeito Indutor)"
"2101905";"BEQUIMAO";"MA";"Pequeno Porte I";"0,00000000000000e+00";"1,72622478908257e+01";"1. Despertados (Efeito Indutor)"
"2101970";"BOA VISTA DO GURUPI";"MA";"Pequeno Porte I";"5,62903046556792e+00";"0,00000000000000e+00";"2. Constantes (Sustentabilidade)"
"2102002";"BOM JARDIM";"MA";"Pequeno Porte II";"1,92828085149966e+01";"5,66861602644270e+01";"1. Despertados (Efeito Indutor)"
"2102036";"BOM JESUS DAS SELVAS";"MA";"Pequeno Porte II";"2,12911404029844e+01";"2,08298668549689e+01";"2. Constantes (Sustentabilidade)"
"2102077";"BOM LUGAR";"MA";"Pequeno Porte I";"0,00000000000000e+00";"9,79649710992049e+01";"1. Despertados (Efeito Indutor)"
"2102101";"BREJO";"MA";"Pequeno Porte II";"2,32521641416815e+01";"5,47036802630876e+01";"1. Despertados (Efeito Indutor)"
"2102150";"BREJO DE AREIA";"MA";"Pequeno Porte I";"1,55964362095189e+01";"4,56148719275955e+01";"1. Despertados (Efeito Indutor)"
"2102200";"BURITI";"MA";"Pequeno Porte II";"2,67826497963661e+00";"7,29301240665096e+00";"2. Constantes (Sustentabilidade)"
"2102309";"BURITI BRAVO";"MA";"Pequeno Porte II";"2,70198718210186e+01";"9,37396750689255e+01";"1. Despertados (Efeito Indutor)"
"2102325";"BURITICUPU";"MA";"Médio Porte";"9,40589243801745e+00";"5,48666077690702e+01";"1. Despertados (Efeito Indutor)"
"2102358";"BURITIRANA";"MA";"Pequeno Porte I";"9,70110766676747e+00";"2,49189615943710e+01";"1. Despertados (Efeito Indutor)"
"2102374";"CACHOEIRA GRANDE";"MA";"Pequeno Porte I";"2,12359787764251e+01";"1,29212131429504e+01";"2. Constantes (Sustentabilidade)"
"2102408";"CAJAPIO";"MA";"Pequeno Porte I";"0,00000000000000e+00";"1,28463312187124e+02";"1. Despertados (Efeito Indutor)"
"2102507";"CAJARI";"MA";"Pequeno Porte I";"3,33919537522839e+01";"3,41117165388517e+01";"2. Constantes (Sustentabilidade)"
"2102556";"CAMPESTRE DO MARANHAO";"MA";"Pequeno Porte I";"0,00000000000000e+00";"1,16560067165080e+02";"1. Despertados (Efeito Indutor)"
"2102606";"CANDIDO MENDES";"MA";"Pequeno Porte I";"5,08307429611383e+00";"1,35147180359587e+02";"1. Despertados (Efeito Indutor)"
"2102705";"CANTANHEDE";"MA";"Pequeno Porte II";"1,52916407542619e+01";"6,34732774138604e+01";"1. Despertados (Efeito Indutor)"
"2102754";"CAPINZAL DO NORTE";"MA";"Pequeno Porte I";"6,16884051294552e+00";"3,27567506360846e+01";"1. Despertados (Efeito Indutor)"
"2102804";"CAROLINA";"MA";"Pequeno Porte II";"3,62365284657348e+01";"1,02105854764877e+02";"1. Despertados (Efeito Indutor)"
"2102903";"CARUTAPERA";"MA";"Pequeno Porte II";"0,00000000000000e+00";"6,14369798983196e+01";"1. Despertados (Efeito Indutor)"
"2103000";"CAXIAS";"MA";"Grande Porte";"9,94659429807426e+00";"2,99795221671302e+01";"1. Despertados (Efeito Indutor)"
"2103109";"CEDRAL";"MA";"Pequeno Porte I";"3,38440199745428e+00";"1,09762512924845e+01";"1. Despertados (Efeito Indutor)"
"2103125";"CENTRAL DO MARANHAO";"MA";"Pequeno Porte I";"0,00000000000000e+00";"1,49002784239621e+02";"1. Despertados (Efeito Indutor)"
"2103158";"CENTRO DO GUILHERME";"MA";"Pequeno Porte I";"3,47072056939659e+01";"9,65413014056936e+01";"1. Despertados (Efeito Indutor)"
"2103174";"CENTRO NOVO DO MARANHAO";"MA";"Pequeno Porte I";"3,66834113520072e+01";"9,12977304066187e+01";"1. Despertados (Efeito Indutor)"
"2103208";"CHAPADINHA";"MA";"Médio Porte";"9,01075048046564e+00";"4,42585222284263e+01";"1. Despertados (Efeito Indutor)"
"2103257";"CIDELANDIA";"MA";"Pequeno Porte I";"0,00000000000000e+00";"1,04438157278085e+02";"1. Despertados (Efeito Indutor)"
"2103307";"CODO";"MA";"Grande Porte";"4,18307310146264e+00";"4,48971039835994e+01";"1. Despertados (Efeito Indutor)"
"2103406";"COELHO NETO";"MA";"Pequeno Porte II";"1,56261397247060e+01";"8,77123054344544e+01";"1. Despertados (Efeito Indutor)"
"2103505";"COLINAS";"MA";"Pequeno Porte II";"3,05041150751368e+01";"6,49219751093798e+01";"1. Despertados (Efeito Indutor)"
"2103554";"CONCEICAO DO LAGO-ACU";"MA";"Pequeno Porte I";"3,79744467500029e+01";"3,61858986404058e+01";"2. Constantes (Sustentabilidade)"
"2103604";"COROATA";"MA";"Médio Porte";"1,50088128196026e+01";"1,47816268707181e+01";"2. Constantes (Sustentabilidade)"
"2103703";"CURURUPU";"MA";"Pequeno Porte II";"0,00000000000000e+00";"7,25393247353836e+01";"1. Despertados (Efeito Indutor)"
"2103752";"DAVINOPOLIS";"MA";"Pequeno Porte I";"3,24922292508696e+01";"8,65810160845285e+01";"1. Despertados (Efeito Indutor)"
"2103802";"DOM PEDRO";"MA";"Pequeno Porte II";"1,72428093060372e+01";"3,31990275038134e+01";"1. Despertados (Efeito Indutor)"
"2103901";"DUQUE BACELAR";"MA";"Pequeno Porte I";"7,61418896178622e+00";"2,40878156040910e+01";"1. Despertados (Efeito Indutor)"
"2104008";"ESPERANTINOPOLIS";"MA";"Pequeno Porte I";"8,66849899768525e+00";"2,94981200279736e+01";"1. Despertados (Efeito Indutor)"
"2104057";"ESTREITO";"MA";"Pequeno Porte II";"3,80756723366443e+01";"1,23765386688579e+02";"1. Despertados (Efeito Indutor)"
"2104073";"FEIRA NOVA DO MARANHAO";"MA";"Pequeno Porte I";"1,78062494115064e+01";"3,56947227083909e+01";"1. Despertados (Efeito Indutor)"
"2104081";"FERNANDO FALCAO";"MA";"Pequeno Porte I";"3,15590297450559e+01";"2,81873479287184e+01";"2. Constantes (Sustentabilidade)"
"2104099";"FORMOSA DA SERRA NEGRA";"MA";"Pequeno Porte I";"0,00000000000000e+00";"2,02226163042737e+01";"1. Despertados (Efeito Indutor)"
"2104107";"FORTALEZA DOS NOGUEIRAS";"MA";"Pequeno Porte I";"5,34797265880127e+01";"3,51878909106826e+01";"4. Efeito Substituição (Retração Local)"
"2104206";"FORTUNA";"MA";"Pequeno Porte I";"5,36535806451872e+00";"9,93175009678943e+01";"1. Despertados (Efeito Indutor)"
"2104305";"GODOFREDO VIANA";"MA";"Pequeno Porte I";"1,60931495532848e+02";"8,35002174084220e+01";"4. Efeito Substituição (Retração Local)"
"2104404";"GONCALVES DIAS";"MA";"Pequeno Porte I";"3,33903100358213e+01";"5,39440627302509e+01";"1. Despertados (Efeito Indutor)"
"2104503";"GOVERNADOR ARCHER";"MA";"Pequeno Porte I";"4,09079018962556e+01";"3,12963262874491e+01";"2. Constantes (Sustentabilidade)"
"2104552";"GOVERNADOR EDISON LOBAO";"MA";"Pequeno Porte I";"1,52680144542824e+01";"6,68522959223518e+00";"4. Efeito Substituição (Retração Local)"
"2104602";"GOVERNADOR EUGENIO BARROS";"MA";"Pequeno Porte I";"2,92792984651789e+01";"1,35283751818941e+01";"4. Efeito Substituição (Retração Local)"
"2104628";"GOVERNADOR LUIZ ROCHA";"MA";"Pequeno Porte I";"0,00000000000000e+00";"4,72798559453380e+01";"1. Despertados (Efeito Indutor)"
"2104651";"GOVERNADOR NEWTON BELLO";"MA";"Pequeno Porte I";"0,00000000000000e+00";"1,23133325117507e+02";"1. Despertados (Efeito Indutor)"
"2104677";"GOVERNADOR NUNES FREIRE";"MA";"Pequeno Porte II";"1,98886434209680e+01";"6,50077520311634e+01";"1. Despertados (Efeito Indutor)"
"2104701";"GRACA ARANHA";"MA";"Pequeno Porte I";"1,39179863386208e+00";"1,27585840727845e+01";"1. Despertados (Efeito Indutor)"
"2104800";"GRAJAU";"MA";"Médio Porte";"2,92919287937075e+00";"8,78647195371655e+01";"1. Despertados (Efeito Indutor)"
"2104909";"GUIMARAES";"MA";"Pequeno Porte I";"3,90284994576569e+01";"7,54483806196070e+01";"1. Despertados (Efeito Indutor)"
"2105005";"HUMBERTO DE CAMPOS";"MA";"Pequeno Porte II";"3,59006026558963e+01";"7,39941461922317e+01";"1. Despertados (Efeito Indutor)"
"2105104";"ICATU";"MA";"Pequeno Porte II";"0,00000000000000e+00";"9,08443172727867e+00";"1. Despertados (Efeito Indutor)"
"2105153";"IGARAPE DO MEIO";"MA";"Pequeno Porte I";"5,30652323590559e+01";"1,32997609075993e+02";"1. Despertados (Efeito Indutor)"
"2105203";"IGARAPE GRANDE";"MA";"Pequeno Porte I";"8,02255765741346e+01";"5,34677527763771e+01";"4. Efeito Substituição (Retração Local)"
"2105302";"IMPERATRIZ";"MA";"Grande Porte";"1,51035047150902e+01";"1,16928231928840e+01";"2. Constantes (Sustentabilidade)"
"2105351";"ITAIPAVA DO GRAJAU";"MA";"Pequeno Porte I";"4,35980989403408e+00";"3,13448652647916e+01";"1. Despertados (Efeito Indutor)"
"2105401";"ITAPECURU MIRIM";"MA";"Médio Porte";"8,26870242229012e+00";"4,18590584881768e+01";"1. Despertados (Efeito Indutor)"
"2105427";"ITINGA DO MARANHAO";"MA";"Pequeno Porte II";"7,52161117098817e+00";"3,21226527853136e+01";"1. Despertados (Efeito Indutor)"
"2105450";"JATOBA";"MA";"Pequeno Porte I";"2,91579696239964e+01";"1,17368359086437e+02";"1. Despertados (Efeito Indutor)"
"2105476";"JENIPAPO DOS VIEIRAS";"MA";"Pequeno Porte I";"7,61126415360362e+00";"7,73517527198991e+00";"2. Constantes (Sustentabilidade)"
"2105500";"JOAO LISBOA";"MA";"Pequeno Porte II";"9,97757639541940e+00";"3,75246471150270e+01";"1. Despertados (Efeito Indutor)"
"2105609";"JOSELANDIA";"MA";"Pequeno Porte I";"4,31110958545789e+00";"2,71752824412680e+01";"1. Despertados (Efeito Indutor)"
"2105658";"JUNCO DO MARANHAO";"MA";"Pequeno Porte I";"2,03184270886928e+01";"3,44445699987539e+01";"1. Despertados (Efeito Indutor)"
"2105708";"LAGO DA PEDRA";"MA";"Pequeno Porte II";"2,92348349466892e+01";"2,95178897725858e+01";"2. Constantes (Sustentabilidade)"
"2105807";"LAGO DO JUNCO";"MA";"Pequeno Porte I";"2,08721394230446e+01";"8,30473412384758e+01";"1. Despertados (Efeito Indutor)"
"2105906";"LAGO VERDE";"MA";"Pequeno Porte I";"6,60363856228649e+00";"1,28243981655436e+02";"1. Despertados (Efeito Indutor)"
"2105922";"LAGOA DO MATO";"MA";"Pequeno Porte I";"2,19380517513493e+01";"1,56792380340752e+01";"2. Constantes (Sustentabilidade)"
"2105948";"LAGO DOS RODRIGUES";"MA";"Pequeno Porte I";"1,63418560275464e+01";"6,59760838920095e+01";"1. Despertados (Efeito Indutor)"
"2105963";"LAGOA GRANDE DO MARANHAO";"MA";"Pequeno Porte I";"7,13282886266393e+00";"0,00000000000000e+00";"4. Efeito Substituição (Retração Local)"
"2105989";"LAJEADO NOVO";"MA";"Pequeno Porte I";"0,00000000000000e+00";"7,30177076460788e+00";"1. Despertados (Efeito Indutor)"
"2106003";"LIMA CAMPOS";"MA";"Pequeno Porte I";"6,44704471632566e+01";"1,53085583260752e+02";"1. Despertados (Efeito Indutor)"
"2106102";"LORETO";"MA";"Pequeno Porte I";"2,72121166228729e+01";"1,35271658225625e+02";"1. Despertados (Efeito Indutor)"
"2106201";"LUIS DOMINGUES";"MA";"Pequeno Porte I";"1,35869210099267e+01";"6,99790751756340e+00";"2. Constantes (Sustentabilidade)"
"2106300";"MAGALHAES DE ALMEIDA";"MA";"Pequeno Porte I";"1,55308180123586e+01";"5,52046971784435e+01";"1. Despertados (Efeito Indutor)"
"2106326";"MARACACUME";"MA";"Pequeno Porte II";"0,00000000000000e+00";"9,43425867199055e+00";"1. Despertados (Efeito Indutor)"
"2106359";"MARAJA DO SENA";"MA";"Pequeno Porte I";"0,00000000000000e+00";"7,01657219416703e+01";"1. Despertados (Efeito Indutor)"
"2106409";"MATA ROMA";"MA";"Pequeno Porte I";"3,91884123748776e+01";"8,88165123116759e+01";"1. Despertados (Efeito Indutor)"
"2106508";"MATINHA";"MA";"Pequeno Porte II";"4,81339326287218e+01";"2,55005676726319e+01";"4. Efeito Substituição (Retração Local)"
"2106607";"MATOES";"MA";"Pequeno Porte II";"1,52396359599674e+01";"5,55553650601938e+01";"1. Despertados (Efeito Indutor)"
"2106631";"MATOES DO NORTE";"MA";"Pequeno Porte I";"0,00000000000000e+00";"4,48039713935553e+01";"1. Despertados (Efeito Indutor)"
"2106672";"MILAGRES DO MARANHAO";"MA";"Pequeno Porte I";"0,00000000000000e+00";"5,11516811530049e+00";"1. Despertados (Efeito Indutor)"
"2106706";"MIRADOR";"MA";"Pequeno Porte II";"7,21844337480344e+00";"3,81618540180694e+01";"1. Despertados (Efeito Indutor)"
"2106755";"MIRANDA DO NORTE";"MA";"Pequeno Porte II";"1,27002007413724e+01";"1,38025127905880e+02";"1. Despertados (Efeito Indutor)"
"2106805";"MIRINZAL";"MA";"Pequeno Porte I";"0,00000000000000e+00";"7,46540972777286e+01";"1. Despertados (Efeito Indutor)"
"2106904";"MONCAO";"MA";"Pequeno Porte II";"2,40757874336260e+01";"7,22216979037460e+01";"1. Despertados (Efeito Indutor)"
"2107001";"MONTES ALTOS";"MA";"Pequeno Porte I";"3,05152872918680e+01";"2,77732663583635e+01";"2. Constantes (Sustentabilidade)"
"2107100";"MORROS";"MA";"Pequeno Porte I";"1,50930883762771e+01";"4,67339227054772e+01";"1. Despertados (Efeito Indutor)"
"2107209";"NINA RODRIGUES";"MA";"Pequeno Porte I";"2,87872139763018e+00";"8,90761275498409e+00";"1. Despertados (Efeito Indutor)"
"2107258";"NOVA COLINAS";"MA";"Pequeno Porte I";"8,49119234140837e+00";"6,86153111372546e+01";"1. Despertados (Efeito Indutor)"
"2107308";"NOVA IORQUE";"MA";"Pequeno Porte I";"7,89997357634429e+00";"9,51927514936802e+01";"1. Despertados (Efeito Indutor)"
"2107357";"NOVA OLINDA DO MARANHAO";"MA";"Pequeno Porte I";"6,96715251983048e+01";"9,54045479838406e+01";"1. Despertados (Efeito Indutor)"
"2107407";"OLHO D'AGUA DAS CUNHAS";"MA";"Pequeno Porte I";"9,55543266371897e+01";"6,53527849926958e+01";"4. Efeito Substituição (Retração Local)"
"2107456";"OLINDA NOVA DO MARANHAO";"MA";"Pequeno Porte I";"5,54967449852603e+01";"8,48873389118427e+01";"1. Despertados (Efeito Indutor)"
"2107506";"PACO DO LUMIAR";"MA";"Grande Porte";"2,55841537812925e+01";"1,22870139123533e+01";"4. Efeito Substituição (Retração Local)"
"2107605";"PALMEIRANDIA";"MA";"Pequeno Porte II";"1,82349972219225e+01";"5,42578078239147e+01";"1. Despertados (Efeito Indutor)"
"2107704";"PARAIBANO";"MA";"Pequeno Porte I";"8,45143187051085e+00";"4,36937313490318e+01";"1. Despertados (Efeito Indutor)"
"2107803";"PARNARAMA";"MA";"Pequeno Porte II";"8,57439902755321e+00";"5,91527420287072e+01";"1. Despertados (Efeito Indutor)"
"2107902";"PASSAGEM FRANCA";"MA";"Pequeno Porte I";"1,32431399809608e+01";"4,40851355399532e+01";"1. Despertados (Efeito Indutor)"
"2108009";"PASTOS BONS";"MA";"Pequeno Porte I";"1,03894534817817e+01";"7,34965860806170e+01";"1. Despertados (Efeito Indutor)"
"2108058";"PAULINO NEVES";"MA";"Pequeno Porte I";"1,28831508602533e+01";"4,01954345776297e+01";"1. Despertados (Efeito Indutor)"
"2108108";"PAULO RAMOS";"MA";"Pequeno Porte II";"0,00000000000000e+00";"1,11236146180284e+02";"1. Despertados (Efeito Indutor)"
"2108207";"PEDREIRAS";"MA";"Pequeno Porte II";"5,35165038875057e+01";"5,52340772608455e+01";"2. Constantes (Sustentabilidade)"
"2108256";"PEDRO DO ROSARIO";"MA";"Pequeno Porte II";"5,50277533087716e+00";"5,33561347120597e+01";"1. Despertados (Efeito Indutor)"
"2108306";"PENALVA";"MA";"Pequeno Porte II";"3,05410478522580e+01";"5,81342868370044e+01";"1. Despertados (Efeito Indutor)"
"2108405";"PERI MIRIM";"MA";"Pequeno Porte I";"0,00000000000000e+00";"7,97118281797481e+01";"1. Despertados (Efeito Indutor)"
"2108454";"PERITORO";"MA";"Pequeno Porte II";"3,21614814365915e+01";"7,77669705853661e+01";"1. Despertados (Efeito Indutor)"
"2108504";"PINDARE-MIRIM";"MA";"Pequeno Porte II";"2,48009385175529e+01";"9,80686588935559e+01";"1. Despertados (Efeito Indutor)"
"2108603";"PINHEIRO";"MA";"Médio Porte";"8,45278740177187e+00";"4,95783139541892e+01";"1. Despertados (Efeito Indutor)"
"2108702";"PIO XII";"MA";"Pequeno Porte II";"4,97506428231779e+01";"3,42896809528725e+01";"4. Efeito Substituição (Retração Local)"
"2108801";"PIRAPEMAS";"MA";"Pequeno Porte I";"4,97124723769222e+01";"6,72229620687888e+01";"1. Despertados (Efeito Indutor)"
"2108900";"POCAO DE PEDRAS";"MA";"Pequeno Porte I";"3,48437495721764e+01";"8,48796009906826e+01";"1. Despertados (Efeito Indutor)"
"2109007";"PORTO FRANCO";"MA";"Pequeno Porte II";"7,63949634218635e+01";"1,66472223546126e+02";"1. Despertados (Efeito Indutor)"
"2109056";"PORTO RICO DO MARANHAO";"MA";"Pequeno Porte I";"1,08494103139757e+01";"4,48022095127921e+01";"1. Despertados (Efeito Indutor)"
"2109106";"PRESIDENTE DUTRA";"MA";"Pequeno Porte II";"2,98359682245661e+01";"3,02141623266986e+01";"2. Constantes (Sustentabilidade)"
"2109205";"PRESIDENTE JUSCELINO";"MA";"Pequeno Porte I";"8,34515670537661e-01";"3,99818263255841e-01";"2. Constantes (Sustentabilidade)"
"2109270";"PRESIDENTE SARNEY";"MA";"Pequeno Porte I";"1,35820483257011e+01";"1,20605677323927e+02";"1. Despertados (Efeito Indutor)"
"2109304";"PRESIDENTE VARGAS";"MA";"Pequeno Porte I";"9,41283220704912e+00";"9,66216150243098e+01";"1. Despertados (Efeito Indutor)"
"2109403";"PRIMEIRA CRUZ";"MA";"Pequeno Porte I";"0,00000000000000e+00";"8,71368089782948e+01";"1. Despertados (Efeito Indutor)"
"2109452";"RAPOSA";"MA";"Pequeno Porte II";"1,99089576049434e+01";"1,51919720601702e+01";"2. Constantes (Sustentabilidade)"
"2109502";"RIACHAO";"MA";"Pequeno Porte II";"0,00000000000000e+00";"2,78086518165664e+01";"1. Despertados (Efeito Indutor)"
"2109551";"RIBAMAR FIQUENE";"MA";"Pequeno Porte I";"0,00000000000000e+00";"5,48561900326405e+00";"1. Despertados (Efeito Indutor)"
"2109601";"ROSARIO";"MA";"Pequeno Porte II";"3,70731566149567e+01";"3,91408820066805e+01";"2. Constantes (Sustentabilidade)"
"2109700";"SAMBAIBA";"MA";"Pequeno Porte I";"4,34584596113586e+01";"1,50569748653911e+02";"1. Despertados (Efeito Indutor)"
"2109759";"SANTA FILOMENA DO MARANHAO";"MA";"Pequeno Porte I";"1,94300168534814e+01";"4,34794774143638e+01";"1. Despertados (Efeito Indutor)"
"2109809";"SANTA HELENA";"MA";"Pequeno Porte II";"2,17140570850509e+01";"1,05686972901107e+01";"4. Efeito Substituição (Retração Local)"
"2109908";"SANTA INES";"MA";"Médio Porte";"0,00000000000000e+00";"3,95746164418214e+01";"1. Despertados (Efeito Indutor)"
"2110005";"SANTA LUZIA";"MA";"Médio Porte";"2,04314781883491e+01";"5,59503402612061e+01";"1. Despertados (Efeito Indutor)"
"2110039";"SANTA LUZIA DO PARUA";"MA";"Pequeno Porte II";"0,00000000000000e+00";"2,73002322834731e+01";"1. Despertados (Efeito Indutor)"
"2110104";"SANTA QUITERIA DO MARANHAO";"MA";"Pequeno Porte II";"1,02001172807261e+01";"3,87594570156379e+01";"1. Despertados (Efeito Indutor)"
"2110203";"SANTA RITA";"MA";"Pequeno Porte II";"1,50775440947648e+01";"2,30549960206813e+01";"2. Constantes (Sustentabilidade)"
"2110237";"SANTANA DO MARANHAO";"MA";"Pequeno Porte I";"0,00000000000000e+00";"9,42437685407304e+00";"1. Despertados (Efeito Indutor)"
"2110278";"SANTO AMARO DO MARANHAO";"MA";"Pequeno Porte I";"2,43818072602289e+01";"5,22764601400790e+01";"1. Despertados (Efeito Indutor)"
"2110401";"SAO BENEDITO DO RIO PRETO";"MA";"Pequeno Porte I";"7,38698088214788e+01";"4,61500502277650e+01";"4. Efeito Substituição (Retração Local)"
"2110500";"SAO BENTO";"MA";"Pequeno Porte II";"4,33261188898909e+01";"2,06753407743967e+01";"4. Efeito Substituição (Retração Local)"
"2110609";"SAO BERNARDO";"MA";"Pequeno Porte II";"1,22689317698277e+01";"2,50628649461008e+01";"1. Despertados (Efeito Indutor)"
"2110658";"SAO DOMINGOS DO AZEITAO";"MA";"Pequeno Porte I";"2,96766160031780e+01";"0,00000000000000e+00";"4. Efeito Substituição (Retração Local)"
"2110708";"SAO DOMINGOS DO MARANHAO";"MA";"Pequeno Porte II";"6,21033839216059e+00";"6,06950378264645e+01";"1. Despertados (Efeito Indutor)"
"2110807";"SAO FELIX DE BALSAS";"MA";"Pequeno Porte I";"1,08591703468797e+00";"1,12686693310301e+02";"1. Despertados (Efeito Indutor)"
"2110856";"SAO FRANCISCO DO BREJAO";"MA";"Pequeno Porte I";"1,38402635872153e+01";"1,56230332094780e+02";"1. Despertados (Efeito Indutor)"
"2110906";"SAO FRANCISCO DO MARANHAO";"MA";"Pequeno Porte I";"0,00000000000000e+00";"9,73611268981808e+01";"1. Despertados (Efeito Indutor)"
"2111003";"SAO JOAO BATISTA";"MA";"Pequeno Porte I";"3,94317873365958e+01";"8,80390987715625e+01";"1. Despertados (Efeito Indutor)"
"2111029";"SAO JOAO DO CARU";"MA";"Pequeno Porte I";"1,20166645665389e+01";"1,32106529312786e+00";"4. Efeito Substituição (Retração Local)"
"2111052";"SAO JOAO DO PARAISO";"MA";"Pequeno Porte I";"1,93717981779587e+01";"4,94602388808872e+01";"1. Despertados (Efeito Indutor)"
"2111078";"SAO JOAO DO SOTER";"MA";"Pequeno Porte I";"3,18301570853355e+01";"6,83943699443372e+01";"1. Despertados (Efeito Indutor)"
"2111102";"SAO JOAO DOS PATOS";"MA";"Pequeno Porte II";"2,48137625091259e+01";"6,86724709571643e+00";"4. Efeito Substituição (Retração Local)"
"2111201";"SAO JOSE DE RIBAMAR";"MA";"Grande Porte";"2,43902540566058e+01";"4,97546146296285e+00";"4. Efeito Substituição (Retração Local)"
"2111250";"SAO JOSE DOS BASILIOS";"MA";"Pequeno Porte I";"0,00000000000000e+00";"1,08191217620313e+02";"1. Despertados (Efeito Indutor)"
"2111300";"SAO LUIS";"MA";"Metrópole";"0,00000000000000e+00";"4,91549138589771e+01";"1. Despertados (Efeito Indutor)"
"2111409";"SAO LUIS GONZAGA DO MARANHAO";"MA";"Pequeno Porte I";"3,35098538565245e+00";"3,35085632776551e+01";"1. Despertados (Efeito Indutor)"
"2111508";"SAO MATEUS DO MARANHAO";"MA";"Pequeno Porte II";"1,19349369994982e+01";"8,16449664156241e+01";"1. Despertados (Efeito Indutor)"
"2111532";"SAO PEDRO DA AGUA BRANCA";"MA";"Pequeno Porte I";"8,13198229598234e+00";"5,33856311602731e+01";"1. Despertados (Efeito Indutor)"
"2111573";"SAO PEDRO DOS CRENTES";"MA";"Pequeno Porte I";"2,38667525247203e+01";"1,00699251963989e+02";"1. Despertados (Efeito Indutor)"
"2111607";"SAO RAIMUNDO DAS MANGABEIRAS";"MA";"Pequeno Porte I";"4,03604777136022e+00";"1,60251058704766e+02";"1. Despertados (Efeito Indutor)"
"2111631";"SAO RAIMUNDO DO DOCA BEZERRA";"MA";"Pequeno Porte I";"3,49489024290209e+01";"8,80537993804176e+01";"1. Despertados (Efeito Indutor)"
"2111672";"SAO ROBERTO";"MA";"Pequeno Porte I";"3,03425763868150e+01";"7,33717146190140e+01";"1. Despertados (Efeito Indutor)"
"2111706";"SAO VICENTE FERRER";"MA";"Pequeno Porte I";"0,00000000000000e+00";"4,45977872218226e+01";"1. Despertados (Efeito Indutor)"
"2111722";"SATUBINHA";"MA";"Pequeno Porte I";"7,35398326609873e+00";"0,00000000000000e+00";"4. Efeito Substituição (Retração Local)"
"2111748";"SENADOR ALEXANDRE COSTA";"MA";"Pequeno Porte I";"4,51433033821261e+00";"5,35903956010872e+01";"1. Despertados (Efeito Indutor)"
"2111763";"SENADOR LA ROCQUE";"MA";"Pequeno Porte I";"0,00000000000000e+00";"1,41693588526202e+01";"1. Despertados (Efeito Indutor)"
"2111789";"SERRANO DO MARANHAO";"MA";"Pequeno Porte I";"0,00000000000000e+00";"5,19715825658047e+01";"1. Despertados (Efeito Indutor)"
"2111805";"SITIO NOVO";"MA";"Pequeno Porte I";"2,41543567902483e+01";"5,33696094599070e+01";"1. Despertados (Efeito Indutor)"
"2111904";"SUCUPIRA DO NORTE";"MA";"Pequeno Porte I";"3,09998061962980e+01";"1,02425437775781e+01";"4. Efeito Substituição (Retração Local)"
"2112001";"TASSO FRAGOSO";"MA";"Pequeno Porte I";"1,08710228701122e+02";"1,91204314158749e+02";"1. Despertados (Efeito Indutor)"
"2112100";"TIMBIRAS";"MA";"Pequeno Porte II";"2,16595640491394e+01";"7,24340748565630e+01";"1. Despertados (Efeito Indutor)"
"2112209";"TIMON";"MA";"Grande Porte";"1,82163837985730e+01";"3,19806205312430e+01";"1. Despertados (Efeito Indutor)"
"2112233";"TRIZIDELA DO VALE";"MA";"Pequeno Porte II";"7,85479312383590e+00";"5,40778319801475e+01";"1. Despertados (Efeito Indutor)"
"2112274";"TUFILANDIA";"MA";"Pequeno Porte I";"8,10495827098202e+00";"2,89022229899722e+01";"1. Despertados (Efeito Indutor)"
"2112308";"TUNTUM";"MA";"Pequeno Porte II";"3,14246491181200e+00";"3,13928471690901e+01";"1. Despertados (Efeito Indutor)"
"2112407";"TURIACU";"MA";"Pequeno Porte II";"0,00000000000000e+00";"3,78280794737431e+01";"1. Despertados (Efeito Indutor)"
"2112456";"TURILANDIA";"MA";"Pequeno Porte II";"8,87343653248123e+00";"4,89290275050205e+01";"1. Despertados (Efeito Indutor)"
"2112506";"TUTOIA";"MA";"Médio Porte";"2,95356689172540e+01";"4,17049522188180e+01";"1. Despertados (Efeito Indutor)"
"2112605";"URBANO SANTOS";"MA";"Pequeno Porte II";"1,26030758058404e+01";"3,06672323510613e+01";"1. Despertados (Efeito Indutor)"
"2112704";"VARGEM GRANDE";"MA";"Pequeno Porte II";"3,10816994657558e+01";"2,63509899486152e+01";"2. Constantes (Sustentabilidade)"
"2112803";"VIANA";"MA";"Médio Porte";"2,41681282269059e+01";"4,17947768801636e+01";"1. Despertados (Efeito Indutor)"
"2112852";"VILA NOVA DOS MARTIRIOS";"MA";"Pequeno Porte I";"2,40634936861926e+01";"2,65346699218830e+01";"2. Constantes (Sustentabilidade)"
"2112902";"VITORIA DO MEARIM";"MA";"Pequeno Porte II";"1,02332497440651e+00";"9,89517917577940e+01";"1. Despertados (Efeito Indutor)"
"2114007";"ZE DOCA";"MA";"Pequeno Porte II";"9,56684148936008e-01";"9,27053897790147e+01";"1. Despertados (Efeito Indutor)"
"2200053";"ACAUA";"PI";"Pequeno Porte I";"1,24353153403074e+01";"0,00000000000000e+00";"4. Efeito Substituição (Retração Local)"
"2200103";"AGRICOLANDIA";"PI";"Pequeno Porte I";"3,22092519660772e+00";"1,77279015261466e+02";"1. Despertados (Efeito Indutor)"
"2200202";"AGUA BRANCA";"PI";"Pequeno Porte I";"5,38806619550501e+01";"1,43371240002645e+02";"1. Despertados (Efeito Indutor)"
"2200251";"ALAGOINHA DO PIAUI";"PI";"Pequeno Porte I";"1,25089514005574e+01";"0,00000000000000e+00";"4. Efeito Substituição (Retração Local)"
"2200277";"ALEGRETE DO PIAUI";"PI";"Pequeno Porte I";"1,38060539652397e+01";"3,12261121066964e+01";"1. Despertados (Efeito Indutor)"
"2200301";"ALTO LONGA";"PI";"Pequeno Porte I";"9,37997124587977e+00";"1,64017021102620e+01";"1. Despertados (Efeito Indutor)"
"2200400";"ALTOS";"PI";"Pequeno Porte II";"1,69734285031159e+01";"2,92071316508868e+01";"1. Despertados (Efeito Indutor)"
"2200459";"ALVORADA DO GURGUEIA";"PI";"Pequeno Porte I";"1,58676798172016e+01";"2,02070321262507e+01";"2. Constantes (Sustentabilidade)"
"2200509";"AMARANTE";"PI";"Pequeno Porte I";"4,64275393304121e+01";"1,39025191631701e+02";"1. Despertados (Efeito Indutor)"
"2200608";"ANGICAL DO PIAUI";"PI";"Pequeno Porte I";"6,62305381734693e+00";"8,55496816260021e+01";"1. Despertados (Efeito Indutor)"
"2200707";"ANISIO DE ABREU";"PI";"Pequeno Porte I";"1,85246963191330e+01";"7,30159213228862e+01";"1. Despertados (Efeito Indutor)"
"2200806";"ANTONIO ALMEIDA";"PI";"Pequeno Porte I";"1,01093307062642e+02";"1,58201174232445e+02";"1. Despertados (Efeito Indutor)"
"2200905";"AROAZES";"PI";"Pequeno Porte I";"4,73321155453574e+00";"1,42049926130899e+02";"1. Despertados (Efeito Indutor)"
"2200954";"AROEIRAS DO ITAIM";"PI";"Pequeno Porte I";"0,00000000000000e+00";"3,83463647197964e+01";"1. Despertados (Efeito Indutor)"
"2201002";"ARRAIAL";"PI";"Pequeno Porte I";"1,53749560395412e+01";"1,18785946333302e+02";"1. Despertados (Efeito Indutor)"
"2201101";"AVELINO LOPES";"PI";"Pequeno Porte I";"4,14824385982866e+00";"1,38388872235081e+00";"2. Constantes (Sustentabilidade)"
"2201150";"BAIXA GRANDE DO RIBEIRO";"PI";"Pequeno Porte I";"4,63648830397567e+00";"1,50046187195250e+02";"1. Despertados (Efeito Indutor)"
"2201176";"BARRA D'ALCANTARA";"PI";"Pequeno Porte I";"1,03422926085744e+01";"5,52560158836622e+01";"1. Despertados (Efeito Indutor)"
"2201200";"BARRAS";"PI";"Pequeno Porte II";"0,00000000000000e+00";"8,49671644567328e+01";"1. Despertados (Efeito Indutor)"
"2201309";"BARREIRAS DO PIAUI";"PI";"Pequeno Porte I";"4,08686306126476e+01";"1,92583481847688e+01";"4. Efeito Substituição (Retração Local)"
"2201408";"BARRO DURO";"PI";"Pequeno Porte I";"2,63551840814696e+01";"5,73631992066238e+01";"1. Despertados (Efeito Indutor)"
"2201507";"BATALHA";"PI";"Pequeno Porte II";"2,80722199752421e+01";"2,09987157097834e+01";"2. Constantes (Sustentabilidade)"
"2201556";"BELA VISTA DO PIAUI";"PI";"Pequeno Porte I";"1,45269122191783e-01";"2,63354143241261e+01";"1. Despertados (Efeito Indutor)"
"2201572";"BELEM DO PIAUI";"PI";"Pequeno Porte I";"2,32168904030111e+01";"1,90871695931378e+02";"1. Despertados (Efeito Indutor)"
"2201606";"BENEDITINOS";"PI";"Pequeno Porte I";"1,05152044907918e+01";"2,73490126424618e+01";"1. Despertados (Efeito Indutor)"
"2201705";"BERTOLINIA";"PI";"Pequeno Porte I";"1,05201458782739e+01";"5,79449302595556e+01";"1. Despertados (Efeito Indutor)"
"2201739";"BETANIA DO PIAUI";"PI";"Pequeno Porte I";"6,06340234765414e+01";"1,13098660273756e+01";"4. Efeito Substituição (Retração Local)"
"2201804";"BOCAINA";"PI";"Pequeno Porte I";"3,80170999564951e-01";"6,48482738263310e+01";"1. Despertados (Efeito Indutor)"
"2201903";"BOM JESUS";"PI";"Pequeno Porte II";"5,48297810380936e+01";"4,24182185532178e+01";"2. Constantes (Sustentabilidade)"
"2201919";"BOM PRINCIPIO DO PIAUI";"PI";"Pequeno Porte I";"1,24926307254925e+01";"1,05656857700497e+01";"2. Constantes (Sustentabilidade)"
"2201929";"BONFIM DO PIAUI";"PI";"Pequeno Porte I";"2,27073073954901e+01";"6,34031453953813e+01";"1. Despertados (Efeito Indutor)"
"2201945";"BOQUEIRAO DO PIAUI";"PI";"Pequeno Porte I";"1,37770251662681e+01";"6,77191949914512e+01";"1. Despertados (Efeito Indutor)"
"2201960";"BRASILEIRA";"PI";"Pequeno Porte I";"1,54036042417180e+01";"4,29253773947600e+01";"1. Despertados (Efeito Indutor)"
"2201988";"BREJO DO PIAUI";"PI";"Pequeno Porte I";"1,38990283729266e+00";"5,86770263234922e+01";"1. Despertados (Efeito Indutor)"
"2202000";"BURITI DOS LOPES";"PI";"Pequeno Porte I";"9,96475431371003e+00";"1,21498149824834e+02";"1. Despertados (Efeito Indutor)"
"2202026";"BURITI DOS MONTES";"PI";"Pequeno Porte I";"2,61127654619996e+01";"3,53329343212851e+01";"2. Constantes (Sustentabilidade)"
"2202059";"CABECEIRAS DO PIAUI";"PI";"Pequeno Porte I";"0,00000000000000e+00";"4,13428767820633e+01";"1. Despertados (Efeito Indutor)"
"2202075";"CAJAZEIRAS DO PIAUI";"PI";"Pequeno Porte I";"1,07705670920921e+01";"1,02041455988881e+02";"1. Despertados (Efeito Indutor)"
"2202083";"CAJUEIRO DA PRAIA";"PI";"Pequeno Porte I";"1,86779246515240e+00";"1,45390013496105e+02";"1. Despertados (Efeito Indutor)"
"2202109";"CAMPINAS DO PIAUI";"PI";"Pequeno Porte I";"1,54834891922923e+01";"8,42614679596939e+01";"1. Despertados (Efeito Indutor)"
"2202117";"CAMPO ALEGRE DO FIDALGO";"PI";"Pequeno Porte I";"1,35902494764921e+00";"8,35613240470130e+00";"1. Despertados (Efeito Indutor)"
"2202133";"CAMPO GRANDE DO PIAUI";"PI";"Pequeno Porte I";"3,72297716052679e+01";"6,88020000361892e+00";"4. Efeito Substituição (Retração Local)"
"2202174";"CAMPO LARGO DO PIAUI";"PI";"Pequeno Porte I";"2,91441843212355e+01";"1,75822999934554e+01";"4. Efeito Substituição (Retração Local)"
"2202208";"CAMPO MAIOR";"PI";"Pequeno Porte II";"1,30187360003025e+01";"3,55707894849060e+01";"1. Despertados (Efeito Indutor)"
"2202251";"CANAVIEIRA";"PI";"Pequeno Porte I";"1,22190824090732e+01";"3,89110238691736e+01";"1. Despertados (Efeito Indutor)"
"2202307";"CANTO DO BURITI";"PI";"Pequeno Porte I";"1,28796612589081e+01";"5,24100140664617e+01";"1. Despertados (Efeito Indutor)"
"2202406";"CAPITAO DE CAMPOS";"PI";"Pequeno Porte I";"2,92837236906740e+01";"7,76780925522609e+01";"1. Despertados (Efeito Indutor)"
"2202455";"CAPITAO GERVASIO OLIVEIRA";"PI";"Pequeno Porte I";"5,70340978337220e+01";"6,25124698037242e+01";"2. Constantes (Sustentabilidade)"
"2202505";"CARACOL";"PI";"Pequeno Porte I";"1,88024543009536e+01";"9,35473278852443e+01";"1. Despertados (Efeito Indutor)"
"2202539";"CARAUBAS DO PIAUI";"PI";"Pequeno Porte I";"4,47607493602006e+01";"1,91591612262538e+02";"1. Despertados (Efeito Indutor)"
"2202554";"CARIDADE DO PIAUI";"PI";"Pequeno Porte I";"2,48908820706050e+01";"1,91777895559932e+01";"2. Constantes (Sustentabilidade)"
"2202604";"CASTELO DO PIAUI";"PI";"Pequeno Porte I";"1,99486228602852e+01";"3,60135280133991e+01";"1. Despertados (Efeito Indutor)"
"2202653";"CAXINGO";"PI";"Pequeno Porte I";"2,32590327357980e+00";"5,36478775538391e+01";"1. Despertados (Efeito Indutor)"
"2202703";"COCAL";"PI";"Pequeno Porte II";"5,00256541570118e-01";"6,27544951995203e+00";"1. Despertados (Efeito Indutor)"
"2202711";"COCAL DE TELHA";"PI";"Pequeno Porte I";"1,80113699501118e+01";"1,60356716646377e+02";"1. Despertados (Efeito Indutor)"
"2202729";"COCAL DOS ALVES";"PI";"Pequeno Porte I";"1,00969380821713e+01";"2,47076579031398e+01";"1. Despertados (Efeito Indutor)"
"2202737";"COIVARAS";"PI";"Pequeno Porte I";"2,31557084118098e+00";"2,92923441882263e+01";"1. Despertados (Efeito Indutor)"
"2202752";"COLONIA DO GURGUEIA";"PI";"Pequeno Porte I";"1,05036404893352e-01";"8,59639869472086e+01";"1. Despertados (Efeito Indutor)"
"2202778";"COLONIA DO PIAUI";"PI";"Pequeno Porte I";"5,02361536404187e+00";"3,68114057530220e+01";"1. Despertados (Efeito Indutor)"
"2202802";"CONCEICAO DO CANINDE";"PI";"Pequeno Porte I";"4,44722008200605e+01";"9,07558007336657e+01";"1. Despertados (Efeito Indutor)"
"2202851";"CORONEL JOSE DIAS";"PI";"Pequeno Porte I";"8,88858279241992e+01";"1,24495990356144e+02";"1. Despertados (Efeito Indutor)"
"2203008";"CRISTALANDIA DO PIAUI";"PI";"Pequeno Porte I";"2,10616291791664e+01";"5,92002572734492e+00";"4. Efeito Substituição (Retração Local)"
"2203107";"CRISTINO CASTRO";"PI";"Pequeno Porte I";"8,17384842364158e-01";"8,03666828569902e+01";"1. Despertados (Efeito Indutor)"
"2203206";"CURIMATA";"PI";"Pequeno Porte I";"1,73834038498440e+01";"1,10917690227208e+01";"2. Constantes (Sustentabilidade)"
"2203230";"CURRAIS";"PI";"Pequeno Porte I";"1,59395853970651e+01";"1,16495454556382e+01";"2. Constantes (Sustentabilidade)"
"2203305";"DEMERVAL LOBAO";"PI";"Pequeno Porte I";"1,22071367312990e+01";"1,07766539082712e+02";"1. Despertados (Efeito Indutor)"
"2203354";"DIRCEU ARCOVERDE";"PI";"Pequeno Porte I";"5,26761762168735e+00";"2,22831977948600e+00";"2. Constantes (Sustentabilidade)"
"2203404";"DOM EXPEDITO LOPES";"PI";"Pequeno Porte I";"1,50040518989853e+01";"5,75427821034638e+01";"1. Despertados (Efeito Indutor)"
"2203420";"DOMINGOS MOURAO";"PI";"Pequeno Porte I";"1,44430377370002e+01";"3,70963869658661e+01";"1. Despertados (Efeito Indutor)"
"2203453";"DOM INOCENCIO";"PI";"Pequeno Porte I";"1,08332522624377e+01";"4,33582390570156e+00";"2. Constantes (Sustentabilidade)"
"2203503";"ELESBAO VELOSO";"PI";"Pequeno Porte I";"2,00848991459453e+01";"6,51663518359901e+01";"1. Despertados (Efeito Indutor)"
"2203602";"ELISEU MARTINS";"PI";"Pequeno Porte I";"1,24078050861052e+01";"1,21633124237137e+02";"1. Despertados (Efeito Indutor)"
"2203701";"ESPERANTINA";"PI";"Pequeno Porte II";"6,22038641775922e+00";"4,96401157688565e+01";"1. Despertados (Efeito Indutor)"
"2203750";"FARTURA DO PIAUI";"PI";"Pequeno Porte I";"0,00000000000000e+00";"2,63679203524335e+01";"1. Despertados (Efeito Indutor)"
"2203800";"FLORES DO PIAUI";"PI";"Pequeno Porte I";"0,00000000000000e+00";"2,93424346835884e+00";"2. Constantes (Sustentabilidade)"
"2203859";"FLORESTA DO PIAUI";"PI";"Pequeno Porte I";"0,00000000000000e+00";"4,78703883719971e+01";"1. Despertados (Efeito Indutor)"
"2203909";"FLORIANO";"PI";"Médio Porte";"3,52732874359911e+01";"3,37947652237721e+01";"2. Constantes (Sustentabilidade)"
"2204006";"FRANCINOPOLIS";"PI";"Pequeno Porte I";"4,30171291960563e-01";"1,37225481658955e+02";"1. Despertados (Efeito Indutor)"
"2204105";"FRANCISCO AYRES";"PI";"Pequeno Porte I";"0,00000000000000e+00";"1,45665875758281e+02";"1. Despertados (Efeito Indutor)"
"2204204";"FRANCISCO SANTOS";"PI";"Pequeno Porte I";"2,01516876045384e+01";"4,36824222815316e+01";"1. Despertados (Efeito Indutor)"
"2204303";"FRONTEIRAS";"PI";"Pequeno Porte I";"8,26820133367268e+00";"2,11052209517441e+01";"1. Despertados (Efeito Indutor)"
"2204352";"GEMINIANO";"PI";"Pequeno Porte I";"2,80361210104350e+01";"7,69795045195060e+01";"1. Despertados (Efeito Indutor)"
"2204402";"GILBUES";"PI";"Pequeno Porte I";"1,55460389532001e+00";"3,15835917778688e+01";"1. Despertados (Efeito Indutor)"
"2204501";"GUADALUPE";"PI";"Pequeno Porte I";"5,19654507284766e+01";"3,09506728215619e+01";"4. Efeito Substituição (Retração Local)"
"2204550";"GUARIBAS";"PI";"Pequeno Porte I";"1,73775436336590e+01";"0,00000000000000e+00";"4. Efeito Substituição (Retração Local)"
"2204600";"HUGO NAPOLEAO";"PI";"Pequeno Porte I";"9,99092450666087e+00";"1,66673240502723e+02";"1. Despertados (Efeito Indutor)"
"2204659";"ILHA GRANDE";"PI";"Pequeno Porte I";"4,47816210063101e+00";"2,06065905703290e+01";"1. Despertados (Efeito Indutor)"
"2204709";"INHUMA";"PI";"Pequeno Porte I";"1,15650582400432e+01";"4,72795430331014e+01";"1. Despertados (Efeito Indutor)"
"2204808";"IPIRANGA DO PIAUI";"PI";"Pequeno Porte I";"2,54796350275149e+01";"9,89811047070167e+01";"1. Despertados (Efeito Indutor)"
"2204907";"ISAIAS COELHO";"PI";"Pequeno Porte I";"3,51879111947144e+00";"9,10331122792961e+00";"2. Constantes (Sustentabilidade)"
"2205003";"ITAINOPOLIS";"PI";"Pequeno Porte I";"2,38872643324885e+00";"2,60388812837547e+00";"2. Constantes (Sustentabilidade)"
"2205102";"ITAUEIRA";"PI";"Pequeno Porte I";"2,19016624559662e-01";"5,94808607515545e+01";"1. Despertados (Efeito Indutor)"
"2205151";"JACOBINA DO PIAUI";"PI";"Pequeno Porte I";"1,22278150405308e+01";"8,03961019062890e+01";"1. Despertados (Efeito Indutor)"
"2205201";"JAICOS";"PI";"Pequeno Porte I";"1,39172216443383e+01";"5,82178150800809e+00";"4. Efeito Substituição (Retração Local)"
"2205250";"JARDIM DO MULATO";"PI";"Pequeno Porte I";"1,95420546664579e+01";"9,06529994384152e+01";"1. Despertados (Efeito Indutor)"
"2205276";"JATOBA DO PIAUI";"PI";"Pequeno Porte I";"2,49247602452868e+00";"9,18473715138664e+01";"1. Despertados (Efeito Indutor)"
"2205300";"JERUMENHA";"PI";"Pequeno Porte I";"3,42993318077243e+00";"1,25172583331917e+02";"1. Despertados (Efeito Indutor)"
"2205359";"JOAO COSTA";"PI";"Pequeno Porte I";"4,64423646031929e+01";"9,38276839417941e+01";"1. Despertados (Efeito Indutor)"
"2205409";"JOAQUIM PIRES";"PI";"Pequeno Porte I";"1,84218392969371e-01";"4,91502232464353e+00";"2. Constantes (Sustentabilidade)"
"2205458";"JOCA MARQUES";"PI";"Pequeno Porte I";"2,32634430935005e+01";"2,12393322631268e+01";"2. Constantes (Sustentabilidade)"
"2205508";"JOSE DE FREITAS";"PI";"Pequeno Porte II";"1,18813296554035e+01";"3,41202334921537e+01";"1. Despertados (Efeito Indutor)"
"2205516";"JUAZEIRO DO PIAUI";"PI";"Pequeno Porte I";"1,50149358280695e+01";"8,39349386312820e+00";"2. Constantes (Sustentabilidade)"
"2205524";"JULIO BORGES";"PI";"Pequeno Porte I";"0,00000000000000e+00";"3,36289592368155e+01";"1. Despertados (Efeito Indutor)"
"2205532";"JUREMA";"PI";"Pequeno Porte I";"8,49906022411823e+00";"1,01906669141120e+02";"1. Despertados (Efeito Indutor)"
"2205540";"LAGOINHA DO PIAUI";"PI";"Pequeno Porte I";"1,00948641045779e+01";"6,46554198976578e+01";"1. Despertados (Efeito Indutor)"
"2205557";"LAGOA ALEGRE";"PI";"Pequeno Porte I";"1,43654077302906e+00";"4,33855874875301e+01";"1. Despertados (Efeito Indutor)"
"2205573";"LAGOA DE SAO FRANCISCO";"PI";"Pequeno Porte I";"2,27382462399334e+01";"7,52613671340983e-01";"4. Efeito Substituição (Retração Local)"
"2205581";"LAGOA DO PIAUI";"PI";"Pequeno Porte I";"4,70015356585430e+01";"3,60338105685915e+01";"2. Constantes (Sustentabilidade)"
"2205599";"LAGOA DO SITIO";"PI";"Pequeno Porte I";"1,90656621198883e+01";"4,11120105523905e+01";"1. Despertados (Efeito Indutor)"
"2205607";"LANDRI SALES";"PI";"Pequeno Porte I";"3,17087752374626e+01";"2,84258095310653e+00";"4. Efeito Substituição (Retração Local)"
"2205706";"LUIS CORREIA";"PI";"Pequeno Porte II";"1,54763850154312e+01";"3,28507709643840e+01";"1. Despertados (Efeito Indutor)"
"2205805";"LUZILANDIA";"PI";"Pequeno Porte II";"0,00000000000000e+00";"5,95954770472025e+01";"1. Despertados (Efeito Indutor)"
"2205854";"MADEIRO";"PI";"Pequeno Porte I";"1,32162461851551e-01";"3,32980565420191e-01";"2. Constantes (Sustentabilidade)"
"2205904";"MANOEL EMIDIO";"PI";"Pequeno Porte I";"8,16258584858590e+01";"1,16951707927484e+02";"1. Despertados (Efeito Indutor)"
"2205953";"MARCOLANDIA";"PI";"Pequeno Porte I";"1,41812957791574e+01";"7,90583918652312e+01";"1. Despertados (Efeito Indutor)"
"2206001";"MARCOS PARENTE";"PI";"Pequeno Porte I";"3,96902001472008e+00";"1,29750577602045e+01";"1. Despertados (Efeito Indutor)"
"2206050";"MASSAPE DO PIAUI";"PI";"Pequeno Porte I";"2,21005271765775e+00";"1,64719935219771e+01";"1. Despertados (Efeito Indutor)"
"2206209";"MIGUEL ALVES";"PI";"Pequeno Porte II";"9,51405213780956e+00";"0,00000000000000e+00";"4. Efeito Substituição (Retração Local)"
"2206308";"MIGUEL LEAO";"PI";"Pequeno Porte I";"2,45058380157099e+00";"8,21309531759012e+01";"1. Despertados (Efeito Indutor)"
"2206357";"MILTON BRANDAO";"PI";"Pequeno Porte I";"0,00000000000000e+00";"4,94364176628426e+01";"1. Despertados (Efeito Indutor)"
"2206407";"MONSENHOR GIL";"PI";"Pequeno Porte I";"3,84804977064500e+01";"7,24646825953825e+01";"1. Despertados (Efeito Indutor)"
"2206506";"MONSENHOR HIPOLITO";"PI";"Pequeno Porte I";"5,73544504596990e+00";"5,82762066464044e+01";"1. Despertados (Efeito Indutor)"
"2206605";"MONTE ALEGRE DO PIAUI";"PI";"Pequeno Porte I";"0,00000000000000e+00";"1,66515181795847e+01";"1. Despertados (Efeito Indutor)"
"2206654";"MORRO CABECA NO TEMPO";"PI";"Pequeno Porte I";"0,00000000000000e+00";"6,77758139430016e+01";"1. Despertados (Efeito Indutor)"
"2206670";"MORRO DO CHAPEU DO PIAUI";"PI";"Pequeno Porte I";"1,57309652961931e+01";"7,03452458009433e+01";"1. Despertados (Efeito Indutor)"
"2206696";"MURICI DOS PORTELAS";"PI";"Pequeno Porte I";"1,82836734695272e+01";"6,93763443891192e+00";"4. Efeito Substituição (Retração Local)"
"2206704";"NAZARE DO PIAUI";"PI";"Pequeno Porte I";"1,78538557314103e+01";"5,24432485849497e+00";"4. Efeito Substituição (Retração Local)"
"2206720";"NAZARIA";"PI";"Pequeno Porte I";"1,97000004627064e+01";"2,14966195111462e+01";"2. Constantes (Sustentabilidade)"
"2206753";"NOSSA SENHORA DE NAZARE";"PI";"Pequeno Porte I";"1,15281874418096e+00";"1,84972341105611e+01";"1. Despertados (Efeito Indutor)"
"2206803";"NOSSA SENHORA DOS REMEDIOS";"PI";"Pequeno Porte I";"2,90008572348877e+01";"6,35246166560216e+01";"1. Despertados (Efeito Indutor)"
"2206902";"NOVO ORIENTE DO PIAUI";"PI";"Pequeno Porte I";"7,41646257283711e-01";"0,00000000000000e+00";"2. Constantes (Sustentabilidade)"
"2206951";"NOVO SANTO ANTONIO";"PI";"Pequeno Porte I";"5,41339053086761e+01";"9,58290182245635e+01";"1. Despertados (Efeito Indutor)"
"2207009";"OEIRAS";"PI";"Pequeno Porte II";"1,36772036006965e+01";"2,95730215114932e+01";"1. Despertados (Efeito Indutor)"
"2207108";"OLHO D'AGUA DO PIAUI";"PI";"Pequeno Porte I";"0,00000000000000e+00";"1,35856976650790e+02";"1. Despertados (Efeito Indutor)"
"2207207";"PADRE MARCOS";"PI";"Pequeno Porte I";"1,31583525089681e+01";"0,00000000000000e+00";"4. Efeito Substituição (Retração Local)"
"2207306";"PAES LANDIM";"PI";"Pequeno Porte I";"6,57141274331082e+00";"1,24300438267880e+02";"1. Despertados (Efeito Indutor)"
"2207405";"PALMEIRA DO PIAUI";"PI";"Pequeno Porte I";"9,86701636646177e+00";"9,30031400295840e+01";"1. Despertados (Efeito Indutor)"
"2207504";"PALMEIRAIS";"PI";"Pequeno Porte I";"1,49253085487891e+00";"2,49025420000153e+01";"1. Despertados (Efeito Indutor)"
"2207553";"PAQUETA";"PI";"Pequeno Porte I";"3,57607215161595e+01";"5,03998608707300e+01";"1. Despertados (Efeito Indutor)"
"2207603";"PARNAGUA";"PI";"Pequeno Porte I";"0,00000000000000e+00";"8,35726168640250e+00";"1. Despertados (Efeito Indutor)"
"2207702";"PARNAIBA";"PI";"Grande Porte";"1,34563234182932e+01";"4,95998117368727e+00";"4. Efeito Substituição (Retração Local)"
"2207751";"PASSAGEM FRANCA DO PIAUI";"PI";"Pequeno Porte I";"2,16334952983473e+01";"1,40602675419197e+01";"2. Constantes (Sustentabilidade)"
"2207777";"PATOS DO PIAUI";"PI";"Pequeno Porte I";"5,57907108690683e+00";"3,46950213546535e+01";"1. Despertados (Efeito Indutor)"
"2207793";"PAU D'ARCO DO PIAUI";"PI";"Pequeno Porte I";"9,10823185032699e+00";"1,35156765847183e+01";"2. Constantes (Sustentabilidade)"
"2207801";"PAULISTANA";"PI";"Pequeno Porte II";"1,10899692960260e+01";"7,10345152071417e+01";"1. Despertados (Efeito Indutor)"
"2207850";"PAVUSSU";"PI";"Pequeno Porte I";"2,21992096662497e+01";"4,54574142753869e+01";"1. Despertados (Efeito Indutor)"
"2207900";"PEDRO II";"PI";"Pequeno Porte II";"1,31521647772335e+01";"3,41011897715692e+01";"1. Despertados (Efeito Indutor)"
"2207934";"PEDRO LAURENTINO";"PI";"Pequeno Porte I";"3,89413454591478e+01";"1,79205387992825e+02";"1. Despertados (Efeito Indutor)"
"2207959";"NOVA SANTA RITA";"PI";"Pequeno Porte I";"6,49777465501929e+00";"7,79112425808869e+01";"1. Despertados (Efeito Indutor)"
"2208007";"PICOS";"PI";"Médio Porte";"8,17860941792834e+00";"1,77278527379436e+01";"1. Despertados (Efeito Indutor)"
"2208106";"PIMENTEIRAS";"PI";"Pequeno Porte I";"1,69937042181729e+01";"8,19779803303182e+00";"4. Efeito Substituição (Retração Local)"
"2208205";"PIO IX";"PI";"Pequeno Porte I";"9,41670097872413e+00";"2,30995352909317e+00";"4. Efeito Substituição (Retração Local)"
"2208304";"PIRACURUCA";"PI";"Pequeno Porte II";"1,22528021124760e+01";"6,08772424473642e+01";"1. Despertados (Efeito Indutor)"
"2208403";"PIRIPIRI";"PI";"Médio Porte";"3,85793900788361e+01";"5,88688499665111e+01";"1. Despertados (Efeito Indutor)"
"2208502";"PORTO";"PI";"Pequeno Porte I";"8,10225325951455e+01";"9,55780050055199e+01";"2. Constantes (Sustentabilidade)"
"2208601";"PRATA DO PIAUI";"PI";"Pequeno Porte I";"1,79935496206450e+01";"1,56322896880893e+02";"1. Despertados (Efeito Indutor)"
"2208650";"QUEIMADA NOVA";"PI";"Pequeno Porte I";"3,54504054022392e+01";"7,25350370471362e+01";"1. Despertados (Efeito Indutor)"
"2208700";"REDENCAO DO GURGUEIA";"PI";"Pequeno Porte I";"1,02352308056370e+01";"1,78230065120461e+01";"1. Despertados (Efeito Indutor)"
"2208809";"REGENERACAO";"PI";"Pequeno Porte I";"2,65361006701637e+00";"2,70008941088441e+01";"1. Despertados (Efeito Indutor)"
"2208858";"RIACHO FRIO";"PI";"Pequeno Porte I";"3,67443597113461e+00";"4,01053357133727e+01";"1. Despertados (Efeito Indutor)"
"2208908";"RIBEIRO GONCALVES";"PI";"Pequeno Porte I";"1,55373404383874e+01";"3,81472316740499e+01";"1. Despertados (Efeito Indutor)"
"2209005";"RIO GRANDE DO PIAUI";"PI";"Pequeno Porte I";"3,48245737925878e+00";"1,74487195925737e+02";"1. Despertados (Efeito Indutor)"
"2209104";"SANTA CRUZ DO PIAUI";"PI";"Pequeno Porte I";"4,47630769986636e+00";"8,87378310315336e+01";"1. Despertados (Efeito Indutor)"
"2209153";"SANTA CRUZ DOS MILAGRES";"PI";"Pequeno Porte I";"8,46254004490104e-01";"9,20899568802871e+01";"1. Despertados (Efeito Indutor)"
"2209302";"SANTA LUZ";"PI";"Pequeno Porte I";"0,00000000000000e+00";"5,72918742423029e+01";"1. Despertados (Efeito Indutor)"
"2209351";"SANTANA DO PIAUI";"PI";"Pequeno Porte I";"1,94592422973242e+01";"2,83621703714078e+01";"1. Despertados (Efeito Indutor)"
"2209377";"SANTA ROSA DO PIAUI";"PI";"Pequeno Porte I";"2,24368347844158e+01";"5,08074299081965e+01";"1. Despertados (Efeito Indutor)"
"2209401";"SANTO ANTONIO DE LISBOA";"PI";"Pequeno Porte I";"1,71431314513336e+01";"7,89383116910569e+01";"1. Despertados (Efeito Indutor)"
"2209500";"SANTO INACIO DO PIAUI";"PI";"Pequeno Porte I";"0,00000000000000e+00";"4,77950390169415e+00";"2. Constantes (Sustentabilidade)"
"2209559";"SAO BRAZ DO PIAUI";"PI";"Pequeno Porte I";"8,65052481227094e+01";"7,59503311811997e+01";"2. Constantes (Sustentabilidade)"
"2209609";"SAO FELIX DO PIAUI";"PI";"Pequeno Porte I";"1,89467324101993e+01";"3,69707639274798e+01";"1. Despertados (Efeito Indutor)"
"2209658";"SAO FRANCISCO DE ASSIS DO PIAUI";"PI";"Pequeno Porte I";"0,00000000000000e+00";"8,34930635804231e+01";"1. Despertados (Efeito Indutor)"
"2209708";"SAO FRANCISCO DO PIAUI";"PI";"Pequeno Porte I";"2,74029743602887e+00";"5,21745252951809e+01";"1. Despertados (Efeito Indutor)"
"2209757";"SAO GONCALO DO GURGUEIA";"PI";"Pequeno Porte I";"0,00000000000000e+00";"7,63765949024713e+01";"1. Despertados (Efeito Indutor)"
"2209807";"SAO GONCALO DO PIAUI";"PI";"Pequeno Porte I";"2,08227232857638e+01";"1,43816501780200e+02";"1. Despertados (Efeito Indutor)"
"2209856";"SAO JOAO DA CANABRAVA";"PI";"Pequeno Porte I";"9,30464933321218e+00";"7,40804618753263e+01";"1. Despertados (Efeito Indutor)"
"2209872";"SAO JOAO DA FRONTEIRA";"PI";"Pequeno Porte I";"0,00000000000000e+00";"7,16629309406613e-01";"2. Constantes (Sustentabilidade)"
"2209906";"SAO JOAO DA SERRA";"PI";"Pequeno Porte I";"0,00000000000000e+00";"2,20203269893168e+01";"1. Despertados (Efeito Indutor)"
"2209955";"SAO JOAO DA VARJOTA";"PI";"Pequeno Porte I";"1,76858012346095e-01";"1,64836827467902e+01";"1. Despertados (Efeito Indutor)"
"2209971";"SAO JOAO DO ARRAIAL";"PI";"Pequeno Porte I";"1,05669049707291e+01";"9,22137676862080e+01";"1. Despertados (Efeito Indutor)"
"2210003";"SAO JOAO DO PIAUI";"PI";"Pequeno Porte II";"4,81439343420815e+01";"1,17333207931028e+02";"1. Despertados (Efeito Indutor)"
"2210102";"SAO JOSE DO PEIXE";"PI";"Pequeno Porte I";"0,00000000000000e+00";"1,46354448084365e+02";"1. Despertados (Efeito Indutor)"
"2210201";"SAO JOSE DO PIAUI";"PI";"Pequeno Porte I";"2,92002993945036e+01";"3,29255463360573e+01";"2. Constantes (Sustentabilidade)"
"2210300";"SAO JULIAO";"PI";"Pequeno Porte I";"3,96789585288229e+01";"6,22246687126870e+01";"1. Despertados (Efeito Indutor)"
"2210359";"SAO LOURENCO DO PIAUI";"PI";"Pequeno Porte I";"4,55623987559578e+00";"5,50228626336926e+00";"2. Constantes (Sustentabilidade)"
"2210375";"SAO LUIS DO PIAUI";"PI";"Pequeno Porte I";"2,27264469358381e+01";"5,17071456796310e+01";"1. Despertados (Efeito Indutor)"
"2210383";"SAO MIGUEL DA BAIXA GRANDE";"PI";"Pequeno Porte I";"4,95370017084070e+00";"1,19001567892574e+02";"1. Despertados (Efeito Indutor)"
"2210391";"SAO MIGUEL DO FIDALGO";"PI";"Pequeno Porte I";"5,24131660417825e+00";"4,70418267611283e+01";"1. Despertados (Efeito Indutor)"
"2210409";"SAO MIGUEL DO TAPUIO";"PI";"Pequeno Porte I";"2,01998751216472e+01";"6,52339244932669e+00";"4. Efeito Substituição (Retração Local)"
"2210607";"SAO RAIMUNDO NONATO";"PI";"Pequeno Porte II";"7,23659758036666e+00";"1,77567397737593e+01";"1. Despertados (Efeito Indutor)"
"2210623";"SEBASTIAO BARROS";"PI";"Pequeno Porte I";"8,47046073923700e+00";"7,80802162565809e+00";"2. Constantes (Sustentabilidade)"
"2210631";"SEBASTIAO LEAL";"PI";"Pequeno Porte I";"0,00000000000000e+00";"3,44543029185160e+01";"1. Despertados (Efeito Indutor)"
"2210656";"SIGEFREDO PACHECO";"PI";"Pequeno Porte I";"5,44775866297128e+00";"2,36794693410554e+01";"1. Despertados (Efeito Indutor)"
"2210706";"SIMOES";"PI";"Pequeno Porte I";"1,52787743177793e+01";"5,30804825696423e+01";"1. Despertados (Efeito Indutor)"
"2210805";"SIMPLICIO MENDES";"PI";"Pequeno Porte I";"1,50284116284414e+01";"1,78086829464107e+01";"2. Constantes (Sustentabilidade)"
"2210904";"SOCORRO DO PIAUI";"PI";"Pequeno Porte I";"3,39381983890063e+00";"1,64388065846926e+01";"1. Despertados (Efeito Indutor)"
"2210938";"SUSSUAPARA";"PI";"Pequeno Porte I";"0,00000000000000e+00";"5,49176792583776e+01";"1. Despertados (Efeito Indutor)"
"2210953";"TAMBORIL DO PIAUI";"PI";"Pequeno Porte I";"0,00000000000000e+00";"5,70127321694571e+01";"1. Despertados (Efeito Indutor)"
"2211001";"TERESINA";"PI";"Grande Porte";"7,44085135278171e+00";"2,52524104311032e+01";"1. Despertados (Efeito Indutor)"
"2211100";"UNIAO";"PI";"Pequeno Porte II";"9,43921800803331e+00";"9,73096556066108e+01";"1. Despertados (Efeito Indutor)"
"2211209";"URUCUI";"PI";"Pequeno Porte II";"2,63600155776072e+01";"1,51948417950031e+02";"1. Despertados (Efeito Indutor)"
"2211308";"VALENCA DO PIAUI";"PI";"Pequeno Porte II";"1,84887631949309e+01";"4,76508437645806e+01";"1. Despertados (Efeito Indutor)"
"2211357";"VARZEA BRANCA";"PI";"Pequeno Porte I";"2,55578195882933e-01";"1,20759822281144e+02";"1. Despertados (Efeito Indutor)"
"2211407";"VARZEA GRANDE";"PI";"Pequeno Porte I";"1,81642534496321e+01";"4,13248475940554e+01";"1. Despertados (Efeito Indutor)"
"2211506";"VERA MENDES";"PI";"Pequeno Porte I";"1,23856620157825e+01";"1,68739760530037e+01";"2. Constantes (Sustentabilidade)"
"2211605";"VILA NOVA DO PIAUI";"PI";"Pequeno Porte I";"2,19269949496174e+01";"3,87584723740807e+00";"4. Efeito Substituição (Retração Local)"
"2211704";"WALL FERRAZ";"PI";"Pequeno Porte I";"2,11823416534926e+01";"1,00358708956310e+02";"1. Despertados (Efeito Indutor)"
"2300101";"ABAIARA";"CE";"Pequeno Porte I";"1,00152234667787e+01";"8,41667494979415e+01";"1. Despertados (Efeito Indutor)"
"2300150";"ACARAPE";"CE";"Pequeno Porte I";"2,58693039885632e+01";"2,39340066249356e+01";"2. Constantes (Sustentabilidade)"
"2300200";"ACARAU";"CE";"Médio Porte";"4,34517231305867e+01";"4,23099666526291e+01";"2. Constantes (Sustentabilidade)"
"2300309";"ACOPIARA";"CE";"Pequeno Porte II";"4,81135881361259e+01";"6,80245277885494e+01";"1. Despertados (Efeito Indutor)"
"2300408";"AIUABA";"CE";"Pequeno Porte I";"2,51986319200748e+01";"7,62579269586364e+01";"1. Despertados (Efeito Indutor)"
"2300507";"ALCANTARAS";"CE";"Pequeno Porte I";"2,97965044992553e+00";"1,57627747879174e+02";"1. Despertados (Efeito Indutor)"
"2300606";"ALTANEIRA";"CE";"Pequeno Porte I";"1,71446918633058e+00";"4,20238539405400e+01";"1. Despertados (Efeito Indutor)"
"2300705";"ALTO SANTO";"CE";"Pequeno Porte I";"4,70955992408258e+01";"1,41060262140202e+02";"1. Despertados (Efeito Indutor)"
"2300754";"AMONTADA";"CE";"Pequeno Porte II";"5,15173218165008e-01";"1,36547857780584e+02";"1. Despertados (Efeito Indutor)"
"2300804";"ANTONINA DO NORTE";"CE";"Pequeno Porte I";"1,32172766690892e+01";"0,00000000000000e+00";"4. Efeito Substituição (Retração Local)"
"2300903";"APUIARES";"CE";"Pequeno Porte I";"6,02415612855141e+01";"9,61353176101641e+01";"1. Despertados (Efeito Indutor)"
"2301000";"AQUIRAZ";"CE";"Médio Porte";"3,67871596336269e+01";"3,07025580005846e+01";"2. Constantes (Sustentabilidade)"
"2301109";"ARACATI";"CE";"Médio Porte";"8,41870999933037e+00";"1,93247760041537e+00";"2. Constantes (Sustentabilidade)"
"2301208";"ARACOIABA";"CE";"Pequeno Porte II";"1,70480364019491e+01";"9,20764053305288e+01";"1. Despertados (Efeito Indutor)"
"2301257";"ARARENDA";"CE";"Pequeno Porte I";"3,00477293230846e+00";"7,11760209510191e+01";"1. Despertados (Efeito Indutor)"
"2301307";"ARARIPE";"CE";"Pequeno Porte I";"5,04696007685978e+00";"4,85524024227201e+01";"1. Despertados (Efeito Indutor)"
"2301505";"ARNEIROZ";"CE";"Pequeno Porte I";"3,82194308440049e+01";"6,37405307030595e+01";"1. Despertados (Efeito Indutor)"
"2301604";"ASSARE";"CE";"Pequeno Porte II";"4,39653301071325e+01";"1,12250487266406e+02";"1. Despertados (Efeito Indutor)"
"2301703";"AURORA";"CE";"Pequeno Porte II";"1,28413894358631e+01";"6,66964126984383e+01";"1. Despertados (Efeito Indutor)"
"2301802";"BAIXIO";"CE";"Pequeno Porte I";"5,46235521463581e+01";"1,87455127770562e+02";"1. Despertados (Efeito Indutor)"
"2301901";"BARBALHA";"CE";"Médio Porte";"3,36211503524824e+01";"6,92966594758583e+01";"1. Despertados (Efeito Indutor)"
"2301950";"BARREIRA";"CE";"Pequeno Porte II";"2,37469856619927e+01";"3,79361787253795e+01";"1. Despertados (Efeito Indutor)"
"2302008";"BARRO";"CE";"Pequeno Porte I";"3,11502121893317e+01";"4,98342166111870e+01";"1. Despertados (Efeito Indutor)"
"2302107";"BATURITE";"CE";"Pequeno Porte II";"2,89751546214766e+01";"1,71870414062848e+02";"1. Despertados (Efeito Indutor)"
"2302206";"BEBERIBE";"CE";"Médio Porte";"9,16384369071495e+00";"7,30407596535097e+01";"1. Despertados (Efeito Indutor)"
"2302305";"BELA CRUZ";"CE";"Pequeno Porte II";"1,16263336642530e+01";"6,42554879796851e+01";"1. Despertados (Efeito Indutor)"
"2302404";"BOA VIAGEM";"CE";"Médio Porte";"2,91353589169163e+01";"4,26089812106724e+01";"1. Despertados (Efeito Indutor)"
"2302503";"BREJO SANTO";"CE";"Médio Porte";"0,00000000000000e+00";"1,87078799678970e+02";"1. Despertados (Efeito Indutor)"
"2302602";"CAMOCIM";"CE";"Médio Porte";"2,72468607032476e+01";"5,20383091997780e+01";"1. Despertados (Efeito Indutor)"
"2302701";"CAMPOS SALES";"CE";"Pequeno Porte II";"1,61001314178778e+00";"2,01503649988039e+00";"2. Constantes (Sustentabilidade)"
"2302800";"CANINDE";"CE";"Médio Porte";"1,00500696897647e+01";"7,52959521309887e-01";"4. Efeito Substituição (Retração Local)"
"2302909";"CAPISTRANO";"CE";"Pequeno Porte I";"1,15835855268965e+01";"2,89787875275298e-01";"4. Efeito Substituição (Retração Local)"
"2303105";"CARIRE";"CE";"Pequeno Porte I";"4,96006801680540e+01";"1,15660566322924e+02";"1. Despertados (Efeito Indutor)"
"2303204";"CARIRIACU";"CE";"Pequeno Porte II";"8,49718129181230e+00";"5,52786748777704e+01";"1. Despertados (Efeito Indutor)"
"2303303";"CARIUS";"CE";"Pequeno Porte I";"3,18905711242465e-01";"3,52115668088797e+01";"1. Despertados (Efeito Indutor)"
"2303402";"CARNAUBAL";"CE";"Pequeno Porte I";"3,05655551905869e+01";"1,99042339005024e+01";"2. Constantes (Sustentabilidade)"
"2303501";"CASCAVEL";"CE";"Médio Porte";"1,14715056526448e+01";"2,85500916280596e+01";"1. Despertados (Efeito Indutor)"
"2303600";"CATARINA";"CE";"Pequeno Porte I";"9,86637929878392e+00";"5,73270240153591e+01";"1. Despertados (Efeito Indutor)"
"2303659";"CATUNDA";"CE";"Pequeno Porte I";"5,78129647295833e+01";"1,39405637893652e+02";"1. Despertados (Efeito Indutor)"
"2303709";"CAUCAIA";"CE";"Grande Porte";"9,86406679682100e+00";"2,75669821604676e+00";"4. Efeito Substituição (Retração Local)"
"2303808";"CEDRO";"CE";"Pequeno Porte II";"1,71569919320777e+01";"2,28165373766468e+01";"2. Constantes (Sustentabilidade)"
"2303907";"CHAVAL";"CE";"Pequeno Porte I";"2,68175578402504e+00";"1,60770715032154e+01";"1. Despertados (Efeito Indutor)"
"2303931";"CHORO";"CE";"Pequeno Porte I";"5,39527162875063e+01";"9,30278755787762e+01";"1. Despertados (Efeito Indutor)"
"2303956";"CHOROZINHO";"CE";"Pequeno Porte II";"1,07817658873161e+01";"1,75001450900389e+02";"1. Despertados (Efeito Indutor)"
"2304004";"COREAU";"CE";"Pequeno Porte II";"2,21973560286241e+00";"1,14747353904343e+02";"1. Despertados (Efeito Indutor)"
"2304103";"CRATEUS";"CE";"Médio Porte";"1,72637980832928e+01";"7,52626925596734e+01";"1. Despertados (Efeito Indutor)"
"2304202";"CRATO";"CE";"Grande Porte";"2,92015804028740e+01";"4,14022200849858e+01";"1. Despertados (Efeito Indutor)"
"2304236";"CROATA";"CE";"Pequeno Porte I";"5,08849098021652e+01";"2,25814007551197e+01";"4. Efeito Substituição (Retração Local)"
"2304251";"CRUZ";"CE";"Pequeno Porte II";"2,68644489759745e+01";"4,91628487643923e+01";"1. Despertados (Efeito Indutor)"
"2304269";"DEPUTADO IRAPUAN PINHEIRO";"CE";"Pequeno Porte I";"3,15956663376416e+01";"7,97988520393340e+01";"1. Despertados (Efeito Indutor)"
"2304277";"ERERE";"CE";"Pequeno Porte I";"5,11888628744983e+01";"1,45982968068940e+02";"1. Despertados (Efeito Indutor)"
"2304285";"EUSEBIO";"CE";"Médio Porte";"1,03225746248908e+01";"1,61316070179690e+02";"1. Despertados (Efeito Indutor)"
"2304301";"FARIAS BRITO";"CE";"Pequeno Porte I";"0,00000000000000e+00";"1,31679900556076e+02";"1. Despertados (Efeito Indutor)"
"2304400";"FORTALEZA";"CE";"Metrópole";"7,23456335576469e+01";"4,83563606057411e+01";"4. Efeito Substituição (Retração Local)"
"2304459";"FORTIM";"CE";"Pequeno Porte I";"4,81125417292554e+00";"8,30883713750002e+00";"2. Constantes (Sustentabilidade)"
"2304509";"FRECHEIRINHA";"CE";"Pequeno Porte I";"1,11470412994589e+01";"5,23330222886550e+01";"1. Despertados (Efeito Indutor)"
"2304608";"GENERAL SAMPAIO";"CE";"Pequeno Porte I";"3,36233553849829e+01";"8,06610798403775e+01";"1. Despertados (Efeito Indutor)"
"2304657";"GRACA";"CE";"Pequeno Porte I";"1,22989444520776e+02";"1,66180801059123e+02";"1. Despertados (Efeito Indutor)"
"2304707";"GRANJA";"CE";"Médio Porte";"2,67985959308124e+01";"1,26579832955136e+02";"1. Despertados (Efeito Indutor)"
"2304905";"GROAIRAS";"CE";"Pequeno Porte I";"6,91565282549080e+01";"1,27174947050452e+02";"1. Despertados (Efeito Indutor)"
"2304954";"GUAIUBA";"CE";"Pequeno Porte II";"1,51888970734212e+01";"5,43462998764290e+01";"1. Despertados (Efeito Indutor)"
"2305001";"GUARACIABA DO NORTE";"CE";"Pequeno Porte II";"1,60024197975042e+01";"6,86344045991752e+01";"1. Despertados (Efeito Indutor)"
"2305100";"GUARAMIRANGA";"CE";"Pequeno Porte I";"7,99341253291903e+01";"1,42798131953276e+02";"1. Despertados (Efeito Indutor)"
"2305209";"HIDROLANDIA";"CE";"Pequeno Porte I";"1,21163023397172e+01";"6,76228242618177e+01";"1. Despertados (Efeito Indutor)"
"2305233";"HORIZONTE";"CE";"Médio Porte";"4,30732783724864e+01";"8,79593853138454e+01";"1. Despertados (Efeito Indutor)"
"2305266";"IBARETAMA";"CE";"Pequeno Porte I";"0,00000000000000e+00";"8,38962338950670e+00";"1. Despertados (Efeito Indutor)"
"2305308";"IBIAPINA";"CE";"Pequeno Porte II";"3,13751515775909e+01";"7,86123404539489e+01";"1. Despertados (Efeito Indutor)"
"2305332";"IBICUITINGA";"CE";"Pequeno Porte I";"4,95299809832160e+01";"1,52133118052896e+02";"1. Despertados (Efeito Indutor)"
"2305357";"ICAPUI";"CE";"Pequeno Porte II";"9,39087847489727e+01";"1,26106386406296e+02";"1. Despertados (Efeito Indutor)"
"2305407";"ICO";"CE";"Médio Porte";"1,41519985003472e+01";"6,81320966271190e+01";"1. Despertados (Efeito Indutor)"
"2305506";"IGUATU";"CE";"Médio Porte";"0,00000000000000e+00";"4,99894394966507e+01";"1. Despertados (Efeito Indutor)"
"2305605";"INDEPENDENCIA";"CE";"Pequeno Porte II";"3,69456619166238e+01";"3,90179909605783e+01";"2. Constantes (Sustentabilidade)"
"2305654";"IPAPORANGA";"CE";"Pequeno Porte I";"6,88039654009362e+01";"1,24990166215458e+02";"1. Despertados (Efeito Indutor)"
"2305704";"IPAUMIRIM";"CE";"Pequeno Porte I";"2,32475401652634e+01";"9,76305363977572e+01";"1. Despertados (Efeito Indutor)"
"2305803";"IPU";"CE";"Pequeno Porte II";"5,22049929435129e+00";"2,65927900126923e-01";"2. Constantes (Sustentabilidade)"
"2305902";"IPUEIRAS";"CE";"Pequeno Porte II";"2,04387034109988e+01";"8,63424394921758e+01";"1. Despertados (Efeito Indutor)"
"2306009";"IRACEMA";"CE";"Pequeno Porte I";"6,31864198133045e+01";"1,26151481618264e+02";"1. Despertados (Efeito Indutor)"
"2306108";"IRAUCUBA";"CE";"Pequeno Porte II";"1,69916199528789e+01";"3,31566969470893e+01";"1. Despertados (Efeito Indutor)"
"2306207";"ITAICABA";"CE";"Pequeno Porte I";"7,05636522035001e+01";"1,68254364150385e+02";"1. Despertados (Efeito Indutor)"
"2306256";"ITAITINGA";"CE";"Médio Porte";"2,50029079182347e+01";"2,70418228572730e+01";"2. Constantes (Sustentabilidade)"
"2306306";"ITAPAJE";"CE";"Pequeno Porte II";"1,16321494877585e+01";"2,61126074300112e+01";"1. Despertados (Efeito Indutor)"
"2306405";"ITAPIPOCA";"CE";"Grande Porte";"4,78543174460730e+01";"8,51917925992153e+01";"1. Despertados (Efeito Indutor)"
"2306504";"ITAPIUNA";"CE";"Pequeno Porte I";"1,82506998461345e+01";"4,42221707521521e+01";"1. Despertados (Efeito Indutor)"
"2306553";"ITAREMA";"CE";"Pequeno Porte II";"4,24649108945366e+01";"8,54965349780777e+01";"1. Despertados (Efeito Indutor)"
"2306603";"ITATIRA";"CE";"Pequeno Porte II";"1,46864700492704e+01";"3,03938527958497e+01";"1. Despertados (Efeito Indutor)"
"2306702";"JAGUARETAMA";"CE";"Pequeno Porte I";"4,53953382932694e+01";"1,23678982931402e+02";"1. Despertados (Efeito Indutor)"
"2306801";"JAGUARIBARA";"CE";"Pequeno Porte I";"5,91789867165619e+01";"1,18153705735709e+02";"1. Despertados (Efeito Indutor)"
"2306900";"JAGUARIBE";"CE";"Pequeno Porte II";"1,23145600095434e+01";"3,30749505466334e+01";"1. Despertados (Efeito Indutor)"
"2307007";"JAGUARUANA";"CE";"Pequeno Porte II";"9,16710311615708e+01";"1,63652032781927e+02";"1. Despertados (Efeito Indutor)"
"2307106";"JARDIM";"CE";"Pequeno Porte II";"1,68978733564693e+01";"2,95925855301434e+01";"1. Despertados (Efeito Indutor)"
"2307254";"JIJOCA DE JERICOACOARA";"CE";"Pequeno Porte II";"4,16435997628026e+01";"1,03285139069758e+02";"1. Despertados (Efeito Indutor)"
"2307304";"JUAZEIRO DO NORTE";"CE";"Grande Porte";"1,33403881754698e+01";"1,68026150609443e+01";"2. Constantes (Sustentabilidade)"
"2307403";"JUCAS";"CE";"Pequeno Porte II";"1,82129154618295e+01";"5,44889233539670e+01";"1. Despertados (Efeito Indutor)"
"2307502";"LAVRAS DA MANGABEIRA";"CE";"Pequeno Porte II";"6,29154493306388e-02";"1,95054967341181e+00";"2. Constantes (Sustentabilidade)"
"2307601";"LIMOEIRO DO NORTE";"CE";"Médio Porte";"4,44697558076708e+01";"3,09553547111143e+01";"2. Constantes (Sustentabilidade)"
"2307635";"MADALENA";"CE";"Pequeno Porte I";"5,27076507839439e+01";"1,04800930962204e+02";"1. Despertados (Efeito Indutor)"
"2307650";"MARACANAU";"CE";"Grande Porte";"2,84659680598970e+01";"5,55606780808563e+01";"1. Despertados (Efeito Indutor)"
"2307700";"MARANGUAPE";"CE";"Grande Porte";"1,50654412602946e+01";"5,36362240817366e+01";"1. Despertados (Efeito Indutor)"
"2307809";"MARCO";"CE";"Pequeno Porte II";"0,00000000000000e+00";"3,66900824716943e+01";"1. Despertados (Efeito Indutor)"
"2307908";"MARTINOPOLE";"CE";"Pequeno Porte I";"1,75817344971217e+01";"6,33763335719357e+01";"1. Despertados (Efeito Indutor)"
"2308005";"MASSAPE";"CE";"Pequeno Porte II";"3,73300862088119e+01";"1,55874120063029e+02";"1. Despertados (Efeito Indutor)"
"2308104";"MAURITI";"CE";"Pequeno Porte II";"2,84738125081001e+01";"3,92447223074448e+01";"1. Despertados (Efeito Indutor)"
"2308203";"MERUOCA";"CE";"Pequeno Porte I";"9,57242680399550e+01";"1,71783556421073e+02";"1. Despertados (Efeito Indutor)"
"2308302";"MILAGRES";"CE";"Pequeno Porte II";"0,00000000000000e+00";"1,57786017609564e+02";"1. Despertados (Efeito Indutor)"
"2308351";"MILHA";"CE";"Pequeno Porte I";"1,96275509660763e+01";"9,95740681718130e+01";"1. Despertados (Efeito Indutor)"
"2308377";"MIRAIMA";"CE";"Pequeno Porte I";"7,57276520072289e+00";"2,23494630557041e+01";"1. Despertados (Efeito Indutor)"
"2308401";"MISSAO VELHA";"CE";"Pequeno Porte II";"0,00000000000000e+00";"5,70652767938135e+01";"1. Despertados (Efeito Indutor)"
"2308500";"MOMBACA";"CE";"Pequeno Porte II";"7,99614162085491e-01";"2,26712107230620e+01";"1. Despertados (Efeito Indutor)"
"2308609";"MONSENHOR TABOSA";"CE";"Pequeno Porte I";"1,25764754223352e+01";"1,20338946613503e+01";"2. Constantes (Sustentabilidade)"
"2308708";"MORADA NOVA";"CE";"Médio Porte";"3,80452766750019e+01";"4,81488205627276e+01";"2. Constantes (Sustentabilidade)"
"2308906";"MORRINHOS";"CE";"Pequeno Porte II";"1,73125079451591e+01";"6,12399394957636e+00";"4. Efeito Substituição (Retração Local)"
"2309102";"MULUNGU";"CE";"Pequeno Porte I";"1,07600217421558e+02";"1,66979994642278e+02";"1. Despertados (Efeito Indutor)"
"2309201";"NOVA OLINDA";"CE";"Pequeno Porte I";"2,00222961063653e+01";"8,38792040782397e+01";"1. Despertados (Efeito Indutor)"
"2309409";"NOVO ORIENTE";"CE";"Pequeno Porte II";"3,41511163888741e+01";"1,06579763183730e+02";"1. Despertados (Efeito Indutor)"
"2309458";"OCARA";"CE";"Pequeno Porte II";"3,12379512053518e+01";"6,22982760041838e+01";"1. Despertados (Efeito Indutor)"
"2309508";"OROS";"CE";"Pequeno Porte I";"5,17512715155354e+00";"5,50744448875835e+01";"1. Despertados (Efeito Indutor)"
"2309607";"PACAJUS";"CE";"Médio Porte";"3,65402402608571e+01";"2,54949155243482e+01";"2. Constantes (Sustentabilidade)"
"2309706";"PACATUBA";"CE";"Médio Porte";"6,06720352138225e+01";"4,87884691300526e+00";"4. Efeito Substituição (Retração Local)"
"2310001";"PALHANO";"CE";"Pequeno Porte I";"0,00000000000000e+00";"2,13899503159604e+01";"1. Despertados (Efeito Indutor)"
"2310100";"PALMACIA";"CE";"Pequeno Porte I";"8,82072061567917e+01";"1,39867247928289e+02";"1. Despertados (Efeito Indutor)"
"2310209";"PARACURU";"CE";"Pequeno Porte II";"4,63608570311424e+01";"1,13742051274041e+02";"1. Despertados (Efeito Indutor)"
"2310258";"PARAIPABA";"CE";"Pequeno Porte II";"5,64971126323873e+01";"3,02442731847439e+01";"4. Efeito Substituição (Retração Local)"
"2310308";"PARAMBU";"CE";"Pequeno Porte II";"0,00000000000000e+00";"1,40893003816495e+02";"1. Despertados (Efeito Indutor)"
"2310407";"PARAMOTI";"CE";"Pequeno Porte I";"2,55083145150891e+01";"1,29610739149922e+02";"1. Despertados (Efeito Indutor)"
"2310506";"PEDRA BRANCA";"CE";"Pequeno Porte II";"2,84272815352457e+01";"4,88203036580210e+01";"1. Despertados (Efeito Indutor)"
"2310605";"PENAFORTE";"CE";"Pequeno Porte I";"0,00000000000000e+00";"1,30466526577753e+02";"1. Despertados (Efeito Indutor)"
"2310704";"PENTECOSTE";"CE";"Pequeno Porte II";"4,33636834779969e+01";"2,31249218546298e+01";"4. Efeito Substituição (Retração Local)"
"2310803";"PEREIRO";"CE";"Pequeno Porte I";"2,45601480676284e+01";"8,34190957112523e+01";"1. Despertados (Efeito Indutor)"
"2310852";"PINDORETAMA";"CE";"Pequeno Porte II";"8,82618337283906e+00";"3,05567428222185e+01";"1. Despertados (Efeito Indutor)"
"2310902";"PIQUET CARNEIRO";"CE";"Pequeno Porte I";"2,05924774299887e+01";"3,88062458826489e+01";"1. Despertados (Efeito Indutor)"
"2310951";"PIRES FERREIRA";"CE";"Pequeno Porte I";"1,83116665846447e+01";"1,95950446333270e+02";"1. Despertados (Efeito Indutor)"
"2311009";"PORANGA";"CE";"Pequeno Porte I";"1,33924955961515e+01";"6,29298535824698e+01";"1. Despertados (Efeito Indutor)"
"2311108";"PORTEIRAS";"CE";"Pequeno Porte I";"4,82390955351000e+01";"2,53277833030042e+01";"4. Efeito Substituição (Retração Local)"
"2311207";"POTENGI";"CE";"Pequeno Porte I";"1,44292415714576e+01";"1,04494234203771e+02";"1. Despertados (Efeito Indutor)"
"2311264";"QUITERIANOPOLIS";"CE";"Pequeno Porte II";"9,74910518964392e+00";"3,70084265429759e+00";"2. Constantes (Sustentabilidade)"
"2311306";"QUIXADA";"CE";"Médio Porte";"2,24789746952847e+01";"1,63181766198131e+01";"2. Constantes (Sustentabilidade)"
"2311355";"QUIXELO";"CE";"Pequeno Porte I";"7,87968955408735e+01";"1,72375944116682e+02";"1. Despertados (Efeito Indutor)"
"2311405";"QUIXERAMOBIM";"CE";"Médio Porte";"2,29742930971754e+01";"9,82663875980315e+00";"4. Efeito Substituição (Retração Local)"
"2311504";"QUIXERE";"CE";"Pequeno Porte II";"5,55547361659817e+01";"1,02605569571052e+02";"1. Despertados (Efeito Indutor)"
"2311603";"REDENCAO";"CE";"Pequeno Porte II";"9,22255826246161e+01";"7,14833032531373e+01";"2. Constantes (Sustentabilidade)"
"2311801";"RUSSAS";"CE";"Médio Porte";"2,68098617656079e+01";"5,52226812748816e+01";"1. Despertados (Efeito Indutor)"
"2311900";"SABOEIRO";"CE";"Pequeno Porte I";"0,00000000000000e+00";"7,15906815324630e+00";"1. Despertados (Efeito Indutor)"
"2311959";"SALITRE";"CE";"Pequeno Porte I";"4,11670969458161e+00";"1,32740376363652e+02";"1. Despertados (Efeito Indutor)"
"2312007";"SANTANA DO ACARAU";"CE";"Pequeno Porte II";"6,51937569641031e-01";"1,29523062372260e+02";"1. Despertados (Efeito Indutor)"
"2312106";"SANTANA DO CARIRI";"CE";"Pequeno Porte I";"0,00000000000000e+00";"1,18224045977095e+02";"1. Despertados (Efeito Indutor)"
"2312205";"SANTA QUITERIA";"CE";"Pequeno Porte II";"2,06520448904863e+01";"7,89089054324417e+01";"1. Despertados (Efeito Indutor)"
"2312304";"SAO BENEDITO";"CE";"Pequeno Porte II";"1,35637703157721e+01";"8,38463054698977e+01";"1. Despertados (Efeito Indutor)"
"2312601";"SAO LUIS DO CURU";"CE";"Pequeno Porte I";"1,08040356779740e+01";"5,03585340934329e+01";"1. Despertados (Efeito Indutor)"
"2312700";"SENADOR POMPEU";"CE";"Pequeno Porte II";"2,17512516745874e+01";"2,06744048018872e+01";"2. Constantes (Sustentabilidade)"
"2312908";"SOBRAL";"CE";"Grande Porte";"3,81320196162718e+01";"6,25270183461723e+01";"1. Despertados (Efeito Indutor)"
"2313005";"SOLONOPOLE";"CE";"Pequeno Porte I";"4,18236024336196e+00";"3,29477057356744e+01";"1. Despertados (Efeito Indutor)"
"2313104";"TABULEIRO DO NORTE";"CE";"Pequeno Porte II";"2,94708630856941e+01";"4,06199179815450e+01";"1. Despertados (Efeito Indutor)"
"2313252";"TARRAFAS";"CE";"Pequeno Porte I";"4,28443516765365e+01";"8,37616107134456e+01";"1. Despertados (Efeito Indutor)"
"2313302";"TAUA";"CE";"Médio Porte";"3,20923213190911e+01";"1,25916638005469e+02";"1. Despertados (Efeito Indutor)"
"2313351";"TEJUCUOCA";"CE";"Pequeno Porte I";"1,22708678984789e+01";"4,86675890249144e+01";"1. Despertados (Efeito Indutor)"
"2313401";"TIANGUA";"CE";"Médio Porte";"1,62299195488761e+01";"3,92873248399312e+01";"1. Despertados (Efeito Indutor)"
"2313500";"TRAIRI";"CE";"Médio Porte";"1,55742346466769e+01";"1,14491676636163e+02";"1. Despertados (Efeito Indutor)"
"2313559";"TURURU";"CE";"Pequeno Porte I";"1,26840460539526e+01";"6,27925577712432e+01";"1. Despertados (Efeito Indutor)"
"2313609";"UBAJARA";"CE";"Pequeno Porte II";"3,80108381449595e+01";"1,15675423827281e+02";"1. Despertados (Efeito Indutor)"
"2313708";"UMARI";"CE";"Pequeno Porte I";"2,53567550387386e+01";"1,61858978717763e+02";"1. Despertados (Efeito Indutor)"
"2313757";"UMIRIM";"CE";"Pequeno Porte I";"2,89893262640975e+00";"3,45316188772517e+01";"1. Despertados (Efeito Indutor)"
"2313807";"URUBURETAMA";"CE";"Pequeno Porte II";"3,98449129183573e+01";"6,02305613915408e+01";"1. Despertados (Efeito Indutor)"
"2313955";"VARJOTA";"CE";"Pequeno Porte I";"6,76192859082704e+01";"9,84107168880747e+01";"1. Despertados (Efeito Indutor)"
"2314003";"VARZEA ALEGRE";"CE";"Pequeno Porte II";"2,58850026190319e+01";"5,44024209065699e+01";"1. Despertados (Efeito Indutor)"
"2314102";"VICOSA DO CEARA";"CE";"Médio Porte";"8,26718925048239e+00";"3,26220916438059e+00";"2. Constantes (Sustentabilidade)"
"2400109";"ACARI";"RN";"Pequeno Porte I";"5,25960256011107e+01";"9,34583934594639e+01";"1. Despertados (Efeito Indutor)"
"2400307";"AFONSO BEZERRA";"RN";"Pequeno Porte I";"4,26423581245209e+00";"8,18805299215820e+01";"1. Despertados (Efeito Indutor)"
"2400505";"ALEXANDRIA";"RN";"Pequeno Porte I";"3,73379396628572e+01";"1,26561043513850e+02";"1. Despertados (Efeito Indutor)"
"2400901";"ANTONIO MARTINS";"RN";"Pequeno Porte I";"0,00000000000000e+00";"5,47793322464926e+01";"1. Despertados (Efeito Indutor)"
"2401008";"APODI";"RN";"Pequeno Porte II";"3,93811870999963e+01";"4,74599081070147e+01";"2. Constantes (Sustentabilidade)"
"2401107";"AREIA BRANCA";"RN";"Pequeno Porte II";"8,39293742506155e+00";"0,00000000000000e+00";"4. Efeito Substituição (Retração Local)"
"2401206";"AREZ";"RN";"Pequeno Porte I";"1,50714155797329e+02";"1,53292376937761e+02";"2. Constantes (Sustentabilidade)"
"2401305";"CAMPO GRANDE";"RN";"Pequeno Porte I";"2,17706306331285e+01";"1,58616130043662e+02";"1. Despertados (Efeito Indutor)"
"2401404";"BAIA FORMOSA";"RN";"Pequeno Porte I";"1,09491776510850e+01";"1,06499132506095e+01";"2. Constantes (Sustentabilidade)"
"2401453";"BARAUNA";"RN";"Pequeno Porte II";"0,00000000000000e+00";"2,12219023739072e+01";"1. Despertados (Efeito Indutor)"
"2401503";"BARCELONA";"RN";"Pequeno Porte I";"2,13044976396819e+01";"5,78026927410409e+01";"1. Despertados (Efeito Indutor)"
"2401602";"BENTO FERNANDES";"RN";"Pequeno Porte I";"2,17941484997359e+01";"0,00000000000000e+00";"4. Efeito Substituição (Retração Local)"
"2401701";"BOM JESUS";"RN";"Pequeno Porte I";"1,09855804866226e+01";"1,60698616658022e+01";"2. Constantes (Sustentabilidade)"
"2401800";"BREJINHO";"RN";"Pequeno Porte I";"2,45534559156770e+01";"4,96263034351937e+01";"1. Despertados (Efeito Indutor)"
"2402006";"CAICO";"RN";"Médio Porte";"2,86196288448797e+01";"5,87670420498413e+01";"1. Despertados (Efeito Indutor)"
"2402105";"CAMPO REDONDO";"RN";"Pequeno Porte I";"3,40001106839925e+01";"3,75686588342443e+01";"2. Constantes (Sustentabilidade)"
"2402204";"CANGUARETAMA";"RN";"Pequeno Porte II";"3,40397487298069e+01";"4,41630443281738e+01";"2. Constantes (Sustentabilidade)"
"2402303";"CARAUBAS";"RN";"Pequeno Porte I";"1,40294096759104e+02";"1,34251741083862e+02";"2. Constantes (Sustentabilidade)"
"2402402";"CARNAUBA DOS DANTAS";"RN";"Pequeno Porte I";"2,63335071357878e+01";"1,07636309927779e+02";"1. Despertados (Efeito Indutor)"
"2402501";"CARNAUBAIS";"RN";"Pequeno Porte I";"6,92817610409121e+01";"6,70084011131058e+01";"2. Constantes (Sustentabilidade)"
"2402600";"CEARA-MIRIM";"RN";"Médio Porte";"7,12292962208228e+01";"9,02285337858443e+01";"2. Constantes (Sustentabilidade)"
"2402709";"CERRO CORA";"RN";"Pequeno Porte I";"0,00000000000000e+00";"3,29422241716599e+01";"1. Despertados (Efeito Indutor)"
"2402808";"CORONEL EZEQUIEL";"RN";"Pequeno Porte I";"2,05368443307622e+01";"2,88162045816186e+00";"4. Efeito Substituição (Retração Local)"
"2402907";"CORONEL JOAO PESSOA";"RN";"Pequeno Porte I";"5,27512310532365e+00";"3,24830859309514e+01";"1. Despertados (Efeito Indutor)"
"2403103";"CURRAIS NOVOS";"RN";"Pequeno Porte II";"6,22140604222282e+01";"2,37763345628240e+01";"4. Efeito Substituição (Retração Local)"
"2403202";"DOUTOR SEVERIANO";"RN";"Pequeno Porte I";"1,13714881277215e+01";"4,28181178204484e+01";"1. Despertados (Efeito Indutor)"
"2403251";"PARNAMIRIM";"RN";"Grande Porte";"3,40711965443434e+01";"3,64578880167820e+01";"2. Constantes (Sustentabilidade)"
"2403301";"ENCANTO";"RN";"Pequeno Porte I";"5,90567455389305e+00";"2,16693669928263e+00";"2. Constantes (Sustentabilidade)"
"2403400";"EQUADOR";"RN";"Pequeno Porte I";"6,73380971419584e+01";"1,59957087316621e+02";"1. Despertados (Efeito Indutor)"
"2403509";"ESPIRITO SANTO";"RN";"Pequeno Porte I";"2,63906294711382e+01";"7,49347313713405e+01";"1. Despertados (Efeito Indutor)"
"2403608";"EXTREMOZ";"RN";"Médio Porte";"6,53062529932005e+00";"4,28468716562534e+01";"1. Despertados (Efeito Indutor)"
"2403707";"FELIPE GUERRA";"RN";"Pequeno Porte I";"1,26402071181120e+01";"5,05208445491252e+00";"4. Efeito Substituição (Retração Local)"
"2403806";"FLORANIA";"RN";"Pequeno Porte I";"1,02409973709684e+01";"1,50513908629456e+01";"2. Constantes (Sustentabilidade)"
"2403905";"FRANCISCO DANTAS";"RN";"Pequeno Porte I";"5,98225318435231e+01";"7,24197782301376e+01";"2. Constantes (Sustentabilidade)"
"2404101";"GALINHOS";"RN";"Pequeno Porte I";"1,71932214093490e+01";"0,00000000000000e+00";"4. Efeito Substituição (Retração Local)"
"2404200";"GOIANINHA";"RN";"Pequeno Porte II";"1,41372879938009e+02";"1,09929754262142e+02";"2. Constantes (Sustentabilidade)"
"2404309";"GOVERNADOR DIX-SEPT ROSADO";"RN";"Pequeno Porte I";"1,78899370481187e+02";"8,15783735991883e+01";"4. Efeito Substituição (Retração Local)"
"2404408";"GROSSOS";"RN";"Pequeno Porte I";"1,76892724580406e+01";"8,38546167704071e+01";"1. Despertados (Efeito Indutor)"
"2404507";"GUAMARE";"RN";"Pequeno Porte I";"1,47776187614529e+02";"1,98871561991870e+02";"1. Despertados (Efeito Indutor)"
"2404705";"IPANGUACU";"RN";"Pequeno Porte I";"1,29131603226053e+02";"6,68254151390578e+01";"4. Efeito Substituição (Retração Local)"
"2404804";"IPUEIRA";"RN";"Pequeno Porte I";"5,17002076232736e+01";"1,02239230508494e+02";"1. Despertados (Efeito Indutor)"
"2404853";"ITAJA";"RN";"Pequeno Porte I";"3,67446106891449e+01";"6,10115278854913e+00";"4. Efeito Substituição (Retração Local)"
"2404903";"ITAU";"RN";"Pequeno Porte I";"4,37861599020197e+01";"1,17576599725741e+02";"1. Despertados (Efeito Indutor)"
"2405009";"JACANA";"RN";"Pequeno Porte I";"0,00000000000000e+00";"3,87158042396795e+01";"1. Despertados (Efeito Indutor)"
"2405108";"JANDAIRA";"RN";"Pequeno Porte I";"5,23000622263334e+01";"3,53534057238781e+01";"4. Efeito Substituição (Retração Local)"
"2405207";"JANDUIS";"RN";"Pequeno Porte I";"6,94442702103094e+01";"4,67367783316890e+01";"4. Efeito Substituição (Retração Local)"
"2405306";"JANUARIO CICCO";"RN";"Pequeno Porte I";"9,70638040578934e-01";"0,00000000000000e+00";"2. Constantes (Sustentabilidade)"
"2405405";"JAPI";"RN";"Pequeno Porte I";"3,05088532278336e+01";"7,39977692007035e+01";"1. Despertados (Efeito Indutor)"
"2405504";"JARDIM DE ANGICOS";"RN";"Pequeno Porte I";"9,62019730386961e+00";"5,53959786622897e+01";"1. Despertados (Efeito Indutor)"
"2405603";"JARDIM DE PIRANHAS";"RN";"Pequeno Porte I";"6,96287255983601e+01";"1,51192574506489e+02";"1. Despertados (Efeito Indutor)"
"2405702";"JARDIM DO SERIDO";"RN";"Pequeno Porte I";"9,65033358229089e+01";"8,44846750119910e+01";"2. Constantes (Sustentabilidade)"
"2405801";"JOAO CAMARA";"RN";"Pequeno Porte II";"9,87686122132482e+00";"1,00604116389672e+02";"1. Despertados (Efeito Indutor)"
"2405900";"JOAO DIAS";"RN";"Pequeno Porte I";"0,00000000000000e+00";"1,57976711385758e+02";"1. Despertados (Efeito Indutor)"
"2406106";"JUCURUTU";"RN";"Pequeno Porte I";"1,74376246025805e+01";"9,40042524009299e+01";"1. Despertados (Efeito Indutor)"
"2406155";"JUNDIA";"RN";"Pequeno Porte I";"1,04574862738274e+01";"3,14322275149446e+00";"4. Efeito Substituição (Retração Local)"
"2406205";"LAGOA D'ANTA";"RN";"Pequeno Porte I";"1,66172851464981e+01";"9,48167359149341e+01";"1. Despertados (Efeito Indutor)"
"2406304";"LAGOA DE PEDRAS";"RN";"Pequeno Porte I";"5,28187972276462e+00";"3,61492550935638e+01";"1. Despertados (Efeito Indutor)"
"2406403";"LAGOA DE VELHOS";"RN";"Pequeno Porte I";"2,39566475796492e+00";"8,83362053914954e+01";"1. Despertados (Efeito Indutor)"
"2406502";"LAGOA NOVA";"RN";"Pequeno Porte I";"6,64309211663172e+00";"5,51830532230433e+00";"2. Constantes (Sustentabilidade)"
"2406601";"LAGOA SALGADA";"RN";"Pequeno Porte I";"0,00000000000000e+00";"8,33685100054604e+01";"1. Despertados (Efeito Indutor)"
"2406700";"LAJES";"RN";"Pequeno Porte I";"1,92918733854318e+01";"5,75970911990870e+01";"1. Despertados (Efeito Indutor)"
"2406809";"LAJES PINTADAS";"RN";"Pequeno Porte I";"6,87848084840461e+01";"6,90823718247690e+01";"2. Constantes (Sustentabilidade)"
"2407005";"LUIS GOMES";"RN";"Pequeno Porte I";"3,65861036929180e+01";"1,63896427873102e+02";"1. Despertados (Efeito Indutor)"
"2407104";"MACAIBA";"RN";"Médio Porte";"9,69257752697732e+01";"7,03024932232030e+01";"4. Efeito Substituição (Retração Local)"
"2407203";"MACAU";"RN";"Pequeno Porte II";"8,11922314269336e-01";"2,21043261816225e+01";"1. Despertados (Efeito Indutor)"
"2407302";"MARCELINO VIEIRA";"RN";"Pequeno Porte I";"2,80338106072826e+01";"8,44120353269389e+01";"1. Despertados (Efeito Indutor)"
"2407401";"MARTINS";"RN";"Pequeno Porte I";"4,37756357628876e+01";"2,16713511565431e+00";"4. Efeito Substituição (Retração Local)"
"2407500";"MAXARANGUAPE";"RN";"Pequeno Porte I";"2,89713828377490e+01";"1,17859580692345e+01";"4. Efeito Substituição (Retração Local)"
"2407609";"MESSIAS TARGINO";"RN";"Pequeno Porte I";"1,47545484585452e+01";"8,57178642298313e+01";"1. Despertados (Efeito Indutor)"
"2407708";"MONTANHAS";"RN";"Pequeno Porte I";"1,74482318573664e+02";"1,42034945638760e+02";"2. Constantes (Sustentabilidade)"
"2407906";"MONTE DAS GAMELEIRAS";"RN";"Pequeno Porte I";"6,34550823864345e+01";"1,10692087193523e+02";"1. Despertados (Efeito Indutor)"
"2408003";"MOSSORO";"RN";"Grande Porte";"5,70791657208275e+01";"1,16224865402448e+02";"1. Despertados (Efeito Indutor)"
"2408102";"NATAL";"RN";"Grande Porte";"4,98344855521906e+01";"7,14527296729076e+01";"1. Despertados (Efeito Indutor)"
"2408201";"NISIA FLORESTA";"RN";"Pequeno Porte II";"8,21985208185558e+01";"7,60645798800253e+01";"2. Constantes (Sustentabilidade)"
"2408409";"OLHO D'AGUA DO BORGES";"RN";"Pequeno Porte I";"2,59970992757056e+01";"3,73578564778357e+01";"1. Despertados (Efeito Indutor)"
"2408607";"PARANA";"RN";"Pequeno Porte I";"0,00000000000000e+00";"1,07050700386772e+02";"1. Despertados (Efeito Indutor)"
"2408805";"PARAZINHO";"RN";"Pequeno Porte I";"0,00000000000000e+00";"7,45318692094537e+01";"1. Despertados (Efeito Indutor)"
"2408904";"PARELHAS";"RN";"Pequeno Porte II";"1,26263986757465e+02";"6,20051036322793e+00";"4. Efeito Substituição (Retração Local)"
"2408953";"RIO DO FOGO";"RN";"Pequeno Porte I";"1,16881895348977e+01";"0,00000000000000e+00";"4. Efeito Substituição (Retração Local)"
"2409100";"PASSA E FICA";"RN";"Pequeno Porte I";"1,39028473644691e+01";"1,40765135988956e+02";"1. Despertados (Efeito Indutor)"
"2409209";"PASSAGEM";"RN";"Pequeno Porte I";"1,82458197404234e+01";"1,17395719779573e+02";"1. Despertados (Efeito Indutor)"
"2409308";"PATU";"RN";"Pequeno Porte I";"1,06811345504796e+01";"5,41730190736486e+01";"1. Despertados (Efeito Indutor)"
"2409332";"SANTA MARIA";"RN";"Pequeno Porte I";"0,00000000000000e+00";"4,16765786638708e+01";"1. Despertados (Efeito Indutor)"
"2409407";"PAU DOS FERROS";"RN";"Pequeno Porte II";"5,77209578463105e+00";"1,79327655487222e+02";"1. Despertados (Efeito Indutor)"
"2409605";"PEDRA PRETA";"RN";"Pequeno Porte I";"0,00000000000000e+00";"1,02417042195821e+00";"2. Constantes (Sustentabilidade)"
"2409803";"PEDRO VELHO";"RN";"Pequeno Porte I";"4,54762067265170e+01";"5,32933103861610e+01";"2. Constantes (Sustentabilidade)"
"2409902";"PENDENCIAS";"RN";"Pequeno Porte I";"1,03312730832150e+02";"1,77200305517344e+02";"1. Despertados (Efeito Indutor)"
"2410009";"PILOES";"RN";"Pequeno Porte I";"3,68426208181188e+01";"1,17533135178614e+01";"4. Efeito Substituição (Retração Local)"
"2410108";"POCO BRANCO";"RN";"Pequeno Porte I";"5,48762431595235e+01";"7,66475431680381e+01";"1. Despertados (Efeito Indutor)"
"2410207";"PORTALEGRE";"RN";"Pequeno Porte I";"1,19450354095892e+01";"1,53926850582245e+02";"1. Despertados (Efeito Indutor)"
"2410256";"PORTO DO MANGUE";"RN";"Pequeno Porte I";"2,19719221213413e+01";"2,34389636873879e+01";"2. Constantes (Sustentabilidade)"
"2410306";"SERRA CAIADA";"RN";"Pequeno Porte I";"3,00544823206886e+01";"5,01390654777840e+01";"1. Despertados (Efeito Indutor)"
"2410405";"PUREZA";"RN";"Pequeno Porte I";"1,62947169074616e+01";"5,95904624008131e+00";"4. Efeito Substituição (Retração Local)"
"2410603";"RAFAEL GODEIRO";"RN";"Pequeno Porte I";"9,95160866811652e+00";"0,00000000000000e+00";"4. Efeito Substituição (Retração Local)"
"2410801";"RIACHO DE SANTANA";"RN";"Pequeno Porte I";"4,50711838983713e+01";"8,22277613666665e+01";"1. Despertados (Efeito Indutor)"
"2410900";"RIACHUELO";"RN";"Pequeno Porte I";"1,25365618946401e+01";"2,70466301258628e+00";"4. Efeito Substituição (Retração Local)"
"2411007";"RODOLFO FERNANDES";"RN";"Pequeno Porte I";"5,49094070137624e+01";"1,20351053619346e+02";"1. Despertados (Efeito Indutor)"
"2411056";"TIBAU";"RN";"Pequeno Porte I";"1,18047587556429e+01";"8,45124864554507e+01";"1. Despertados (Efeito Indutor)"
"2411205";"SANTA CRUZ";"RN";"Pequeno Porte II";"4,47820446265569e+01";"5,78943305969905e+01";"2. Constantes (Sustentabilidade)"
"2411403";"SANTANA DO MATOS";"RN";"Pequeno Porte I";"2,27662264588028e+01";"4,12266218950994e+01";"1. Despertados (Efeito Indutor)"
"2411502";"SANTO ANTONIO";"RN";"Pequeno Porte II";"2,60290415112547e+01";"7,50151476018639e+00";"4. Efeito Substituição (Retração Local)"
"2411700";"SAO BENTO DO TRAIRI";"RN";"Pequeno Porte I";"0,00000000000000e+00";"6,11472723647415e+01";"1. Despertados (Efeito Indutor)"
"2411809";"SAO FERNANDO";"RN";"Pequeno Porte I";"7,39947182238388e-01";"7,48822870011467e+01";"1. Despertados (Efeito Indutor)"
"2412005";"SAO GONCALO DO AMARANTE";"RN";"Grande Porte";"4,02309444892689e+01";"6,79683779018083e+00";"4. Efeito Substituição (Retração Local)"
"2412104";"SAO JOAO DO SABUGI";"RN";"Pequeno Porte I";"5,11760558710207e+01";"1,69012299303645e+02";"1. Despertados (Efeito Indutor)"
"2412203";"SAO JOSE DE MIPIBU";"RN";"Pequeno Porte II";"3,07107014507280e+01";"7,50329173521748e+01";"1. Despertados (Efeito Indutor)"
"2412302";"SAO JOSE DO CAMPESTRE";"RN";"Pequeno Porte I";"4,15116518442338e+01";"1,06692413538887e+02";"1. Despertados (Efeito Indutor)"
"2412401";"SAO JOSE DO SERIDO";"RN";"Pequeno Porte I";"1,48273683472609e+01";"1,48534810161356e+01";"2. Constantes (Sustentabilidade)"
"2412500";"SAO MIGUEL";"RN";"Pequeno Porte II";"9,70979692232358e+00";"4,82543339358984e+01";"1. Despertados (Efeito Indutor)"
"2412559";"SAO MIGUEL DO GOSTOSO";"RN";"Pequeno Porte I";"1,24884493378922e+01";"1,52346718459656e+02";"1. Despertados (Efeito Indutor)"
"2412609";"SAO PAULO DO POTENGI";"RN";"Pequeno Porte I";"1,50981223003657e+01";"5,85759237781896e+01";"1. Despertados (Efeito Indutor)"
"2412708";"SAO PEDRO";"RN";"Pequeno Porte I";"0,00000000000000e+00";"1,30937684129732e+02";"1. Despertados (Efeito Indutor)"
"2412807";"SAO RAFAEL";"RN";"Pequeno Porte I";"9,35074641580921e+00";"4,18341045386897e+01";"1. Despertados (Efeito Indutor)"
"2412906";"SAO TOME";"RN";"Pequeno Porte I";"1,88503576457998e+01";"8,10118198985527e+01";"1. Despertados (Efeito Indutor)"
"2413003";"SAO VICENTE";"RN";"Pequeno Porte I";"2,85098641542557e+01";"1,48174723181879e+02";"1. Despertados (Efeito Indutor)"
"2413102";"SENADOR ELOI DE SOUZA";"RN";"Pequeno Porte I";"1,04210576365959e+02";"0,00000000000000e+00";"4. Efeito Substituição (Retração Local)"
"2413300";"SERRA DE SAO BENTO";"RN";"Pequeno Porte I";"1,38188347521448e+01";"2,28882682791887e+01";"1. Despertados (Efeito Indutor)"
"2413359";"SERRA DO MEL";"RN";"Pequeno Porte I";"1,63121439232903e+02";"1,70255771639238e+02";"2. Constantes (Sustentabilidade)"
"2413409";"SERRA NEGRA DO NORTE";"RN";"Pequeno Porte I";"1,71669521236984e+01";"5,76014660653297e+00";"4. Efeito Substituição (Retração Local)"
"2413508";"SERRINHA";"RN";"Pequeno Porte I";"1,83482911534921e+02";"0,00000000000000e+00";"4. Efeito Substituição (Retração Local)"
"2413557";"SERRINHA DOS PINTOS";"RN";"Pequeno Porte I";"4,37827764502693e+01";"1,65334906056571e+02";"1. Despertados (Efeito Indutor)"
"2413607";"SEVERIANO MELO";"RN";"Pequeno Porte I";"2,91561886963639e+01";"3,50829232731912e+01";"2. Constantes (Sustentabilidade)"
"2413706";"SITIO NOVO";"RN";"Pequeno Porte I";"5,55615273323320e+01";"7,34968703135161e+01";"1. Despertados (Efeito Indutor)"
"2413904";"TAIPU";"RN";"Pequeno Porte I";"0,00000000000000e+00";"6,70073012133238e+01";"1. Despertados (Efeito Indutor)"
"2414001";"TANGARA";"RN";"Pequeno Porte I";"1,76470893467810e+01";"3,07446567971068e+01";"1. Despertados (Efeito Indutor)"
"2414100";"TENENTE ANANIAS";"RN";"Pequeno Porte I";"0,00000000000000e+00";"9,00107842616842e+01";"1. Despertados (Efeito Indutor)"
"2414159";"TENENTE LAURENTINO CRUZ";"RN";"Pequeno Porte I";"3,40660751204458e+01";"7,25499889419602e+00";"4. Efeito Substituição (Retração Local)"
"2414209";"TIBAU DO SUL";"RN";"Pequeno Porte I";"1,05201824164329e+02";"4,71879239494108e+01";"4. Efeito Substituição (Retração Local)"
"2414407";"TOUROS";"RN";"Pequeno Porte II";"1,03104343322854e+01";"1,51890938338401e+00";"4. Efeito Substituição (Retração Local)"
"2414456";"TRIUNFO POTIGUAR";"RN";"Pequeno Porte I";"1,05352092212723e+02";"1,00164805195533e+02";"2. Constantes (Sustentabilidade)"
"2414506";"UMARIZAL";"RN";"Pequeno Porte I";"3,51790765690574e+01";"8,50060821239226e+01";"1. Despertados (Efeito Indutor)"
"2414605";"UPANEMA";"RN";"Pequeno Porte I";"8,72951263603524e+01";"1,73443399042102e+02";"1. Despertados (Efeito Indutor)"
"2414704";"VARZEA";"RN";"Pequeno Porte I";"2,68198878793531e+01";"1,64083242050195e+02";"1. Despertados (Efeito Indutor)"
"2414753";"VENHA-VER";"RN";"Pequeno Porte I";"6,10267436846044e+00";"1,13627886529529e+01";"2. Constantes (Sustentabilidade)"
"2414803";"VERA CRUZ";"RN";"Pequeno Porte I";"2,38160770842050e+01";"9,82370563143241e+01";"1. Despertados (Efeito Indutor)"
"2414902";"VICOSA";"RN";"Pequeno Porte I";"4,10984046869975e+00";"8,68392346192676e+01";"1. Despertados (Efeito Indutor)"
"2415008";"VILA FLOR";"RN";"Pequeno Porte I";"1,21786633847611e+02";"1,46051378041603e+02";"2. Constantes (Sustentabilidade)"
"2500106";"AGUA BRANCA";"PB";"Pequeno Porte I";"5,28505389257259e+01";"5,47326845206213e+01";"2. Constantes (Sustentabilidade)"
"2500205";"AGUIAR";"PB";"Pequeno Porte I";"7,18413916016151e+01";"1,83136038046015e+02";"1. Despertados (Efeito Indutor)"
"2500304";"ALAGOA GRANDE";"PB";"Pequeno Porte II";"2,93401023619377e+01";"8,94972398993647e+01";"1. Despertados (Efeito Indutor)"
"2500403";"ALAGOA NOVA";"PB";"Pequeno Porte II";"2,18229445674477e+01";"1,70538141118257e+02";"1. Despertados (Efeito Indutor)"
"2500536";"ALCANTIL";"PB";"Pequeno Porte I";"2,04488026209876e+01";"1,63688392520080e+02";"1. Despertados (Efeito Indutor)"
"2500577";"ALGODAO DE JANDAIRA";"PB";"Pequeno Porte I";"4,14753300243291e+00";"1,54446958371035e+02";"1. Despertados (Efeito Indutor)"
"2500601";"ALHANDRA";"PB";"Pequeno Porte II";"1,78363706422673e-01";"1,62759906539204e+02";"1. Despertados (Efeito Indutor)"
"2500700";"SAO JOAO DO RIO DO PEIXE";"PB";"Pequeno Porte I";"2,27420746434818e+01";"9,29907235856828e+01";"1. Despertados (Efeito Indutor)"
"2500775";"APARECIDA";"PB";"Pequeno Porte I";"2,65230792835236e+01";"8,05773806532663e+01";"1. Despertados (Efeito Indutor)"
"2500809";"ARACAGI";"PB";"Pequeno Porte I";"4,83834109944130e+01";"4,10659984380632e+01";"2. Constantes (Sustentabilidade)"
"2501005";"ARARUNA";"PB";"Pequeno Porte I";"2,21425223133080e+00";"1,66450468322765e+01";"1. Despertados (Efeito Indutor)"
"2501104";"AREIA";"PB";"Pequeno Porte II";"1,92306806679512e+01";"4,20975501411316e+01";"1. Despertados (Efeito Indutor)"
"2501302";"AROEIRAS";"PB";"Pequeno Porte I";"1,84992231008661e+01";"1,55777148172395e+02";"1. Despertados (Efeito Indutor)"
"2501401";"BAIA DA TRAICAO";"PB";"Pequeno Porte I";"8,68509514148245e+00";"1,00345083080863e+02";"1. Despertados (Efeito Indutor)"
"2501500";"BANANEIRAS";"PB";"Pequeno Porte II";"2,34611355991192e+01";"0,00000000000000e+00";"4. Efeito Substituição (Retração Local)"
"2501534";"BARAUNA";"PB";"Pequeno Porte I";"2,73753994822366e+01";"1,75275147054094e+02";"1. Despertados (Efeito Indutor)"
"2501575";"BARRA DE SANTANA";"PB";"Pequeno Porte I";"2,92101425635032e+01";"1,50822347003600e+02";"1. Despertados (Efeito Indutor)"
"2501609";"BARRA DE SANTA ROSA";"PB";"Pequeno Porte I";"1,46875960441423e+01";"1,89864403719363e+02";"1. Despertados (Efeito Indutor)"
"2501807";"BAYEUX";"PB";"Médio Porte";"1,72922916481025e+01";"1,16495811828541e+01";"2. Constantes (Sustentabilidade)"
"2501906";"BELEM";"PB";"Pequeno Porte I";"4,22050130944319e+01";"1,79267852923972e+02";"1. Despertados (Efeito Indutor)"
"2502003";"BELEM DO BREJO DO CRUZ";"PB";"Pequeno Porte I";"3,82363220202668e+01";"5,37071059540032e+01";"1. Despertados (Efeito Indutor)"
"2502102";"BOA VENTURA";"PB";"Pequeno Porte I";"0,00000000000000e+00";"4,10588779309578e+01";"1. Despertados (Efeito Indutor)"
"2502300";"BOM SUCESSO";"PB";"Pequeno Porte I";"4,98928557034715e+00";"8,41435850675821e+00";"2. Constantes (Sustentabilidade)"
"2502409";"BONITO DE SANTA FE";"PB";"Pequeno Porte I";"1,74937189768015e+01";"6,31784045788196e+01";"1. Despertados (Efeito Indutor)"
"2502508";"BOQUEIRAO";"PB";"Pequeno Porte I";"1,58149399529083e+01";"4,56920866485078e+00";"4. Efeito Substituição (Retração Local)"
"2502805";"BREJO DO CRUZ";"PB";"Pequeno Porte I";"1,24867089869511e+01";"3,59301646653439e+01";"1. Despertados (Efeito Indutor)"
"2502904";"BREJO DOS SANTOS";"PB";"Pequeno Porte I";"2,82641971867386e+01";"2,64755389813876e+01";"2. Constantes (Sustentabilidade)"
"2503001";"CAAPORA";"PB";"Pequeno Porte II";"4,51675624331810e+01";"1,46421383867596e+02";"1. Despertados (Efeito Indutor)"
"2503100";"CABACEIRAS";"PB";"Pequeno Porte I";"2,90218766163447e+01";"1,44268706876181e+02";"1. Despertados (Efeito Indutor)"
"2503209";"CABEDELO";"PB";"Médio Porte";"6,30672562378477e+01";"5,51363087332590e+01";"2. Constantes (Sustentabilidade)"
"2503308";"CACHOEIRA DOS INDIOS";"PB";"Pequeno Porte I";"8,58380778444367e+00";"1,07408915977389e+02";"1. Despertados (Efeito Indutor)"
"2503506";"CACIMBA DE DENTRO";"PB";"Pequeno Porte I";"1,18769280586938e+01";"1,29523060093513e+02";"1. Despertados (Efeito Indutor)"
"2503555";"CACIMBAS";"PB";"Pequeno Porte I";"1,65477207723571e+01";"5,58595542189619e+00";"4. Efeito Substituição (Retração Local)"
"2503605";"CAICARA";"PB";"Pequeno Porte I";"3,08438853763526e+01";"1,91849733108361e+02";"1. Despertados (Efeito Indutor)"
"2503704";"CAJAZEIRAS";"PB";"Médio Porte";"2,26414251962682e+01";"3,65167801456821e+01";"1. Despertados (Efeito Indutor)"
"2503753";"CAJAZEIRINHAS";"PB";"Pequeno Porte I";"0,00000000000000e+00";"1,55964595022201e+02";"1. Despertados (Efeito Indutor)"
"2504009";"CAMPINA GRANDE";"PB";"Grande Porte";"8,39557320400455e+00";"3,35610098180964e+00";"2. Constantes (Sustentabilidade)"
"2504033";"CAPIM";"PB";"Pequeno Porte I";"2,99138423137409e+01";"3,38956752010527e+01";"2. Constantes (Sustentabilidade)"
"2504074";"CARAUBAS";"PB";"Pequeno Porte I";"0,00000000000000e+00";"1,85923742834486e+01";"1. Despertados (Efeito Indutor)"
"2504108";"CARRAPATEIRA";"PB";"Pequeno Porte I";"1,84382182668693e+01";"6,99553269302077e+01";"1. Despertados (Efeito Indutor)"
"2504157";"CASSERENGUE";"PB";"Pequeno Porte I";"1,29869126375333e+01";"8,18782380715176e+01";"1. Despertados (Efeito Indutor)"
"2504306";"CATOLE DO ROCHA";"PB";"Pequeno Porte II";"5,46749123482195e+01";"1,19711819490243e+02";"1. Despertados (Efeito Indutor)"
"2504405";"CONCEICAO";"PB";"Pequeno Porte I";"1,05632296666293e+01";"5,01133800837833e+01";"1. Despertados (Efeito Indutor)"
"2504504";"CONDADO";"PB";"Pequeno Porte I";"2,19364021290433e+01";"1,63900866955931e+02";"1. Despertados (Efeito Indutor)"
"2504603";"CONDE";"PB";"Pequeno Porte II";"9,39899615285784e+00";"1,64110608042362e+00";"4. Efeito Substituição (Retração Local)"
"2504801";"COREMAS";"PB";"Pequeno Porte I";"4,60189590770097e+01";"8,97431422214711e+01";"1. Despertados (Efeito Indutor)"
"2504900";"CRUZ DO ESPIRITO SANTO";"PB";"Pequeno Porte I";"4,79326955393916e+01";"9,60360943819832e+01";"1. Despertados (Efeito Indutor)"
"2505006";"CUBATI";"PB";"Pequeno Porte I";"4,61983822912663e+01";"1,87850314680768e+02";"1. Despertados (Efeito Indutor)"
"2505105";"CUITE";"PB";"Pequeno Porte I";"1,40482807304811e+01";"8,47224295160932e+01";"1. Despertados (Efeito Indutor)"
"2505352";"DAMIAO";"PB";"Pequeno Porte I";"3,70313414313285e+00";"7,87363866521597e+01";"1. Despertados (Efeito Indutor)"
"2505402";"DESTERRO";"PB";"Pequeno Porte I";"1,62122069900154e+01";"8,75026857749343e+00";"2. Constantes (Sustentabilidade)"
"2505501";"VISTA SERRANA";"PB";"Pequeno Porte I";"4,64831527615099e+01";"3,40617723600983e+01";"2. Constantes (Sustentabilidade)"
"2505600";"DIAMANTE";"PB";"Pequeno Porte I";"1,45669029935185e+01";"1,10478214000088e+01";"2. Constantes (Sustentabilidade)"
"2505709";"DONA INES";"PB";"Pequeno Porte I";"2,12119927424942e+01";"7,79917655431804e+01";"1. Despertados (Efeito Indutor)"
"2506004";"ESPERANCA";"PB";"Pequeno Porte II";"3,51311850427868e+01";"2,74473300808502e+01";"2. Constantes (Sustentabilidade)"
"2506103";"FAGUNDES";"PB";"Pequeno Porte I";"1,15876572555573e+01";"1,79344556585029e+01";"2. Constantes (Sustentabilidade)"
"2506251";"GADO BRAVO";"PB";"Pequeno Porte I";"3,75942745671595e+00";"4,31794837160001e+01";"1. Despertados (Efeito Indutor)"
"2506301";"GUARABIRA";"PB";"Médio Porte";"6,49642941779164e+01";"9,50439866451480e+01";"1. Despertados (Efeito Indutor)"
"2506400";"GURINHEM";"PB";"Pequeno Porte I";"1,98914478133421e+01";"4,66162454962546e+01";"1. Despertados (Efeito Indutor)"
"2506608";"IBIARA";"PB";"Pequeno Porte I";"9,43819912200598e+01";"1,31438353503356e+02";"1. Despertados (Efeito Indutor)"
"2506806";"INGA";"PB";"Pequeno Porte I";"0,00000000000000e+00";"1,70877947981814e+02";"1. Despertados (Efeito Indutor)"
"2506905";"ITABAIANA";"PB";"Pequeno Porte II";"2,08712809634768e+01";"1,39383651303463e+02";"1. Despertados (Efeito Indutor)"
"2507002";"ITAPORANGA";"PB";"Pequeno Porte II";"2,93805061070537e+01";"4,11575155319766e+01";"1. Despertados (Efeito Indutor)"
"2507101";"ITAPOROROCA";"PB";"Pequeno Porte I";"3,01235083324761e+01";"1,11479344114015e+02";"1. Despertados (Efeito Indutor)"
"2507200";"ITATUBA";"PB";"Pequeno Porte I";"1,18643555307748e+01";"2,97256392636740e+01";"1. Despertados (Efeito Indutor)"
"2507309";"JACARAU";"PB";"Pequeno Porte I";"2,75619821926316e+01";"1,77356154189676e+02";"1. Despertados (Efeito Indutor)"
"2507408";"JERICO";"PB";"Pequeno Porte I";"9,17594909726753e+00";"1,28192370268434e+01";"2. Constantes (Sustentabilidade)"
"2507507";"JOAO PESSOA";"PB";"Grande Porte";"1,03807789415626e+01";"2,77022524218247e+01";"1. Despertados (Efeito Indutor)"
"2507606";"JUAREZ TAVORA";"PB";"Pequeno Porte I";"4,30538780519370e+00";"1,59191579070780e+02";"1. Despertados (Efeito Indutor)"
"2507705";"JUAZEIRINHO";"PB";"Pequeno Porte I";"1,95299424245324e+01";"1,23034450792586e+02";"1. Despertados (Efeito Indutor)"
"2507804";"JUNCO DO SERIDO";"PB";"Pequeno Porte I";"0,00000000000000e+00";"1,91505551167407e+02";"1. Despertados (Efeito Indutor)"
"2508000";"JURU";"PB";"Pequeno Porte I";"1,88638451058736e+01";"3,39298186051549e+01";"1. Despertados (Efeito Indutor)"
"2508109";"LAGOA";"PB";"Pequeno Porte I";"2,11896993565096e+01";"6,47727775686349e+01";"1. Despertados (Efeito Indutor)"
"2508208";"LAGOA DE DENTRO";"PB";"Pequeno Porte I";"9,17616973150573e+01";"1,95426536991934e+02";"1. Despertados (Efeito Indutor)"
"2508307";"LAGOA SECA";"PB";"Pequeno Porte II";"1,13773403505937e+00";"1,32297923121610e+01";"1. Despertados (Efeito Indutor)"
"2508406";"LASTRO";"PB";"Pequeno Porte I";"3,74444669455489e+01";"2,56204846970717e+01";"2. Constantes (Sustentabilidade)"
"2508505";"LIVRAMENTO";"PB";"Pequeno Porte I";"1,93761131726025e+01";"1,85473204168626e+02";"1. Despertados (Efeito Indutor)"
"2508554";"LOGRADOURO";"PB";"Pequeno Porte I";"4,42984035210718e+01";"1,41835815092766e+02";"1. Despertados (Efeito Indutor)"
"2508604";"LUCENA";"PB";"Pequeno Porte I";"3,45241208440178e+01";"3,32322113836951e+01";"2. Constantes (Sustentabilidade)"
"2508703";"MAE D'AGUA";"PB";"Pequeno Porte I";"5,49049573392391e+01";"7,93961897823101e+01";"1. Despertados (Efeito Indutor)"
"2508901";"MAMANGUAPE";"PB";"Pequeno Porte II";"1,37731450653266e+01";"6,56290950965703e+01";"1. Despertados (Efeito Indutor)"
"2509008";"MANAIRA";"PB";"Pequeno Porte I";"1,50850306663011e+01";"1,41127505876841e+02";"1. Despertados (Efeito Indutor)"
"2509057";"MARCACAO";"PB";"Pequeno Porte I";"2,24106065659942e+00";"5,98914997450579e+00";"2. Constantes (Sustentabilidade)"
"2509107";"MARI";"PB";"Pequeno Porte II";"3,41384829157453e+01";"1,15253159897508e+02";"1. Despertados (Efeito Indutor)"
"2509156";"MARIZOPOLIS";"PB";"Pequeno Porte I";"1,19182905288236e+01";"7,63219345898545e+01";"1. Despertados (Efeito Indutor)"
"2509206";"MASSARANDUBA";"PB";"Pequeno Porte I";"9,31038846319993e+00";"7,62653029548694e+01";"1. Despertados (Efeito Indutor)"
"2509396";"MATUREIA";"PB";"Pequeno Porte I";"1,14908080863922e+01";"0,00000000000000e+00";"4. Efeito Substituição (Retração Local)"
"2509404";"MOGEIRO";"PB";"Pequeno Porte I";"1,06417503484100e+01";"2,46169287395117e+01";"1. Despertados (Efeito Indutor)"
"2509503";"MONTADAS";"PB";"Pequeno Porte I";"0,00000000000000e+00";"2,35599010667584e+01";"1. Despertados (Efeito Indutor)"
"2509602";"MONTE HOREBE";"PB";"Pequeno Porte I";"4,57113282517834e+01";"4,02180234224270e+01";"2. Constantes (Sustentabilidade)"
"2509701";"MONTEIRO";"PB";"Pequeno Porte II";"2,57085608197213e+01";"1,36786128098065e+02";"1. Despertados (Efeito Indutor)"
"2509800";"MULUNGU";"PB";"Pequeno Porte I";"3,03808038300369e+01";"1,02547583920933e+02";"1. Despertados (Efeito Indutor)"
"2510006";"NAZAREZINHO";"PB";"Pequeno Porte I";"0,00000000000000e+00";"7,89981387574058e+01";"1. Despertados (Efeito Indutor)"
"2510105";"NOVA FLORESTA";"PB";"Pequeno Porte I";"2,01269919327093e+01";"8,75886222743942e+01";"1. Despertados (Efeito Indutor)"
"2510204";"NOVA OLINDA";"PB";"Pequeno Porte I";"1,51968511050964e+01";"1,68940825125281e+02";"1. Despertados (Efeito Indutor)"
"2510501";"OLIVEDOS";"PB";"Pequeno Porte I";"1,80368613064517e+01";"1,71685208639453e+02";"1. Despertados (Efeito Indutor)"
"2510659";"PARARI";"PB";"Pequeno Porte I";"0,00000000000000e+00";"1,82338743773763e+02";"1. Despertados (Efeito Indutor)"
"2510709";"PASSAGEM";"PB";"Pequeno Porte I";"5,93595190322096e+01";"1,33364952284310e+02";"1. Despertados (Efeito Indutor)"
"2510808";"PATOS";"PB";"Grande Porte";"1,95305013897057e+01";"3,49715245929440e+01";"1. Despertados (Efeito Indutor)"
"2510907";"PAULISTA";"PB";"Pequeno Porte I";"7,28038884717020e+00";"5,90699412992495e+00";"2. Constantes (Sustentabilidade)"
"2511004";"PEDRA BRANCA";"PB";"Pequeno Porte I";"1,72462416701671e+00";"4,23061580437953e+01";"1. Despertados (Efeito Indutor)"
"2511103";"PEDRA LAVRADA";"PB";"Pequeno Porte I";"2,80815577014154e+01";"2,81281257531556e+01";"2. Constantes (Sustentabilidade)"
"2511202";"PEDRAS DE FOGO";"PB";"Pequeno Porte II";"9,59252367191995e+00";"8,44466761353043e+01";"1. Despertados (Efeito Indutor)"
"2511301";"PIANCO";"PB";"Pequeno Porte I";"3,29859382722206e+01";"1,01434763397204e+02";"1. Despertados (Efeito Indutor)"
"2511400";"PICUI";"PB";"Pequeno Porte I";"2,70300626772457e+01";"8,00305165899856e+01";"1. Despertados (Efeito Indutor)"
"2511509";"PILAR";"PB";"Pequeno Porte I";"0,00000000000000e+00";"1,43299492909439e+01";"1. Despertados (Efeito Indutor)"
"2511905";"PITIMBU";"PB";"Pequeno Porte I";"3,68308235626112e+01";"1,91440766583402e+02";"1. Despertados (Efeito Indutor)"
"2512002";"POCINHOS";"PB";"Pequeno Porte I";"2,90965558195713e+01";"1,50367653658667e+02";"1. Despertados (Efeito Indutor)"
"2512036";"POCO DANTAS";"PB";"Pequeno Porte I";"9,25007624760353e+00";"5,00367662703191e+01";"1. Despertados (Efeito Indutor)"
"2512077";"POCO DE JOSE DE MOURA";"PB";"Pequeno Porte I";"5,95377590086083e+01";"9,12372628387728e+01";"1. Despertados (Efeito Indutor)"
"2512101";"POMBAL";"PB";"Pequeno Porte II";"1,02207674593503e+01";"6,25939805540317e+00";"2. Constantes (Sustentabilidade)"
"2512309";"PRINCESA ISABEL";"PB";"Pequeno Porte II";"1,48256049762821e+01";"1,30856800393929e+02";"1. Despertados (Efeito Indutor)"
"2512408";"PUXINANA";"PB";"Pequeno Porte I";"1,04433522414594e+01";"1,07030244305967e+02";"1. Despertados (Efeito Indutor)"
"2512507";"QUEIMADAS";"PB";"Pequeno Porte II";"1,99565756903527e+01";"4,19671421001518e+01";"1. Despertados (Efeito Indutor)"
"2512705";"REMIGIO";"PB";"Pequeno Porte I";"5,45334155827507e+00";"1,27270919822017e+02";"1. Despertados (Efeito Indutor)"
"2512747";"RIACHAO";"PB";"Pequeno Porte I";"2,52561754832944e+01";"1,88180369396562e+02";"1. Despertados (Efeito Indutor)"
"2512762";"RIACHAO DO POCO";"PB";"Pequeno Porte I";"1,50230267413001e+01";"1,16649219079780e+01";"2. Constantes (Sustentabilidade)"
"2512804";"RIACHO DOS CAVALOS";"PB";"Pequeno Porte I";"0,00000000000000e+00";"1,86203439698307e+02";"1. Despertados (Efeito Indutor)"
"2512903";"RIO TINTO";"PB";"Pequeno Porte II";"1,15944757944876e+01";"2,68976832273609e+01";"1. Despertados (Efeito Indutor)"
"2513000";"SALGADINHO";"PB";"Pequeno Porte I";"1,33954382955671e+01";"1,26959398688766e+02";"1. Despertados (Efeito Indutor)"
"2513109";"SALGADO DE SAO FELIX";"PB";"Pequeno Porte I";"1,09230713793108e+02";"1,16468833892105e+02";"2. Constantes (Sustentabilidade)"
"2513158";"SANTA CECILIA";"PB";"Pequeno Porte I";"1,02272068566592e+01";"9,60593311535179e+01";"1. Despertados (Efeito Indutor)"
"2513208";"SANTA CRUZ";"PB";"Pequeno Porte I";"0,00000000000000e+00";"8,26285017655961e+00";"1. Despertados (Efeito Indutor)"
"2513307";"SANTA HELENA";"PB";"Pequeno Porte I";"5,33120654457773e+01";"1,04789651041896e+02";"1. Despertados (Efeito Indutor)"
"2513356";"SANTA INES";"PB";"Pequeno Porte I";"1,07989779271757e+01";"6,29053012875692e+01";"1. Despertados (Efeito Indutor)"
"2513505";"SANTANA DE MANGUEIRA";"PB";"Pequeno Porte I";"0,00000000000000e+00";"4,97925149700599e+01";"1. Despertados (Efeito Indutor)"
"2513604";"SANTANA DOS GARROTES";"PB";"Pequeno Porte I";"3,10243725975666e+01";"1,81410670549612e+02";"1. Despertados (Efeito Indutor)"
"2513703";"SANTA RITA";"PB";"Grande Porte";"8,60103035366465e+00";"4,64668480432377e+01";"1. Despertados (Efeito Indutor)"
"2513802";"SANTA TERESINHA";"PB";"Pequeno Porte I";"1,75243530111401e+01";"1,14000648433469e+02";"1. Despertados (Efeito Indutor)"
"2513901";"SAO BENTO";"PB";"Pequeno Porte II";"1,54651856543499e+01";"9,64752420407371e+01";"1. Despertados (Efeito Indutor)"
"2513927";"SAO BENTINHO";"PB";"Pequeno Porte I";"1,62932320767745e+01";"3,80088682529238e+01";"1. Despertados (Efeito Indutor)"
"2513968";"SAO DOMINGOS";"PB";"Pequeno Porte I";"0,00000000000000e+00";"1,03884073951068e+01";"1. Despertados (Efeito Indutor)"
"2514206";"SAO JOSE DA LAGOA TAPADA";"PB";"Pequeno Porte I";"2,50066464386151e+01";"3,13845115197932e+01";"2. Constantes (Sustentabilidade)"
"2514305";"SAO JOSE DE CAIANA";"PB";"Pequeno Porte I";"2,46950377322244e+01";"1,10092783310776e+02";"1. Despertados (Efeito Indutor)"
"2514404";"SAO JOSE DE ESPINHARAS";"PB";"Pequeno Porte I";"1,37663791571783e+01";"8,51838890565259e+01";"1. Despertados (Efeito Indutor)"
"2514453";"SAO JOSE DOS RAMOS";"PB";"Pequeno Porte I";"3,51233099160357e+01";"1,58116989686599e+02";"1. Despertados (Efeito Indutor)"
"2514503";"SAO JOSE DE PIRANHAS";"PB";"Pequeno Porte I";"1,51190075481350e+01";"6,85745258243463e+01";"1. Despertados (Efeito Indutor)"
"2514552";"SAO JOSE DE PRINCESA";"PB";"Pequeno Porte I";"1,17883223024188e+02";"1,28982827719807e+02";"2. Constantes (Sustentabilidade)"
"2514602";"SAO JOSE DO BONFIM";"PB";"Pequeno Porte I";"1,13714776876585e+02";"9,19919285826648e+01";"2. Constantes (Sustentabilidade)"
"2515005";"SAO MIGUEL DE TAIPU";"PB";"Pequeno Porte I";"4,80602398433447e+01";"0,00000000000000e+00";"4. Efeito Substituição (Retração Local)"
"2515104";"SAO SEBASTIAO DE LAGOA DE ROCA";"PB";"Pequeno Porte I";"1,10899241028760e+01";"3,50874338995337e+01";"1. Despertados (Efeito Indutor)"
"2515302";"SAPE";"PB";"Médio Porte";"1,88777591053245e+01";"1,35774307333324e+02";"1. Despertados (Efeito Indutor)"
"2515500";"SERRA BRANCA";"PB";"Pequeno Porte I";"9,88842064754025e+00";"1,18385778507496e+00";"4. Efeito Substituição (Retração Local)"
"2515807";"SERRA REDONDA";"PB";"Pequeno Porte I";"3,58245672047146e+01";"1,90365558773558e+02";"1. Despertados (Efeito Indutor)"
"2515906";"SERRARIA";"PB";"Pequeno Porte I";"2,11521075819414e+01";"1,51440417131050e+02";"1. Despertados (Efeito Indutor)"
"2515971";"SOBRADO";"PB";"Pequeno Porte I";"4,07897514805972e+01";"6,60942435132504e+01";"1. Despertados (Efeito Indutor)"
"2516003";"SOLANEA";"PB";"Pequeno Porte II";"0,00000000000000e+00";"8,83740592074883e+01";"1. Despertados (Efeito Indutor)"
"2516102";"SOLEDADE";"PB";"Pequeno Porte I";"1,44474687332045e+00";"1,21810675839415e+02";"1. Despertados (Efeito Indutor)"
"2516151";"SOSSEGO";"PB";"Pequeno Porte I";"1,46590961093000e+01";"7,25662473352460e+01";"1. Despertados (Efeito Indutor)"
"2516201";"SOUSA";"PB";"Médio Porte";"3,03283222963407e+01";"1,03720336120142e+01";"4. Efeito Substituição (Retração Local)"
"2516300";"SUME";"PB";"Pequeno Porte I";"4,09678123759417e+01";"1,15008137273551e+02";"1. Despertados (Efeito Indutor)"
"2516409";"TACIMA";"PB";"Pequeno Porte I";"3,70777722483981e+01";"1,58390767163693e+02";"1. Despertados (Efeito Indutor)"
"2516508";"TAPEROA";"PB";"Pequeno Porte I";"6,00947526298592e+01";"1,04017202974346e+02";"1. Despertados (Efeito Indutor)"
"2516607";"TAVARES";"PB";"Pequeno Porte I";"3,40747786655937e+01";"8,82868512871428e+01";"1. Despertados (Efeito Indutor)"
"2516706";"TEIXEIRA";"PB";"Pequeno Porte I";"1,50706869731351e+01";"6,79860115892357e+01";"1. Despertados (Efeito Indutor)"
"2516805";"TRIUNFO";"PB";"Pequeno Porte I";"2,60986773340195e+01";"7,67205002497541e+01";"1. Despertados (Efeito Indutor)"
"2516904";"UIRAUNA";"PB";"Pequeno Porte I";"3,48441656516651e+01";"1,15064138606586e+02";"1. Despertados (Efeito Indutor)"
"2517001";"UMBUZEIRO";"PB";"Pequeno Porte I";"4,71189582661258e+01";"7,07846970978351e+01";"1. Despertados (Efeito Indutor)"
"2517100";"VARZEA";"PB";"Pequeno Porte I";"7,99134832097555e+01";"1,27931045679101e+02";"1. Despertados (Efeito Indutor)"
"2517209";"VIEIROPOLIS";"PB";"Pequeno Porte I";"1,54931073709544e+01";"4,14505910773026e+01";"1. Despertados (Efeito Indutor)"
"2600054";"ABREU E LIMA";"PE";"Médio Porte";"1,36834721228505e+01";"4,76879682699552e+01";"1. Despertados (Efeito Indutor)"
"2600104";"AFOGADOS DA INGAZEIRA";"PE";"Pequeno Porte II";"4,53669310670826e+01";"8,03621251004937e+01";"1. Despertados (Efeito Indutor)"
"2600302";"AGRESTINA";"PE";"Pequeno Porte II";"8,77065386578894e+01";"1,93566137205450e+02";"1. Despertados (Efeito Indutor)"
"2600401";"AGUA PRETA";"PE";"Pequeno Porte II";"2,84805017888495e+01";"1,78210695761325e+02";"1. Despertados (Efeito Indutor)"
"2600500";"AGUAS BELAS";"PE";"Pequeno Porte II";"1,84469477070407e+01";"1,83077788828382e+01";"2. Constantes (Sustentabilidade)"
"2600609";"ALAGOINHA";"PE";"Pequeno Porte I";"8,89949737513331e+01";"1,93993938469577e+02";"1. Despertados (Efeito Indutor)"
"2600708";"ALIANCA";"PE";"Pequeno Porte II";"3,84367098157078e+01";"1,11621843397913e+02";"1. Despertados (Efeito Indutor)"
"2600807";"ALTINHO";"PE";"Pequeno Porte II";"7,49665685172933e+01";"1,72647996920124e+02";"1. Despertados (Efeito Indutor)"
"2600906";"AMARAJI";"PE";"Pequeno Porte I";"1,89919141063493e+01";"3,69213128396245e+01";"1. Despertados (Efeito Indutor)"
"2601003";"ANGELIM";"PE";"Pequeno Porte I";"1,48798284728325e+01";"9,48263985275680e+01";"1. Despertados (Efeito Indutor)"
"2601052";"ARACOIABA";"PE";"Pequeno Porte I";"4,71751264227845e+01";"3,14170730356925e+01";"4. Efeito Substituição (Retração Local)"
"2601102";"ARARIPINA";"PE";"Médio Porte";"2,59623701119399e+01";"1,14418174902582e+02";"1. Despertados (Efeito Indutor)"
"2601201";"ARCOVERDE";"PE";"Médio Porte";"8,99757838920037e+00";"1,13226440024243e+01";"2. Constantes (Sustentabilidade)"
"2601300";"BARRA DE GUABIRABA";"PE";"Pequeno Porte I";"4,27471101534186e+01";"1,91995988581826e+02";"1. Despertados (Efeito Indutor)"
"2601409";"BARREIROS";"PE";"Pequeno Porte II";"8,81166190616178e+01";"7,58529737239003e+01";"2. Constantes (Sustentabilidade)"
"2601508";"BELEM DE MARIA";"PE";"Pequeno Porte I";"6,38878908262670e+01";"1,25788111655719e+02";"1. Despertados (Efeito Indutor)"
"2601607";"BELEM DO SAO FRANCISCO";"PE";"Pequeno Porte I";"1,13439142692861e+01";"7,67458927649637e+01";"1. Despertados (Efeito Indutor)"
"2601706";"BELO JARDIM";"PE";"Médio Porte";"2,01000197949591e+01";"4,93733513332902e+01";"1. Despertados (Efeito Indutor)"
"2601904";"BEZERROS";"PE";"Médio Porte";"6,37249902452855e+01";"1,01564442132550e+02";"1. Despertados (Efeito Indutor)"
"2602001";"BODOCO";"PE";"Pequeno Porte II";"1,24835115635428e+01";"1,15411499186596e+02";"1. Despertados (Efeito Indutor)"
"2602100";"BOM CONSELHO";"PE";"Pequeno Porte II";"1,63161185943581e+01";"6,40560476573589e+01";"1. Despertados (Efeito Indutor)"
"2602209";"BOM JARDIM";"PE";"Pequeno Porte II";"1,57185984241760e+01";"1,35661848445340e+02";"1. Despertados (Efeito Indutor)"
"2602308";"BONITO";"PE";"Pequeno Porte II";"3,11311514287630e+01";"1,45896261215643e+02";"1. Despertados (Efeito Indutor)"
"2602407";"BREJAO";"PE";"Pequeno Porte I";"1,26192618100003e+01";"1,48332698738612e+02";"1. Despertados (Efeito Indutor)"
"2602506";"BREJINHO";"PE";"Pequeno Porte I";"7,63951565802499e+01";"1,44954822276599e+02";"1. Despertados (Efeito Indutor)"
"2602605";"BREJO DA MADRE DE DEUS";"PE";"Pequeno Porte II";"2,31917413767437e+01";"8,98007905866759e+01";"1. Despertados (Efeito Indutor)"
"2602803";"BUIQUE";"PE";"Médio Porte";"5,42904794926867e+01";"2,57203792908541e+01";"4. Efeito Substituição (Retração Local)"
"2602902";"CABO DE SANTO AGOSTINHO";"PE";"Grande Porte";"1,39191765031492e+01";"2,04533290941538e+01";"2. Constantes (Sustentabilidade)"
"2603009";"CABROBO";"PE";"Pequeno Porte II";"2,74402535289010e+01";"9,29768108459850e+01";"1. Despertados (Efeito Indutor)"
"2603108";"CACHOEIRINHA";"PE";"Pequeno Porte I";"1,96408668054976e+01";"7,72543482413827e+01";"1. Despertados (Efeito Indutor)"
"2603207";"CAETES";"PE";"Pequeno Porte II";"2,49788604276532e+01";"6,08058504971788e+01";"1. Despertados (Efeito Indutor)"
"2603306";"CALCADO";"PE";"Pequeno Porte I";"1,80327131578579e+01";"9,17981254827201e+01";"1. Despertados (Efeito Indutor)"
"2603454";"CAMARAGIBE";"PE";"Grande Porte";"2,36199231416803e+01";"2,51126527478253e+01";"2. Constantes (Sustentabilidade)"
"2603702";"CANHOTINHO";"PE";"Pequeno Porte II";"6,48761654153931e+01";"6,52613903193380e+01";"2. Constantes (Sustentabilidade)"
"2603801";"CAPOEIRAS";"PE";"Pequeno Porte I";"1,67601085554682e+01";"5,35083151814602e+01";"1. Despertados (Efeito Indutor)"
"2603900";"CARNAIBA";"PE";"Pequeno Porte I";"3,34795031769890e+01";"1,19906263727945e+02";"1. Despertados (Efeito Indutor)"
"2604007";"CARPINA";"PE";"Médio Porte";"2,05444940321034e+01";"7,07719184197699e+01";"1. Despertados (Efeito Indutor)"
"2604106";"CARUARU";"PE";"Grande Porte";"2,51614781838260e+01";"1,63650763870615e+02";"1. Despertados (Efeito Indutor)"
"2604155";"CASINHAS";"PE";"Pequeno Porte I";"1,86291178195837e+01";"1,37845700127838e+02";"1. Despertados (Efeito Indutor)"
"2604205";"CATENDE";"PE";"Pequeno Porte II";"4,38175845588157e+00";"1,82099246590610e+02";"1. Despertados (Efeito Indutor)"
"2604304";"CEDRO";"PE";"Pequeno Porte I";"2,51732794486065e+01";"0,00000000000000e+00";"4. Efeito Substituição (Retração Local)"
"2604502";"CHA GRANDE";"PE";"Pequeno Porte II";"1,31930052683941e+01";"1,30474946278599e+02";"1. Despertados (Efeito Indutor)"
"2604601";"CONDADO";"PE";"Pequeno Porte II";"4,16486782803857e+01";"1,37548394498256e+02";"1. Despertados (Efeito Indutor)"
"2604700";"CORRENTES";"PE";"Pequeno Porte I";"6,98699115364628e+01";"1,44077021923203e+02";"1. Despertados (Efeito Indutor)"
"2604809";"CORTES";"PE";"Pequeno Porte I";"1,18831831517607e+01";"1,27926331093764e-01";"4. Efeito Substituição (Retração Local)"
"2604908";"CUMARU";"PE";"Pequeno Porte I";"2,35583529000371e+01";"9,98974885020774e+01";"1. Despertados (Efeito Indutor)"
"2605004";"CUPIRA";"PE";"Pequeno Porte II";"2,67247512146337e+01";"1,11809640914877e+02";"1. Despertados (Efeito Indutor)"
"2605103";"CUSTODIA";"PE";"Pequeno Porte II";"3,00962753218652e+01";"7,55943285441443e+01";"1. Despertados (Efeito Indutor)"
"2605202";"ESCADA";"PE";"Médio Porte";"1,00231641113963e+01";"9,72997826662360e+01";"1. Despertados (Efeito Indutor)"
"2605301";"EXU";"PE";"Pequeno Porte II";"2,00828517198755e+01";"7,61566221018041e+01";"1. Despertados (Efeito Indutor)"
"2605400";"FEIRA NOVA";"PE";"Pequeno Porte II";"1,86967810279887e+01";"1,92258644501965e+02";"1. Despertados (Efeito Indutor)"
"2605509";"FERREIROS";"PE";"Pequeno Porte I";"3,11224158599633e+01";"1,18419591408005e+02";"1. Despertados (Efeito Indutor)"
"2605608";"FLORES";"PE";"Pequeno Porte II";"9,14719600992361e+00";"1,89236059505877e+02";"1. Despertados (Efeito Indutor)"
"2605707";"FLORESTA";"PE";"Pequeno Porte II";"7,57002262726743e+00";"6,17424756455167e+01";"1. Despertados (Efeito Indutor)"
"2605806";"FREI MIGUELINHO";"PE";"Pequeno Porte I";"2,03925989017619e+01";"3,61948135855207e+01";"1. Despertados (Efeito Indutor)"
"2605905";"GAMELEIRA";"PE";"Pequeno Porte I";"4,13437156783930e+01";"9,61856450934519e+01";"1. Despertados (Efeito Indutor)"
"2606002";"GARANHUNS";"PE";"Grande Porte";"5,75316134025036e+00";"1,59007177138122e+02";"1. Despertados (Efeito Indutor)"
"2606101";"GLORIA DO GOITA";"PE";"Pequeno Porte II";"5,47694317033558e+01";"1,64183265722086e+02";"1. Despertados (Efeito Indutor)"
"2606309";"GRANITO";"PE";"Pequeno Porte I";"1,48261308867339e+01";"1,35183640121916e+02";"1. Despertados (Efeito Indutor)"
"2606408";"GRAVATA";"PE";"Médio Porte";"3,31819000585127e+01";"1,20189082393387e+02";"1. Despertados (Efeito Indutor)"
"2606507";"IATI";"PE";"Pequeno Porte I";"1,17047721661402e+01";"2,38004261621294e+01";"1. Despertados (Efeito Indutor)"
"2606606";"IBIMIRIM";"PE";"Pequeno Porte II";"1,76380677206205e+01";"6,84945967513354e+01";"1. Despertados (Efeito Indutor)"
"2606804";"IGARASSU";"PE";"Grande Porte";"5,59096741836871e+01";"8,15423225544075e+01";"1. Despertados (Efeito Indutor)"
"2606903";"IGUARACY";"PE";"Pequeno Porte I";"7,03439193368902e+01";"1,68896912453911e+02";"1. Despertados (Efeito Indutor)"
"2607208";"IPOJUCA";"PE";"Médio Porte";"4,55380017287528e+01";"1,56417063372649e+02";"1. Despertados (Efeito Indutor)"
"2607307";"IPUBI";"PE";"Pequeno Porte II";"9,82276906930523e+00";"1,37266898975730e+02";"1. Despertados (Efeito Indutor)"
"2607406";"ITACURUBA";"PE";"Pequeno Porte I";"1,79162607553252e+01";"7,73328806142092e+01";"1. Despertados (Efeito Indutor)"
"2607505";"ITAIBA";"PE";"Pequeno Porte II";"2,22131929924416e+01";"9,03531193593825e+01";"1. Despertados (Efeito Indutor)"
"2607604";"ILHA DE ITAMARACA";"PE";"Pequeno Porte II";"3,02992289487248e+01";"1,21735776775576e+01";"4. Efeito Substituição (Retração Local)"
"2607653";"ITAMBE";"PE";"Pequeno Porte II";"1,43273477092145e+01";"4,11499425746322e+01";"1. Despertados (Efeito Indutor)"
"2607703";"ITAPETIM";"PE";"Pequeno Porte I";"2,35020636714144e+01";"4,86772079752281e+01";"1. Despertados (Efeito Indutor)"
"2607901";"JABOATAO DOS GUARARAPES";"PE";"Grande Porte";"5,68800926443110e+00";"3,02292286376399e+01";"1. Despertados (Efeito Indutor)"
"2608008";"JATAUBA";"PE";"Pequeno Porte I";"2,47766406753783e+01";"1,58146304531072e+02";"1. Despertados (Efeito Indutor)"
"2608057";"JATOBA";"PE";"Pequeno Porte I";"7,65938244910502e+00";"1,77346345648427e+02";"1. Despertados (Efeito Indutor)"
"2608107";"JOAO ALFREDO";"PE";"Pequeno Porte II";"1,62385575862862e+01";"1,90029562127965e+02";"1. Despertados (Efeito Indutor)"
"2608305";"JUPI";"PE";"Pequeno Porte I";"2,00035008048536e+01";"7,99072137653050e+01";"1. Despertados (Efeito Indutor)"
"2608404";"JUREMA";"PE";"Pequeno Porte I";"2,46489446617281e+01";"1,80955031474387e+02";"1. Despertados (Efeito Indutor)"
"2608453";"LAGOA DO CARRO";"PE";"Pequeno Porte I";"6,73560470738615e+01";"1,22711963709698e+02";"1. Despertados (Efeito Indutor)"
"2608503";"LAGOA DE ITAENGA";"PE";"Pequeno Porte I";"3,16378036929438e+01";"1,58244156010526e+02";"1. Despertados (Efeito Indutor)"
"2608602";"LAGOA DO OURO";"PE";"Pequeno Porte I";"1,29792919634611e+01";"1,57278065056813e+02";"1. Despertados (Efeito Indutor)"
"2608750";"LAGOA GRANDE";"PE";"Pequeno Porte II";"1,56254031077320e+01";"1,94191964513726e+02";"1. Despertados (Efeito Indutor)"
"2608800";"LAJEDO";"PE";"Pequeno Porte II";"2,29159640612172e+01";"1,01345584249902e+02";"1. Despertados (Efeito Indutor)"
"2608909";"LIMOEIRO";"PE";"Médio Porte";"0,00000000000000e+00";"1,08278308071742e+02";"1. Despertados (Efeito Indutor)"
"2609006";"MACAPARANA";"PE";"Pequeno Porte II";"2,76359614203088e+01";"1,37350163609462e+02";"1. Despertados (Efeito Indutor)"
"2609154";"MANARI";"PE";"Pequeno Porte II";"4,93282478511231e+01";"8,94420811141669e+01";"1. Despertados (Efeito Indutor)"
"2609204";"MARAIAL";"PE";"Pequeno Porte I";"1,53631218635003e+02";"1,78591502390767e+02";"2. Constantes (Sustentabilidade)"
"2609303";"MIRANDIBA";"PE";"Pequeno Porte I";"1,16877443095940e+01";"1,31757103444167e+02";"1. Despertados (Efeito Indutor)"
"2609402";"MORENO";"PE";"Médio Porte";"1,97265665790715e+01";"7,30434166631191e+01";"1. Despertados (Efeito Indutor)"
"2609501";"NAZARE DA MATA";"PE";"Pequeno Porte II";"4,58597123978201e+01";"8,79038493744815e+01";"1. Despertados (Efeito Indutor)"
"2609600";"OLINDA";"PE";"Grande Porte";"6,65008876189779e+01";"6,61398258734648e+01";"2. Constantes (Sustentabilidade)"
"2609709";"OROBO";"PE";"Pequeno Porte II";"9,87983830182112e+00";"1,45780217680149e+02";"1. Despertados (Efeito Indutor)"
"2609808";"OROCO";"PE";"Pequeno Porte I";"1,06296942058636e+01";"0,00000000000000e+00";"4. Efeito Substituição (Retração Local)"
"2609907";"OURICURI";"PE";"Médio Porte";"5,27240950554688e+01";"8,15438347663061e+01";"1. Despertados (Efeito Indutor)"
"2610004";"PALMARES";"PE";"Médio Porte";"3,13158144139113e+01";"9,90006321629369e+01";"1. Despertados (Efeito Indutor)"
"2610103";"PALMEIRINA";"PE";"Pequeno Porte I";"3,21930381295658e+00";"5,28547723097777e+01";"1. Despertados (Efeito Indutor)"
"2610301";"PARANATAMA";"PE";"Pequeno Porte I";"4,56262240419067e+01";"9,36132684395200e+01";"1. Despertados (Efeito Indutor)"
"2610400";"PARNAMIRIM";"PE";"Pequeno Porte I";"2,95178511816590e+01";"1,12732285302473e+02";"1. Despertados (Efeito Indutor)"
"2610509";"PASSIRA";"PE";"Pequeno Porte II";"1,19530242754182e+01";"7,92699138078304e+01";"1. Despertados (Efeito Indutor)"
"2610608";"PAUDALHO";"PE";"Médio Porte";"4,12897440807983e+01";"1,79114656846032e+02";"1. Despertados (Efeito Indutor)"
"2610707";"PAULISTA";"PE";"Grande Porte";"5,06310327819009e+00";"7,00310170480981e+00";"2. Constantes (Sustentabilidade)"
"2610806";"PEDRA";"PE";"Pequeno Porte II";"6,20992199511152e+01";"6,80622893065789e+01";"2. Constantes (Sustentabilidade)"
"2610905";"PESQUEIRA";"PE";"Médio Porte";"6,02267287627225e+01";"7,27650026107091e+01";"2. Constantes (Sustentabilidade)"
"2611002";"PETROLANDIA";"PE";"Pequeno Porte II";"1,23615357003326e+01";"1,73771513224542e+02";"1. Despertados (Efeito Indutor)"
"2611101";"PETROLINA";"PE";"Grande Porte";"8,76653434055292e+00";"2,66257840259256e+00";"2. Constantes (Sustentabilidade)"
"2611200";"POCAO";"PE";"Pequeno Porte I";"2,49274827535623e+01";"1,41882751691732e+02";"1. Despertados (Efeito Indutor)"
"2611309";"POMBOS";"PE";"Pequeno Porte II";"1,46330946984274e+01";"6,63036922270662e+01";"1. Despertados (Efeito Indutor)"
"2611507";"QUIPAPA";"PE";"Pequeno Porte I";"1,42497559604887e+01";"7,15838035052932e+01";"1. Despertados (Efeito Indutor)"
"2611606";"RECIFE";"PE";"Metrópole";"9,62787698800929e+01";"1,33224252016374e+02";"1. Despertados (Efeito Indutor)"
"2611705";"RIACHO DAS ALMAS";"PE";"Pequeno Porte II";"2,80596735571301e+00";"1,08297276867039e+02";"1. Despertados (Efeito Indutor)"
"2611804";"RIBEIRAO";"PE";"Pequeno Porte II";"3,96178240982686e+01";"5,89896173996146e+01";"1. Despertados (Efeito Indutor)"
"2611903";"RIO FORMOSO";"PE";"Pequeno Porte II";"9,85373433945053e+01";"1,28263319729326e+02";"1. Despertados (Efeito Indutor)"
"2612208";"SALGUEIRO";"PE";"Médio Porte";"2,24225300703664e+01";"2,22106163155184e+01";"2. Constantes (Sustentabilidade)"
"2612307";"SALOA";"PE";"Pequeno Porte I";"4,23400775650146e+00";"1,07543887123002e+02";"1. Despertados (Efeito Indutor)"
"2612406";"SANHARO";"PE";"Pequeno Porte I";"1,36502329902493e+01";"1,30285226403471e+02";"1. Despertados (Efeito Indutor)"
"2612455";"SANTA CRUZ";"PE";"Pequeno Porte I";"5,29810507035502e+00";"1,63452227594567e+02";"1. Despertados (Efeito Indutor)"
"2612471";"SANTA CRUZ DA BAIXA VERDE";"PE";"Pequeno Porte I";"1,58516865940835e+00";"6,14985398646488e+01";"1. Despertados (Efeito Indutor)"
"2612505";"SANTA CRUZ DO CAPIBARIBE";"PE";"Médio Porte";"2,32541695890180e+01";"1,06973286369934e+02";"1. Despertados (Efeito Indutor)"
"2612554";"SANTA FILOMENA";"PE";"Pequeno Porte I";"9,02634588206840e-01";"1,00783951096278e+02";"1. Despertados (Efeito Indutor)"
"2612604";"SANTA MARIA DA BOA VISTA";"PE";"Pequeno Porte II";"2,36595513248110e+01";"7,53922589568595e+01";"1. Despertados (Efeito Indutor)"
"2612703";"SANTA MARIA DO CAMBUCA";"PE";"Pequeno Porte I";"6,30801870497785e+01";"1,23812894333423e+02";"1. Despertados (Efeito Indutor)"
"2612802";"SANTA TEREZINHA";"PE";"Pequeno Porte I";"1,72853078505371e+01";"1,51588606501367e+02";"1. Despertados (Efeito Indutor)"
"2612901";"SAO BENEDITO DO SUL";"PE";"Pequeno Porte I";"5,69465950458007e+01";"8,56322216811180e+01";"1. Despertados (Efeito Indutor)"
"2613008";"SAO BENTO DO UNA";"PE";"Pequeno Porte II";"3,92805079124942e+01";"9,84145211024240e+01";"1. Despertados (Efeito Indutor)"
"2613107";"SAO CAITANO";"PE";"Pequeno Porte II";"3,39806667250309e+01";"8,80834996199772e+01";"1. Despertados (Efeito Indutor)"
"2613206";"SAO JOAO";"PE";"Pequeno Porte II";"2,89366119193811e+01";"9,80032805955566e+01";"1. Despertados (Efeito Indutor)"
"2613503";"SAO JOSE DO BELMONTE";"PE";"Pequeno Porte II";"1,10358670311228e+01";"1,27835736368738e+02";"1. Despertados (Efeito Indutor)"
"2613602";"SAO JOSE DO EGITO";"PE";"Pequeno Porte II";"4,70639291458062e+01";"5,93177561126080e+01";"2. Constantes (Sustentabilidade)"
"2613701";"SAO LOURENCO DA MATA";"PE";"Grande Porte";"1,16600870500118e+01";"7,37750114391592e+01";"1. Despertados (Efeito Indutor)"
"2613800";"SAO VICENTE FERRER";"PE";"Pequeno Porte I";"5,31619894482104e+01";"1,91494286149114e+02";"1. Despertados (Efeito Indutor)"
"2613909";"SERRA TALHADA";"PE";"Médio Porte";"1,01479818366140e+01";"1,16748681346936e+02";"1. Despertados (Efeito Indutor)"
"2614105";"SERTANIA";"PE";"Pequeno Porte II";"5,25994293545048e+01";"1,25117434540066e+02";"1. Despertados (Efeito Indutor)"
"2614204";"SIRINHAEM";"PE";"Pequeno Porte II";"8,81136643580115e+01";"1,38771433809235e+02";"1. Despertados (Efeito Indutor)"
"2614303";"MOREILANDIA";"PE";"Pequeno Porte I";"1,04714108159064e+01";"7,10531938826220e+01";"1. Despertados (Efeito Indutor)"
"2614501";"SURUBIM";"PE";"Médio Porte";"1,00250263648066e+01";"5,08899652772678e+00";"2. Constantes (Sustentabilidade)"
"2614600";"TABIRA";"PE";"Pequeno Porte II";"2,69625259174319e+01";"9,52735841252653e+01";"1. Despertados (Efeito Indutor)"
"2614808";"TACARATU";"PE";"Pequeno Porte II";"5,03927199110042e+01";"1,39239221986351e+02";"1. Despertados (Efeito Indutor)"
"2615003";"TAQUARITINGA DO NORTE";"PE";"Pequeno Porte II";"3,44374723757027e+01";"8,98382699185199e+01";"1. Despertados (Efeito Indutor)"
"2615300";"TIMBAUBA";"PE";"Pequeno Porte II";"2,80597653202254e+01";"1,65494778521844e+02";"1. Despertados (Efeito Indutor)"
"2615409";"TORITAMA";"PE";"Pequeno Porte II";"2,86405652657820e+01";"1,30250775098911e+02";"1. Despertados (Efeito Indutor)"
"2615607";"TRINDADE";"PE";"Pequeno Porte II";"1,31773104581644e+01";"1,51184780999731e+02";"1. Despertados (Efeito Indutor)"
"2615805";"TUPANATINGA";"PE";"Pequeno Porte II";"4,20430234657387e+01";"8,48281106812456e+01";"1. Despertados (Efeito Indutor)"
"2616001";"VENTUROSA";"PE";"Pequeno Porte I";"1,49782363942754e+00";"4,06305792809894e+01";"1. Despertados (Efeito Indutor)"
"2616100";"VERDEJANTE";"PE";"Pequeno Porte I";"2,09796143735836e+01";"1,64949594115450e+02";"1. Despertados (Efeito Indutor)"
"2616183";"VERTENTE DO LERIO";"PE";"Pequeno Porte I";"4,22602101722049e+01";"1,45587309252398e+02";"1. Despertados (Efeito Indutor)"
"2616209";"VERTENTES";"PE";"Pequeno Porte II";"3,47629458988014e+01";"1,51302084886817e+02";"1. Despertados (Efeito Indutor)"
"2616308";"VICENCIA";"PE";"Pequeno Porte II";"5,49573862769294e+01";"1,51957920001661e+02";"1. Despertados (Efeito Indutor)"
"2616407";"VITORIA DE SANTO ANTAO";"PE";"Grande Porte";"2,63562714054624e+00";"1,20850479516882e+02";"1. Despertados (Efeito Indutor)"
"2616506";"XEXEU";"PE";"Pequeno Porte I";"4,48407958176226e+01";"1,69384127248133e+02";"1. Despertados (Efeito Indutor)"
"2700300";"ARAPIRACA";"AL";"Grande Porte";"1,39704762971779e+01";"3,81440401228539e+01";"1. Despertados (Efeito Indutor)"
"2700409";"ATALAIA";"AL";"Pequeno Porte II";"2,99480015113732e+01";"1,42303577876810e+02";"1. Despertados (Efeito Indutor)"
"2700607";"BARRA DE SAO MIGUEL";"AL";"Pequeno Porte I";"1,66697693188939e+01";"7,89906353317597e+00";"4. Efeito Substituição (Retração Local)"
"2700706";"BATALHA";"AL";"Pequeno Porte I";"8,68527761808115e-01";"6,07932842117508e+01";"1. Despertados (Efeito Indutor)"
"2701100";"BRANQUINHA";"AL";"Pequeno Porte I";"0,00000000000000e+00";"6,12628997980396e+00";"1. Despertados (Efeito Indutor)"
"2701308";"CAJUEIRO";"AL";"Pequeno Porte I";"5,61992632273358e+01";"7,04777663388808e+01";"2. Constantes (Sustentabilidade)"
"2701357";"CAMPESTRE";"AL";"Pequeno Porte I";"0,00000000000000e+00";"1,36827448934395e+02";"1. Despertados (Efeito Indutor)"
"2701407";"CAMPO ALEGRE";"AL";"Pequeno Porte II";"1,45712064401647e+01";"2,04670770098042e+01";"2. Constantes (Sustentabilidade)"
"2701506";"CAMPO GRANDE";"AL";"Pequeno Porte I";"0,00000000000000e+00";"1,11992502412838e+02";"1. Despertados (Efeito Indutor)"
"2701704";"CAPELA";"AL";"Pequeno Porte I";"4,68587311211782e+01";"8,12244212346993e+01";"1. Despertados (Efeito Indutor)"
"2701902";"CHA PRETA";"AL";"Pequeno Porte I";"1,08722409541196e+02";"1,49204314720812e+00";"4. Efeito Substituição (Retração Local)"
"2702306";"CORURIPE";"AL";"Médio Porte";"5,68102492351525e+01";"1,40676108121681e+02";"1. Despertados (Efeito Indutor)"
"2702355";"CRAIBAS";"AL";"Pequeno Porte II";"5,56338393372558e+01";"1,51175247343281e+02";"1. Despertados (Efeito Indutor)"
"2702405";"DELMIRO GOUVEIA";"AL";"Médio Porte";"6,05607012164285e+01";"1,68458588679713e+02";"1. Despertados (Efeito Indutor)"
"2702504";"DOIS RIACHOS";"AL";"Pequeno Porte I";"6,38000892297062e+01";"1,75082677266437e+02";"1. Despertados (Efeito Indutor)"
"2702553";"ESTRELA DE ALAGOAS";"AL";"Pequeno Porte I";"1,36331514638528e+01";"1,28505660892440e+02";"1. Despertados (Efeito Indutor)"
"2702603";"FEIRA GRANDE";"AL";"Pequeno Porte II";"0,00000000000000e+00";"4,01530004908305e+01";"1. Despertados (Efeito Indutor)"
"2702900";"GIRAU DO PONCIANO";"AL";"Pequeno Porte II";"0,00000000000000e+00";"4,16929662386500e+01";"1. Despertados (Efeito Indutor)"
"2703106";"IGACI";"AL";"Pequeno Porte II";"2,86410204663007e+01";"4,55058575828553e+01";"1. Despertados (Efeito Indutor)"
"2703205";"IGREJA NOVA";"AL";"Pequeno Porte II";"0,00000000000000e+00";"9,88217477141934e+01";"1. Despertados (Efeito Indutor)"
"2703908";"JUNDIA";"AL";"Pequeno Porte I";"0,00000000000000e+00";"4,19120483551686e+01";"1. Despertados (Efeito Indutor)"
"2704005";"JUNQUEIRO";"AL";"Pequeno Porte II";"2,15438871785138e+01";"1,93155765983493e+01";"2. Constantes (Sustentabilidade)"
"2704104";"LAGOA DA CANOA";"AL";"Pequeno Porte I";"4,02388920254527e+01";"1,47436452195039e+02";"1. Despertados (Efeito Indutor)"
"2704203";"LIMOEIRO DE ANADIA";"AL";"Pequeno Porte II";"0,00000000000000e+00";"9,80140052190335e+01";"1. Despertados (Efeito Indutor)"
"2704302";"MACEIO";"AL";"Metrópole";"1,51327893689560e+01";"6,38583244034711e+01";"1. Despertados (Efeito Indutor)"
"2704401";"MAJOR ISIDORO";"AL";"Pequeno Porte I";"4,35876685157303e+01";"1,13751829598241e+02";"1. Despertados (Efeito Indutor)"
"2704500";"MARAGOGI";"AL";"Pequeno Porte II";"1,63594519566557e+02";"1,77940791755428e+02";"2. Constantes (Sustentabilidade)"
"2704609";"MARAVILHA";"AL";"Pequeno Porte I";"1,78969268280302e+01";"1,08880535015862e+02";"1. Despertados (Efeito Indutor)"
"2704807";"MARIBONDO";"AL";"Pequeno Porte I";"1,28070852396757e+01";"5,83653368287194e+00";"2. Constantes (Sustentabilidade)"
"2704906";"MAR VERMELHO";"AL";"Pequeno Porte I";"0,00000000000000e+00";"7,09809109525328e+01";"1. Despertados (Efeito Indutor)"
"2705002";"MATA GRANDE";"AL";"Pequeno Porte II";"8,16800395984069e+01";"7,28982464073272e+01";"2. Constantes (Sustentabilidade)"
"2705408";"MONTEIROPOLIS";"AL";"Pequeno Porte I";"2,42783316009146e+01";"1,79466593355715e+02";"1. Despertados (Efeito Indutor)"
"2705705";"OLHO D'AGUA DAS FLORES";"AL";"Pequeno Porte II";"3,22674804969697e+01";"4,35654742528244e+00";"4. Efeito Substituição (Retração Local)"
"2705804";"OLHO D'AGUA DO CASADO";"AL";"Pequeno Porte I";"3,43162545658221e+01";"1,54485413232268e+02";"1. Despertados (Efeito Indutor)"
"2706505";"PASSO DE CAMARAGIBE";"AL";"Pequeno Porte I";"0,00000000000000e+00";"6,42549929248148e+01";"1. Despertados (Efeito Indutor)"
"2706604";"PAULO JACINTO";"AL";"Pequeno Porte I";"1,09700197609106e+01";"1,62853772152517e+02";"1. Despertados (Efeito Indutor)"
"2706802";"PIACABUCU";"AL";"Pequeno Porte I";"0,00000000000000e+00";"1,12698054742225e+02";"1. Despertados (Efeito Indutor)"
"2707305";"PORTO CALVO";"AL";"Pequeno Porte II";"0,00000000000000e+00";"3,78860432531985e+01";"1. Despertados (Efeito Indutor)"
"2707800";"ROTEIRO";"AL";"Pequeno Porte I";"8,33636888424970e+01";"1,06142786192708e+01";"4. Efeito Substituição (Retração Local)"
"2708006";"SANTANA DO IPANEMA";"AL";"Pequeno Porte II";"1,08746584938835e+01";"1,46163509717200e+02";"1. Despertados (Efeito Indutor)"
"2708105";"SANTANA DO MUNDAU";"AL";"Pequeno Porte I";"1,54093542957257e+02";"1,32228888103859e+02";"2. Constantes (Sustentabilidade)"
"2708204";"SAO BRAS";"AL";"Pequeno Porte I";"0,00000000000000e+00";"1,39123561731158e+02";"1. Despertados (Efeito Indutor)"
"2708303";"SAO JOSE DA LAJE";"AL";"Pequeno Porte II";"6,46021109845056e+01";"1,96456397443905e+01";"4. Efeito Substituição (Retração Local)"
"2708600";"SAO MIGUEL DOS CAMPOS";"AL";"Médio Porte";"2,77452480366146e+01";"3,74447790433067e+01";"2. Constantes (Sustentabilidade)"
"2708808";"SAO SEBASTIAO";"AL";"Pequeno Porte II";"3,13303969989476e+01";"1,55349554129539e+02";"1. Despertados (Efeito Indutor)"
"2708907";"SATUBA";"AL";"Pequeno Porte II";"0,00000000000000e+00";"3,75630178411624e+01";"1. Despertados (Efeito Indutor)"
"2709004";"TANQUE D'ARCA";"AL";"Pequeno Porte I";"8,11656830962816e+01";"1,81175736895484e+02";"1. Despertados (Efeito Indutor)"
"2709152";"TEOTONIO VILELA";"AL";"Pequeno Porte II";"1,09979345650648e+01";"1,54985999621026e+01";"2. Constantes (Sustentabilidade)"
"2709301";"UNIAO DOS PALMARES";"AL";"Médio Porte";"2,53307849001524e+01";"1,13299312645381e+02";"1. Despertados (Efeito Indutor)"
"2709400";"VICOSA";"AL";"Pequeno Porte II";"1,12732643409161e+02";"1,81445834741981e+02";"1. Despertados (Efeito Indutor)"
"2800100";"AMPARO DO SAO FRANCISCO";"SE";"Pequeno Porte I";"0,00000000000000e+00";"8,98617511520737e-01";"2. Constantes (Sustentabilidade)"
"2800308";"ARACAJU";"SE";"Grande Porte";"1,21389790403114e+01";"2,90825762183976e+01";"1. Despertados (Efeito Indutor)"
"2800407";"ARAUA";"SE";"Pequeno Porte I";"0,00000000000000e+00";"1,13180714066759e+02";"1. Despertados (Efeito Indutor)"
"2800605";"BARRA DOS COQUEIROS";"SE";"Pequeno Porte II";"3,90950684184486e+01";"7,69198961216101e+01";"1. Despertados (Efeito Indutor)"
"2800670";"BOQUIM";"SE";"Pequeno Porte II";"1,38508496481501e+01";"9,09938982992353e+01";"1. Despertados (Efeito Indutor)"
"2801009";"CAMPO DO BRITO";"SE";"Pequeno Porte I";"2,88406075223658e+01";"1,17711245326042e+02";"1. Despertados (Efeito Indutor)"
"2801207";"CANINDE DE SAO FRANCISCO";"SE";"Pequeno Porte II";"1,15750018534321e+01";"1,26383741971956e+01";"2. Constantes (Sustentabilidade)"
"2801405";"CARIRA";"SE";"Pequeno Porte I";"1,51944307364531e+01";"2,61293463821618e+01";"1. Despertados (Efeito Indutor)"
"2801504";"CARMOPOLIS";"SE";"Pequeno Porte I";"1,29235477218366e+01";"3,83368995708969e+01";"1. Despertados (Efeito Indutor)"
"2802106";"ESTANCIA";"SE";"Médio Porte";"4,55102722539655e+01";"1,40801302427765e+02";"1. Despertados (Efeito Indutor)"
"2802205";"FEIRA NOVA";"SE";"Pequeno Porte I";"0,00000000000000e+00";"9,07328410099524e-01";"2. Constantes (Sustentabilidade)"
"2802601";"GRACCHO CARDOSO";"SE";"Pequeno Porte I";"1,83620569588104e+01";"1,25428430086035e+02";"1. Despertados (Efeito Indutor)"
"2802700";"ILHA DAS FLORES";"SE";"Pequeno Porte I";"2,13896433333740e+01";"1,92454769412264e+02";"1. Despertados (Efeito Indutor)"
"2802809";"INDIAROBA";"SE";"Pequeno Porte I";"7,10148798361361e+01";"1,61680917801987e+02";"1. Despertados (Efeito Indutor)"
"2802908";"ITABAIANA";"SE";"Grande Porte";"1,80733847305396e+01";"1,36049077543593e+02";"1. Despertados (Efeito Indutor)"
"2803005";"ITABAIANINHA";"SE";"Pequeno Porte II";"7,38231040063114e+01";"1,26862969338636e+02";"1. Despertados (Efeito Indutor)"
"2803104";"ITABI";"SE";"Pequeno Porte I";"0,00000000000000e+00";"1,71347025105442e+02";"1. Despertados (Efeito Indutor)"
"2803203";"ITAPORANGA D'AJUDA";"SE";"Pequeno Porte II";"4,54891712218995e+01";"5,18163288969601e+01";"2. Constantes (Sustentabilidade)"
"2803500";"LAGARTO";"SE";"Grande Porte";"3,28603796098156e+01";"9,78424859936530e+01";"1. Despertados (Efeito Indutor)"
"2803708";"MACAMBIRA";"SE";"Pequeno Porte I";"3,39892642892221e+01";"9,08844033159592e+01";"1. Despertados (Efeito Indutor)"
"2804003";"MARUIM";"SE";"Pequeno Porte I";"6,08406220111367e+01";"1,03749613327657e+02";"1. Despertados (Efeito Indutor)"
"2804102";"MOITA BONITA";"SE";"Pequeno Porte I";"1,10471885987720e+02";"1,91676608985680e+02";"1. Despertados (Efeito Indutor)"
"2804458";"NOSSA SENHORA APARECIDA";"SE";"Pequeno Porte I";"4,44423389123099e+01";"1,93965104909554e+02";"1. Despertados (Efeito Indutor)"
"2804508";"NOSSA SENHORA DA GLORIA";"SE";"Pequeno Porte II";"0,00000000000000e+00";"1,09178930611568e+00";"2. Constantes (Sustentabilidade)"
"2804607";"NOSSA SENHORA DAS DORES";"SE";"Pequeno Porte II";"1,46626934934563e+01";"1,90380740651897e+02";"1. Despertados (Efeito Indutor)"
"2804706";"NOSSA SENHORA DE LOURDES";"SE";"Pequeno Porte I";"0,00000000000000e+00";"2,87055356636411e-01";"2. Constantes (Sustentabilidade)"
"2804805";"NOSSA SENHORA DO SOCORRO";"SE";"Grande Porte";"1,06619889890532e+01";"3,91636791754441e+01";"1. Despertados (Efeito Indutor)"
"2805109";"PEDRINHAS";"SE";"Pequeno Porte I";"1,40846658705816e+01";"1,47373106494400e+02";"1. Despertados (Efeito Indutor)"
"2805406";"POCO REDONDO";"SE";"Pequeno Porte II";"2,34566667191642e+01";"6,87436625641990e+01";"1. Despertados (Efeito Indutor)"
"2805505";"POCO VERDE";"SE";"Pequeno Porte II";"5,47246333961236e+01";"0,00000000000000e+00";"4. Efeito Substituição (Retração Local)"
"2805703";"PROPRIA";"SE";"Pequeno Porte II";"5,38206011163330e+01";"1,04334373511715e+02";"1. Despertados (Efeito Indutor)"
"2805802";"RIACHAO DO DANTAS";"SE";"Pequeno Porte I";"1,34069159495181e+01";"5,21367779176593e+01";"1. Despertados (Efeito Indutor)"
"2806008";"RIBEIROPOLIS";"SE";"Pequeno Porte I";"2,80190683701575e+01";"0,00000000000000e+00";"4. Efeito Substituição (Retração Local)"
"2806206";"SALGADO";"SE";"Pequeno Porte II";"1,47640605613072e+01";"3,51999363508196e+01";"1. Despertados (Efeito Indutor)"
"2806305";"SANTA LUZIA DO ITANHY";"SE";"Pequeno Porte I";"0,00000000000000e+00";"1,91900076180231e+02";"1. Despertados (Efeito Indutor)"
"2806602";"SANTO AMARO DAS BROTAS";"SE";"Pequeno Porte I";"3,56622919650382e+01";"1,90498697924688e+02";"1. Despertados (Efeito Indutor)"
"2806701";"SAO CRISTOVAO";"SE";"Médio Porte";"2,71274485330089e+01";"8,98472627170238e+01";"1. Despertados (Efeito Indutor)"
"2807006";"SAO MIGUEL DO ALEIXO";"SE";"Pequeno Porte I";"0,00000000000000e+00";"3,07309769947583e+01";"1. Despertados (Efeito Indutor)"
"2807105";"SIMAO DIAS";"SE";"Pequeno Porte II";"7,16965052142420e+00";"1,57040179363586e+01";"1. Despertados (Efeito Indutor)"
"2807204";"SIRIRI";"SE";"Pequeno Porte I";"1,24991791863405e+01";"1,58297100902469e+02";"1. Despertados (Efeito Indutor)"
"2807303";"TELHA";"SE";"Pequeno Porte I";"0,00000000000000e+00";"7,00328175195109e+00";"1. Despertados (Efeito Indutor)"
"2807402";"TOBIAS BARRETO";"SE";"Médio Porte";"4,07640195877994e+01";"8,55066688796268e+01";"1. Despertados (Efeito Indutor)"
"2807501";"TOMAR DO GERU";"SE";"Pequeno Porte I";"0,00000000000000e+00";"3,39458499008536e+01";"1. Despertados (Efeito Indutor)"
"2807600";"UMBAUBA";"SE";"Pequeno Porte II";"2,11469293712685e+01";"1,29516796888641e+02";"1. Despertados (Efeito Indutor)"
"2900108";"ABAIRA";"BA";"Pequeno Porte I";"1,07942493619342e+01";"1,72293549165133e+02";"1. Despertados (Efeito Indutor)"
"2900207";"ABARE";"BA";"Pequeno Porte I";"1,46238307826018e+01";"5,70768627501041e+01";"1. Despertados (Efeito Indutor)"
"2900306";"ACAJUTIBA";"BA";"Pequeno Porte I";"5,35715947876736e+01";"1,37883446183578e+02";"1. Despertados (Efeito Indutor)"
"2900405";"AGUA FRIA";"BA";"Pequeno Porte I";"6,73440145585180e+00";"0,00000000000000e+00";"4. Efeito Substituição (Retração Local)"
"2900702";"ALAGOINHAS";"BA";"Grande Porte";"1,39518206688479e+01";"5,86149016416733e+01";"1. Despertados (Efeito Indutor)"
"2900801";"ALCOBACA";"BA";"Pequeno Porte II";"4,52183139836987e+01";"1,47315148593559e+02";"1. Despertados (Efeito Indutor)"
"2900900";"ALMADINA";"BA";"Pequeno Porte I";"2,19046799757095e+01";"1,25993351248570e+02";"1. Despertados (Efeito Indutor)"
"2901106";"AMELIA RODRIGUES";"BA";"Pequeno Porte II";"4,05817684389181e+01";"1,64765916394296e+02";"1. Despertados (Efeito Indutor)"
"2901205";"ANAGE";"BA";"Pequeno Porte II";"3,32797683025630e+00";"1,24750473519849e+02";"1. Despertados (Efeito Indutor)"
"2901304";"ANDARAI";"BA";"Pequeno Porte I";"5,32272637792772e+01";"1,20117601030958e+02";"1. Despertados (Efeito Indutor)"
"2901403";"ANGICAL";"BA";"Pequeno Porte I";"6,06552171526047e+00";"3,29176768041386e+01";"1. Despertados (Efeito Indutor)"
"2901601";"ANTAS";"BA";"Pequeno Porte I";"1,89971662996711e+01";"1,28533633000433e+02";"1. Despertados (Efeito Indutor)"
"2901700";"ANTONIO CARDOSO";"BA";"Pequeno Porte I";"0,00000000000000e+00";"1,15673095301448e+02";"1. Despertados (Efeito Indutor)"
"2901809";"ANTONIO GONCALVES";"BA";"Pequeno Porte I";"1,50789289087877e+01";"3,41606229461409e+01";"1. Despertados (Efeito Indutor)"
"2901908";"APORA";"BA";"Pequeno Porte I";"2,77723333049669e+01";"6,08868854998055e+01";"1. Despertados (Efeito Indutor)"
"2901957";"APUAREMA";"BA";"Pequeno Porte I";"1,40353783075244e+01";"7,95401394514998e+01";"1. Despertados (Efeito Indutor)"
"2902005";"ARACATU";"BA";"Pequeno Porte I";"2,28995695240577e+01";"8,45698905263955e+01";"1. Despertados (Efeito Indutor)"
"2902104";"ARACI";"BA";"Pequeno Porte II";"2,40125864842662e+01";"1,33727476118662e+02";"1. Despertados (Efeito Indutor)"
"2902203";"ARAMARI";"BA";"Pequeno Porte I";"2,98262956275660e+01";"5,82232855217125e+01";"1. Despertados (Efeito Indutor)"
"2902401";"AURELINO LEAL";"BA";"Pequeno Porte I";"7,18639278609984e+00";"9,74171735295076e+01";"1. Despertados (Efeito Indutor)"
"2902500";"BAIANOPOLIS";"BA";"Pequeno Porte I";"1,19895164422623e+01";"1,87534149748079e+02";"1. Despertados (Efeito Indutor)"
"2902609";"BAIXA GRANDE";"BA";"Pequeno Porte I";"1,04235084351081e+00";"2,57693823517220e+01";"1. Despertados (Efeito Indutor)"
"2902708";"BARRA";"BA";"Médio Porte";"1,86681295751581e+00";"7,34017491407769e+01";"1. Despertados (Efeito Indutor)"
"2902807";"BARRA DA ESTIVA";"BA";"Pequeno Porte II";"2,10443212560585e+01";"1,24128157194956e+02";"1. Despertados (Efeito Indutor)"
"2902906";"BARRA DO CHOCA";"BA";"Pequeno Porte II";"0,00000000000000e+00";"1,03417221403644e+02";"1. Despertados (Efeito Indutor)"
"2903003";"BARRA DO MENDES";"BA";"Pequeno Porte I";"9,76448342965713e+01";"1,39843671453531e+02";"1. Despertados (Efeito Indutor)"
"2903201";"BARREIRAS";"BA";"Grande Porte";"6,16937867219860e+01";"1,22217756736352e+02";"1. Despertados (Efeito Indutor)"
"2903235";"BARRO ALTO";"BA";"Pequeno Porte I";"1,23743743697082e+01";"7,71924477811640e+00";"2. Constantes (Sustentabilidade)"
"2903300";"BARRO PRETO";"BA";"Pequeno Porte I";"0,00000000000000e+00";"1,20671890896484e+01";"1. Despertados (Efeito Indutor)"
"2903409";"BELMONTE";"BA";"Pequeno Porte II";"9,13175793624285e+01";"1,55051707334192e+02";"1. Despertados (Efeito Indutor)"
"2903508";"BELO CAMPO";"BA";"Pequeno Porte I";"2,79376325708889e+01";"8,78762475085448e+01";"1. Despertados (Efeito Indutor)"
"2903607";"BIRITINGA";"BA";"Pequeno Porte I";"4,83139123970322e+01";"9,63825701339842e+01";"1. Despertados (Efeito Indutor)"
"2903706";"BOA NOVA";"BA";"Pequeno Porte I";"5,14363122540517e+01";"1,29978678466568e+02";"1. Despertados (Efeito Indutor)"
"2903805";"BOA VISTA DO TUPIM";"BA";"Pequeno Porte I";"2,22847401095034e+01";"9,54856086032188e+01";"1. Despertados (Efeito Indutor)"
"2903904";"BOM JESUS DA LAPA";"BA";"Médio Porte";"1,97021062836899e+01";"1,43658659689436e+02";"1. Despertados (Efeito Indutor)"
"2903953";"BOM JESUS DA SERRA";"BA";"Pequeno Porte I";"6,12911047647476e+00";"6,61761440166545e+01";"1. Despertados (Efeito Indutor)"
"2904001";"BONINAL";"BA";"Pequeno Porte I";"1,16590178107869e+01";"1,04882923693895e+02";"1. Despertados (Efeito Indutor)"
"2904050";"BONITO";"BA";"Pequeno Porte I";"1,29453289887513e+01";"1,83753370949476e+01";"2. Constantes (Sustentabilidade)"
"2904100";"BOQUIRA";"BA";"Pequeno Porte I";"7,05870734183369e+00";"1,26108254358064e+02";"1. Despertados (Efeito Indutor)"
"2904209";"BOTUPORA";"BA";"Pequeno Porte I";"0,00000000000000e+00";"5,38710406184097e+00";"1. Despertados (Efeito Indutor)"
"2904308";"BREJOES";"BA";"Pequeno Porte I";"2,59355187933709e+01";"1,66546656390521e+02";"1. Despertados (Efeito Indutor)"
"2904407";"BREJOLANDIA";"BA";"Pequeno Porte I";"4,02569112657597e+01";"8,90163856509721e+01";"1. Despertados (Efeito Indutor)"
"2904506";"BROTAS DE MACAUBAS";"BA";"Pequeno Porte I";"2,34299545229116e+01";"1,12936698463081e+02";"1. Despertados (Efeito Indutor)"
"2904605";"BRUMADO";"BA";"Médio Porte";"1,69812696418288e+01";"1,86962079853979e+01";"2. Constantes (Sustentabilidade)"
"2904704";"BUERAREMA";"BA";"Pequeno Porte I";"2,12148341563885e+01";"0,00000000000000e+00";"4. Efeito Substituição (Retração Local)"
"2904753";"BURITIRAMA";"BA";"Pequeno Porte I";"2,36605802189281e+01";"4,77161169233239e+01";"1. Despertados (Efeito Indutor)"
"2904803";"CAATIBA";"BA";"Pequeno Porte I";"2,20703408057940e+00";"1,90081316879894e+02";"1. Despertados (Efeito Indutor)"
"2904852";"CABACEIRAS DO PARAGUACU";"BA";"Pequeno Porte I";"1,25804677083590e+01";"0,00000000000000e+00";"4. Efeito Substituição (Retração Local)"
"2904902";"CACHOEIRA";"BA";"Pequeno Porte II";"5,21378764190675e+01";"0,00000000000000e+00";"4. Efeito Substituição (Retração Local)"
"2905008";"CACULE";"BA";"Pequeno Porte II";"6,64879741547584e+00";"1,39658770323978e+02";"1. Despertados (Efeito Indutor)"
"2905107";"CAEM";"BA";"Pequeno Porte I";"4,23764843925375e+00";"1,47573725664681e+02";"1. Despertados (Efeito Indutor)"
"2905156";"CAETANOS";"BA";"Pequeno Porte I";"3,44030120767324e+00";"5,19506657962294e+01";"1. Despertados (Efeito Indutor)"
"2905206";"CAETITE";"BA";"Médio Porte";"0,00000000000000e+00";"7,54862890289941e+01";"1. Despertados (Efeito Indutor)"
"2905305";"CAFARNAUM";"BA";"Pequeno Porte I";"1,10399179086850e+01";"1,14367062579955e+02";"1. Despertados (Efeito Indutor)"
"2905404";"CAIRU";"BA";"Pequeno Porte I";"1,12242203096232e+02";"3,39652044044503e+01";"4. Efeito Substituição (Retração Local)"
"2905602";"CAMACAN";"BA";"Pequeno Porte II";"4,73967479319535e+01";"1,41261953627943e+02";"1. Despertados (Efeito Indutor)"
"2905701";"CAMACARI";"BA";"Grande Porte";"7,43926189908736e+01";"1,46209077953334e+02";"1. Despertados (Efeito Indutor)"
"2905800";"CAMAMU";"BA";"Pequeno Porte II";"0,00000000000000e+00";"1,51799162461128e+00";"2. Constantes (Sustentabilidade)"
"2905909";"CAMPO ALEGRE DE LOURDES";"BA";"Pequeno Porte II";"1,90851996996049e+01";"4,40907688758323e+01";"1. Despertados (Efeito Indutor)"
"2906006";"CAMPO FORMOSO";"BA";"Médio Porte";"8,59011729536082e+00";"9,70178161860347e+01";"1. Despertados (Efeito Indutor)"
"2906105";"CANAPOLIS";"BA";"Pequeno Porte I";"4,54866700115170e-01";"3,68822669926650e+01";"1. Despertados (Efeito Indutor)"
"2906204";"CANARANA";"BA";"Pequeno Porte II";"2,28253483697091e+00";"1,61512984948367e+01";"1. Despertados (Efeito Indutor)"
"2906303";"CANAVIEIRAS";"BA";"Pequeno Porte II";"2,87754517517400e+01";"2,57597327005434e+01";"2. Constantes (Sustentabilidade)"
"2906600";"CANDIBA";"BA";"Pequeno Porte I";"8,77446940965783e+00";"1,40521564612784e+02";"1. Despertados (Efeito Indutor)"
"2906709";"CANDIDO SALES";"BA";"Pequeno Porte II";"1,28173480684605e+00";"3,12934669328099e+01";"1. Despertados (Efeito Indutor)"
"2906808";"CANSANCAO";"BA";"Pequeno Porte II";"1,25103845853398e+00";"1,18918236636494e+02";"1. Despertados (Efeito Indutor)"
"2906824";"CANUDOS";"BA";"Pequeno Porte I";"1,69289605256667e+02";"7,78621056614638e+01";"4. Efeito Substituição (Retração Local)"
"2906857";"CAPELA DO ALTO ALEGRE";"BA";"Pequeno Porte I";"1,52286119996060e+01";"1,53019094377096e+02";"1. Despertados (Efeito Indutor)"
"2906873";"CAPIM GROSSO";"BA";"Pequeno Porte II";"2,72336127465638e+01";"1,44804723907121e+02";"1. Despertados (Efeito Indutor)"
"2906899";"CARAIBAS";"BA";"Pequeno Porte I";"1,22530199107662e+01";"7,36301943184237e+01";"1. Despertados (Efeito Indutor)"
"2906907";"CARAVELAS";"BA";"Pequeno Porte II";"9,77996308610678e+01";"1,54186743471585e+02";"1. Despertados (Efeito Indutor)"
"2907103";"CARINHANHA";"BA";"Pequeno Porte II";"6,39417083932954e+01";"1,50218070756222e+02";"1. Despertados (Efeito Indutor)"
"2907202";"CASA NOVA";"BA";"Médio Porte";"1,57977294139443e+01";"6,67164521179277e+01";"1. Despertados (Efeito Indutor)"
"2907400";"CATOLANDIA";"BA";"Pequeno Porte I";"0,00000000000000e+00";"1,27021216800999e+02";"1. Despertados (Efeito Indutor)"
"2907509";"CATU";"BA";"Pequeno Porte II";"1,69701237056694e+01";"1,10273956959128e+02";"1. Despertados (Efeito Indutor)"
"2907558";"CATURAMA";"BA";"Pequeno Porte I";"3,55099322006265e-01";"4,83922978169890e+01";"1. Despertados (Efeito Indutor)"
"2907608";"CENTRAL";"BA";"Pequeno Porte I";"1,30673737373946e+01";"2,84461350236553e+01";"1. Despertados (Efeito Indutor)"
"2907707";"CHORROCHO";"BA";"Pequeno Porte I";"2,65955126033170e+01";"1,29855815299594e+02";"1. Despertados (Efeito Indutor)"
"2907806";"CICERO DANTAS";"BA";"Pequeno Porte II";"1,88256851939675e+01";"1,25146385376239e+02";"1. Despertados (Efeito Indutor)"
"2907905";"CIPO";"BA";"Pequeno Porte I";"4,76311386017154e+01";"5,91309961015815e+01";"2. Constantes (Sustentabilidade)"
"2908002";"COARACI";"BA";"Pequeno Porte I";"8,76361057520437e+00";"4,44734209311718e+01";"1. Despertados (Efeito Indutor)"
"2908101";"COCOS";"BA";"Pequeno Porte I";"3,91117407480519e+00";"6,74101080883505e+01";"1. Despertados (Efeito Indutor)"
"2908309";"CONCEICAO DO ALMEIDA";"BA";"Pequeno Porte I";"4,13579265728819e+01";"1,87036287252343e+02";"1. Despertados (Efeito Indutor)"
"2908408";"CONCEICAO DO COITE";"BA";"Médio Porte";"9,10289967278024e+00";"8,34739660265433e+01";"1. Despertados (Efeito Indutor)"
"2908507";"CONCEICAO DO JACUIPE";"BA";"Pequeno Porte II";"1,75643575592717e+01";"1,69922157300086e+02";"1. Despertados (Efeito Indutor)"
"2908606";"CONDE";"BA";"Pequeno Porte II";"3,71111371745452e+01";"6,18175647198469e+01";"1. Despertados (Efeito Indutor)"
"2908705";"CONDEUBA";"BA";"Pequeno Porte I";"1,03500146611461e+01";"6,16632337536265e+01";"1. Despertados (Efeito Indutor)"
"2908804";"CONTENDAS DO SINCORA";"BA";"Pequeno Porte I";"1,58593194366900e+01";"8,33073272644759e+01";"1. Despertados (Efeito Indutor)"
"2908903";"CORACAO DE MARIA";"BA";"Pequeno Porte II";"1,11342965756292e+01";"1,38209640735408e+02";"1. Despertados (Efeito Indutor)"
"2909000";"CORDEIROS";"BA";"Pequeno Porte I";"1,18350001251335e+01";"0,00000000000000e+00";"4. Efeito Substituição (Retração Local)"
"2909109";"CORIBE";"BA";"Pequeno Porte I";"1,28897796255684e+01";"4,87678241601144e+01";"1. Despertados (Efeito Indutor)"
"2909208";"CORONEL JOAO SA";"BA";"Pequeno Porte I";"2,78620476588993e+01";"1,70136432093715e+02";"1. Despertados (Efeito Indutor)"
"2909307";"CORRENTINA";"BA";"Pequeno Porte II";"6,71376834717200e+01";"8,62161743229504e+01";"1. Despertados (Efeito Indutor)"
"2909505";"CRAVOLANDIA";"BA";"Pequeno Porte I";"1,78458049067121e+01";"1,46797209003537e+02";"1. Despertados (Efeito Indutor)"
"2909604";"CRISOPOLIS";"BA";"Pequeno Porte I";"0,00000000000000e+00";"1,76062175010603e+02";"1. Despertados (Efeito Indutor)"
"2909703";"CRISTOPOLIS";"BA";"Pequeno Porte I";"7,98464444869756e+00";"5,45962100750225e+01";"1. Despertados (Efeito Indutor)"
"2909802";"CRUZ DAS ALMAS";"BA";"Médio Porte";"3,40763279894669e+01";"1,94566073352811e+02";"1. Despertados (Efeito Indutor)"
"2909901";"CURACA";"BA";"Pequeno Porte II";"3,63839089823712e+01";"1,18753676800986e+02";"1. Despertados (Efeito Indutor)"
"2910008";"DARIO MEIRA";"BA";"Pequeno Porte I";"6,21090163902687e+00";"7,21742153567942e+01";"1. Despertados (Efeito Indutor)"
"2910057";"DIAS D'AVILA";"BA";"Médio Porte";"3,37227977803408e+01";"1,06462196913578e+02";"1. Despertados (Efeito Indutor)"
"2910107";"DOM BASILIO";"BA";"Pequeno Porte I";"1,23305163801796e+01";"1,41695046850583e+02";"1. Despertados (Efeito Indutor)"
"2910206";"DOM MACEDO COSTA";"BA";"Pequeno Porte I";"1,24494641506055e+02";"1,07344499148887e+02";"2. Constantes (Sustentabilidade)"
"2910305";"ELISIO MEDRADO";"BA";"Pequeno Porte I";"9,54532319973083e+00";"3,92245050708561e+01";"1. Despertados (Efeito Indutor)"
"2910404";"ENCRUZILHADA";"BA";"Pequeno Porte I";"4,97170337476735e+00";"7,98860628141861e+01";"1. Despertados (Efeito Indutor)"
"2910503";"ENTRE RIOS";"BA";"Pequeno Porte II";"0,00000000000000e+00";"5,41721119243399e+01";"1. Despertados (Efeito Indutor)"
"2910602";"ESPLANADA";"BA";"Pequeno Porte II";"9,32045286625402e+01";"1,36620304978950e+02";"1. Despertados (Efeito Indutor)"
"2910701";"EUCLIDES DA CUNHA";"BA";"Médio Porte";"3,17754579661847e+01";"1,49400908769529e+02";"1. Despertados (Efeito Indutor)"
"2910727";"EUNAPOLIS";"BA";"Grande Porte";"4,39556711873824e+01";"8,50850631326073e+01";"1. Despertados (Efeito Indutor)"
"2910750";"FATIMA";"BA";"Pequeno Porte I";"2,54890575922148e+00";"1,07764188519280e+02";"1. Despertados (Efeito Indutor)"
"2910776";"FEIRA DA MATA";"BA";"Pequeno Porte I";"2,97242975481473e+01";"1,26531991480047e+02";"1. Despertados (Efeito Indutor)"
"2910800";"FEIRA DE SANTANA";"BA";"Grande Porte";"3,52286762956578e+01";"8,72878507394885e+00";"4. Efeito Substituição (Retração Local)"
"2910859";"FILADELFIA";"BA";"Pequeno Porte I";"5,98438123582745e+00";"6,29403727196931e+01";"1. Despertados (Efeito Indutor)"
"2910909";"FIRMINO ALVES";"BA";"Pequeno Porte I";"1,03675296471107e+00";"1,88515922452529e+02";"1. Despertados (Efeito Indutor)"
"2911006";"FLORESTA AZUL";"BA";"Pequeno Porte I";"9,70800800557388e+00";"1,62463409630896e-01";"4. Efeito Substituição (Retração Local)"
"2911105";"FORMOSA DO RIO PRETO";"BA";"Pequeno Porte II";"5,28985626656447e+01";"1,86577789012567e+02";"1. Despertados (Efeito Indutor)"
"2911204";"GANDU";"BA";"Pequeno Porte II";"1,81032450224927e+01";"1,09500188090525e+02";"1. Despertados (Efeito Indutor)"
"2911253";"GAVIAO";"BA";"Pequeno Porte I";"0,00000000000000e+00";"1,76399389898502e+02";"1. Despertados (Efeito Indutor)"
"2911402";"GLORIA";"BA";"Pequeno Porte I";"2,07399063579430e+00";"1,29287300783321e+02";"1. Despertados (Efeito Indutor)"
"2911501";"GONGOGI";"BA";"Pequeno Porte I";"1,74725762164178e+01";"4,21568573180141e+01";"1. Despertados (Efeito Indutor)"
"2911709";"GUANAMBI";"BA";"Médio Porte";"3,15494807213276e+01";"1,08532778984864e+02";"1. Despertados (Efeito Indutor)"
"2911808";"GUARATINGA";"BA";"Pequeno Porte I";"5,26242770296527e+00";"0,00000000000000e+00";"2. Constantes (Sustentabilidade)"
"2911857";"HELIOPOLIS";"BA";"Pequeno Porte I";"1,53902269078722e+01";"1,91987934063057e+02";"1. Despertados (Efeito Indutor)"
"2911907";"IACU";"BA";"Pequeno Porte II";"1,00878660737005e+01";"8,81469898859513e+01";"1. Despertados (Efeito Indutor)"
"2912004";"IBIASSUCE";"BA";"Pequeno Porte I";"4,90253549838896e+01";"5,79259473583277e+01";"2. Constantes (Sustentabilidade)"
"2912103";"IBICARAI";"BA";"Pequeno Porte II";"1,38495663046905e+01";"2,60555195047350e+01";"1. Despertados (Efeito Indutor)"
"2912202";"IBICOARA";"BA";"Pequeno Porte II";"0,00000000000000e+00";"1,00654587868962e+02";"1. Despertados (Efeito Indutor)"
"2912301";"IBICUI";"BA";"Pequeno Porte I";"2,02723982268731e+00";"1,91456601119564e+02";"1. Despertados (Efeito Indutor)"
"2912400";"IBIPEBA";"BA";"Pequeno Porte I";"1,48916765905873e+01";"5,79103906911703e+01";"1. Despertados (Efeito Indutor)"
"2912509";"IBIPITANGA";"BA";"Pequeno Porte I";"9,73876816199015e-04";"1,05245692130131e+02";"1. Despertados (Efeito Indutor)"
"2912707";"IBIRAPITANGA";"BA";"Pequeno Porte II";"1,52929424738189e-01";"4,80155734641494e+01";"1. Despertados (Efeito Indutor)"
"2912905";"IBIRATAIA";"BA";"Pequeno Porte I";"0,00000000000000e+00";"1,29407001663742e+02";"1. Despertados (Efeito Indutor)"
"2913002";"IBITIARA";"BA";"Pequeno Porte I";"1,53935705994962e+00";"7,63074222859876e+01";"1. Despertados (Efeito Indutor)"
"2913101";"IBITITA";"BA";"Pequeno Porte I";"1,00811365180460e+00";"9,29407987417229e+01";"1. Despertados (Efeito Indutor)"
"2913200";"IBOTIRAMA";"BA";"Pequeno Porte II";"2,60717821837690e+01";"9,42167127218822e+01";"1. Despertados (Efeito Indutor)"
"2913408";"IGAPORA";"BA";"Pequeno Porte I";"3,07354668129631e+01";"6,18764429703098e+01";"1. Despertados (Efeito Indutor)"
"2913457";"IGRAPIUNA";"BA";"Pequeno Porte I";"1,84029517602032e+01";"5,87988756855276e+01";"1. Despertados (Efeito Indutor)"
"2913507";"IGUAI";"BA";"Pequeno Porte II";"1,27520554126112e+01";"6,41073551563760e+01";"1. Despertados (Efeito Indutor)"
"2913606";"ILHEUS";"BA";"Grande Porte";"1,13660222727538e+01";"3,55674788045289e+00";"4. Efeito Substituição (Retração Local)"
"2913705";"INHAMBUPE";"BA";"Pequeno Porte II";"1,41930966703550e+01";"4,05839909311076e+01";"1. Despertados (Efeito Indutor)"
"2913804";"IPECAETA";"BA";"Pequeno Porte I";"1,98608581148590e+01";"1,78022785815334e+02";"1. Despertados (Efeito Indutor)"
"2914000";"IPIRA";"BA";"Médio Porte";"9,78891905706931e+00";"9,06867112847497e+01";"1. Despertados (Efeito Indutor)"
"2914109";"IPUPIARA";"BA";"Pequeno Porte I";"2,46819243632789e+00";"1,54243339511228e+02";"1. Despertados (Efeito Indutor)"
"2914208";"IRAJUBA";"BA";"Pequeno Porte I";"8,31575180194354e+01";"1,41311964918246e+02";"1. Despertados (Efeito Indutor)"
"2914307";"IRAMAIA";"BA";"Pequeno Porte I";"1,17755392698972e+01";"1,44541646623498e+02";"1. Despertados (Efeito Indutor)"
"2914406";"IRAQUARA";"BA";"Pequeno Porte II";"9,40198860534412e+00";"9,39744507726454e+01";"1. Despertados (Efeito Indutor)"
"2914505";"IRARA";"BA";"Pequeno Porte II";"3,98837483475296e+01";"1,77848542739908e+02";"1. Despertados (Efeito Indutor)"
"2914653";"ITABELA";"BA";"Pequeno Porte II";"2,03924945807081e+01";"1,61284062204479e+02";"1. Despertados (Efeito Indutor)"
"2914703";"ITABERABA";"BA";"Médio Porte";"5,78007069190193e+00";"5,52107972172501e+01";"1. Despertados (Efeito Indutor)"
"2914802";"ITABUNA";"BA";"Grande Porte";"4,94750354793124e+01";"7,01091955020325e+01";"1. Despertados (Efeito Indutor)"
"2914901";"ITACARE";"BA";"Pequeno Porte II";"1,21978436836201e+02";"9,26755042904759e+01";"2. Constantes (Sustentabilidade)"
"2915106";"ITAGI";"BA";"Pequeno Porte I";"1,32402717210299e+01";"1,56253559987181e+02";"1. Despertados (Efeito Indutor)"
"2915205";"ITAGIBA";"BA";"Pequeno Porte I";"0,00000000000000e+00";"1,28140715218811e+01";"1. Despertados (Efeito Indutor)"
"2915304";"ITAGIMIRIM";"BA";"Pequeno Porte I";"1,00436879423424e+00";"9,78089107646644e+01";"1. Despertados (Efeito Indutor)"
"2915353";"ITAGUACU DA BAHIA";"BA";"Pequeno Porte I";"1,48362430533127e+01";"3,24761505344838e+01";"1. Despertados (Efeito Indutor)"
"2915403";"ITAJU DO COLONIA";"BA";"Pequeno Porte I";"1,24995958433457e+01";"1,52273253059249e+02";"1. Despertados (Efeito Indutor)"
"2915502";"ITAJUIPE";"BA";"Pequeno Porte I";"2,05678912087748e+01";"1,52503952801898e+02";"1. Despertados (Efeito Indutor)"
"2915601";"ITAMARAJU";"BA";"Médio Porte";"1,70331121457802e+01";"1,42231775189193e+01";"2. Constantes (Sustentabilidade)"
"2915809";"ITAMBE";"BA";"Pequeno Porte II";"7,20279159242431e-01";"1,22139119473043e+02";"1. Despertados (Efeito Indutor)"
"2915908";"ITANAGRA";"BA";"Pequeno Porte I";"0,00000000000000e+00";"1,28105192285289e+02";"1. Despertados (Efeito Indutor)"
"2916005";"ITANHEM";"BA";"Pequeno Porte I";"2,99077149686984e+01";"5,09907218110697e+01";"1. Despertados (Efeito Indutor)"
"2916104";"ITAPARICA";"BA";"Pequeno Porte I";"4,79200399544271e+01";"1,36565169285967e+02";"1. Despertados (Efeito Indutor)"
"2916203";"ITAPE";"BA";"Pequeno Porte I";"1,06691536383406e+01";"3,59257934251344e+01";"1. Despertados (Efeito Indutor)"
"2916302";"ITAPEBI";"BA";"Pequeno Porte I";"5,25279984825290e+01";"1,02571269056609e+02";"1. Despertados (Efeito Indutor)"
"2916401";"ITAPETINGA";"BA";"Médio Porte";"5,90040807114511e+00";"8,98096566236060e+01";"1. Despertados (Efeito Indutor)"
"2916500";"ITAPICURU";"BA";"Pequeno Porte II";"8,50724306073909e+00";"2,10922456516936e+01";"1. Despertados (Efeito Indutor)"
"2916609";"ITAPITANGA";"BA";"Pequeno Porte I";"1,07850239644152e+01";"5,68932844862581e+01";"1. Despertados (Efeito Indutor)"
"2916708";"ITAQUARA";"BA";"Pequeno Porte I";"5,02997754722758e+00";"9,57352448908332e+01";"1. Despertados (Efeito Indutor)"
"2916807";"ITARANTIM";"BA";"Pequeno Porte I";"2,76964290525783e+01";"1,77328356096461e+02";"1. Despertados (Efeito Indutor)"
"2916906";"ITIRUCU";"BA";"Pequeno Porte I";"2,16214831659395e+01";"7,52609330976745e+01";"1. Despertados (Efeito Indutor)"
"2917003";"ITIUBA";"BA";"Pequeno Porte II";"3,77479206127901e+00";"1,12693020981730e+02";"1. Despertados (Efeito Indutor)"
"2917102";"ITORORO";"BA";"Pequeno Porte I";"4,83705046756222e+01";"7,16547520508950e+01";"1. Despertados (Efeito Indutor)"
"2917201";"ITUACU";"BA";"Pequeno Porte I";"1,22598733362352e+01";"9,25945338844000e+01";"1. Despertados (Efeito Indutor)"
"2917300";"ITUBERA";"BA";"Pequeno Porte II";"2,69053652368157e+01";"1,05309281943353e+02";"1. Despertados (Efeito Indutor)"
"2917334";"IUIU";"BA";"Pequeno Porte I";"4,03225292071698e+01";"1,41765900791509e+02";"1. Despertados (Efeito Indutor)"
"2917359";"JABORANDI";"BA";"Pequeno Porte I";"0,00000000000000e+00";"1,85666272776280e+02";"1. Despertados (Efeito Indutor)"
"2917409";"JACARACI";"BA";"Pequeno Porte I";"3,29845025564069e+00";"4,34388220421169e+01";"1. Despertados (Efeito Indutor)"
"2917508";"JACOBINA";"BA";"Médio Porte";"2,27457260169951e+01";"3,97655957961430e+01";"1. Despertados (Efeito Indutor)"
"2917607";"JAGUAQUARA";"BA";"Pequeno Porte II";"1,32074550533079e+01";"1,43859959763760e+02";"1. Despertados (Efeito Indutor)"
"2917706";"JAGUARARI";"BA";"Pequeno Porte II";"1,47639571554206e+01";"0,00000000000000e+00";"4. Efeito Substituição (Retração Local)"
"2917805";"JAGUARIPE";"BA";"Pequeno Porte I";"1,30019247601519e+02";"0,00000000000000e+00";"4. Efeito Substituição (Retração Local)"
"2917904";"JANDAIRA";"BA";"Pequeno Porte I";"1,22240481229338e+01";"1,29066614931749e+01";"2. Constantes (Sustentabilidade)"
"2918001";"JEQUIE";"BA";"Grande Porte";"0,00000000000000e+00";"7,94177231705918e+01";"1. Despertados (Efeito Indutor)"
"2918100";"JEREMOABO";"BA";"Pequeno Porte II";"2,12377419224564e+00";"1,31277775128731e+02";"1. Despertados (Efeito Indutor)"
"2918209";"JIQUIRICA";"BA";"Pequeno Porte I";"5,36247909132672e+01";"1,37344868099777e+02";"1. Despertados (Efeito Indutor)"
"2918308";"JITAUNA";"BA";"Pequeno Porte I";"1,22451908604353e+01";"1,81774548197721e+02";"1. Despertados (Efeito Indutor)"
"2918357";"JOAO DOURADO";"BA";"Pequeno Porte II";"9,31690111780947e+00";"1,93462746754337e+00";"4. Efeito Substituição (Retração Local)"
"2918407";"JUAZEIRO";"BA";"Grande Porte";"5,32296580440557e+01";"9,79706423028170e+00";"4. Efeito Substituição (Retração Local)"
"2918456";"JUCURUCU";"BA";"Pequeno Porte I";"3,88052673489990e+00";"4,74617544453784e+01";"1. Despertados (Efeito Indutor)"
"2918506";"JUSSARA";"BA";"Pequeno Porte I";"0,00000000000000e+00";"7,52268107492051e+01";"1. Despertados (Efeito Indutor)"
"2918555";"JUSSARI";"BA";"Pequeno Porte I";"1,81636645507989e+01";"1,69787619412855e+01";"2. Constantes (Sustentabilidade)"
"2918605";"JUSSIAPE";"BA";"Pequeno Porte I";"7,41719336446470e+01";"1,34752397508880e+02";"1. Despertados (Efeito Indutor)"
"2918704";"LAFAIETE COUTINHO";"BA";"Pequeno Porte I";"5,95323101150013e+01";"1,56571269020906e+02";"1. Despertados (Efeito Indutor)"
"2918753";"LAGOA REAL";"BA";"Pequeno Porte I";"0,00000000000000e+00";"8,39048635235732e+00";"1. Despertados (Efeito Indutor)"
"2918902";"LAJEDAO";"BA";"Pequeno Porte I";"1,41123034506906e+00";"9,48629164257836e+01";"1. Despertados (Efeito Indutor)"
"2919058";"LAJEDO DO TABOCAL";"BA";"Pequeno Porte I";"4,34959200615812e+00";"1,34517918587604e+02";"1. Despertados (Efeito Indutor)"
"2919108";"LAMARAO";"BA";"Pequeno Porte I";"1,15636047608143e+01";"1,02340558046808e+02";"1. Despertados (Efeito Indutor)"
"2919157";"LAPAO";"BA";"Pequeno Porte II";"1,03254383229504e+01";"1,48778733650422e+02";"1. Despertados (Efeito Indutor)"
"2919207";"LAURO DE FREITAS";"BA";"Grande Porte";"2,12938150593132e+01";"4,96792406421154e+01";"1. Despertados (Efeito Indutor)"
"2919405";"LICINIO DE ALMEIDA";"BA";"Pequeno Porte I";"5,91715140157189e-01";"1,76571344713434e+01";"1. Despertados (Efeito Indutor)"
"2919504";"LIVRAMENTO DE NOSSA SENHORA";"BA";"Pequeno Porte II";"9,31374786300647e+00";"1,10498347795286e+02";"1. Despertados (Efeito Indutor)"
"2919553";"LUIS EDUARDO MAGALHAES";"BA";"Grande Porte";"6,26177682037080e+01";"1,21570559147970e+02";"1. Despertados (Efeito Indutor)"
"2919702";"MACARANI";"BA";"Pequeno Porte II";"2,68928988366418e+00";"8,31325004690391e+01";"1. Despertados (Efeito Indutor)"
"2919801";"MACAUBAS";"BA";"Pequeno Porte II";"1,95177161344960e+01";"1,25191905974618e+02";"1. Despertados (Efeito Indutor)"
"2919900";"MACURURE";"BA";"Pequeno Porte I";"1,70227438354842e+01";"1,78317440340744e+02";"1. Despertados (Efeito Indutor)"
"2920007";"MAIQUINIQUE";"BA";"Pequeno Porte I";"3,16520251439247e+01";"1,06338198884702e+02";"1. Despertados (Efeito Indutor)"
"2920205";"MALHADA";"BA";"Pequeno Porte I";"2,44998539949969e+01";"9,99473721542048e+01";"1. Despertados (Efeito Indutor)"
"2920304";"MALHADA DE PEDRAS";"BA";"Pequeno Porte I";"7,08038077964695e+01";"1,48399437843768e+02";"1. Despertados (Efeito Indutor)"
"2920452";"MANSIDAO";"BA";"Pequeno Porte I";"0,00000000000000e+00";"6,55848717784661e+01";"1. Despertados (Efeito Indutor)"
"2920502";"MARACAS";"BA";"Pequeno Porte II";"1,76556802484551e+01";"1,18337548974931e+02";"1. Despertados (Efeito Indutor)"
"2920601";"MARAGOGIPE";"BA";"Pequeno Porte II";"5,32220029945846e+01";"1,70717382333396e+02";"1. Despertados (Efeito Indutor)"
"2920809";"MARCIONILIO SOUZA";"BA";"Pequeno Porte I";"0,00000000000000e+00";"1,22749496790252e+02";"1. Despertados (Efeito Indutor)"
"2920908";"MASCOTE";"BA";"Pequeno Porte I";"4,34391113741323e+00";"9,01371444756145e+01";"1. Despertados (Efeito Indutor)"
"2921054";"MATINA";"BA";"Pequeno Porte I";"3,13419277555827e+00";"7,05380900912050e+01";"1. Despertados (Efeito Indutor)"
"2921104";"MEDEIROS NETO";"BA";"Pequeno Porte II";"1,35315614929069e+01";"5,98833165833585e+01";"1. Despertados (Efeito Indutor)"
"2921401";"MIRANGABA";"BA";"Pequeno Porte I";"2,53888316035518e+01";"1,29710986053978e+02";"1. Despertados (Efeito Indutor)"
"2921450";"MIRANTE";"BA";"Pequeno Porte I";"5,01794065067957e+00";"9,51243932187355e+01";"1. Despertados (Efeito Indutor)"
"2921500";"MONTE SANTO";"BA";"Pequeno Porte II";"1,59803503158485e+00";"1,06614656907340e+02";"1. Despertados (Efeito Indutor)"
"2921609";"MORPARA";"BA";"Pequeno Porte I";"3,77744461643578e+00";"1,74234146811136e+02";"1. Despertados (Efeito Indutor)"
"2921708";"MORRO DO CHAPEU";"BA";"Pequeno Porte II";"9,48173220760008e+00";"1,65874155427279e+02";"1. Despertados (Efeito Indutor)"
"2921807";"MORTUGABA";"BA";"Pequeno Porte I";"1,28296223294201e+01";"4,91335858527507e+01";"1. Despertados (Efeito Indutor)"
"2922003";"MUCURI";"BA";"Pequeno Porte II";"0,00000000000000e+00";"6,85434311839384e+01";"1. Despertados (Efeito Indutor)"
"2922052";"MULUNGU DO MORRO";"BA";"Pequeno Porte I";"6,84489572484370e+01";"1,87796220433937e+02";"1. Despertados (Efeito Indutor)"
"2922102";"MUNDO NOVO";"BA";"Pequeno Porte I";"1,90472088938480e+01";"9,79021034138816e+01";"1. Despertados (Efeito Indutor)"
"2922201";"MUNIZ FERREIRA";"BA";"Pequeno Porte I";"1,27002599587905e+01";"0,00000000000000e+00";"4. Efeito Substituição (Retração Local)"
"2922250";"MUQUEM DO SAO FRANCISCO";"BA";"Pequeno Porte I";"4,40892180340505e+00";"2,99287692495935e+01";"1. Despertados (Efeito Indutor)"
"2922300";"MURITIBA";"BA";"Pequeno Porte II";"7,13348568539994e+01";"1,17359372199843e+02";"1. Despertados (Efeito Indutor)"
"2922409";"MUTUIPE";"BA";"Pequeno Porte II";"0,00000000000000e+00";"4,02366416706302e+01";"1. Despertados (Efeito Indutor)"
"2922508";"NAZARE";"BA";"Pequeno Porte II";"3,55329917170806e+01";"1,40815422342105e+02";"1. Despertados (Efeito Indutor)"
"2922607";"NILO PECANHA";"BA";"Pequeno Porte I";"2,50861226489532e+01";"0,00000000000000e+00";"4. Efeito Substituição (Retração Local)"
"2922656";"NORDESTINA";"BA";"Pequeno Porte I";"5,98885200875369e+01";"1,84386670683167e+02";"1. Despertados (Efeito Indutor)"
"2922706";"NOVA CANAA";"BA";"Pequeno Porte I";"2,33954438522002e+01";"3,62670278169633e+01";"1. Despertados (Efeito Indutor)"
"2922730";"NOVA FATIMA";"BA";"Pequeno Porte I";"0,00000000000000e+00";"1,15868397979184e+02";"1. Despertados (Efeito Indutor)"
"2922755";"NOVA IBIA";"BA";"Pequeno Porte I";"0,00000000000000e+00";"6,48769016856138e+01";"1. Despertados (Efeito Indutor)"
"2922854";"NOVA REDENCAO";"BA";"Pequeno Porte I";"2,12476220531741e+01";"2,41189389561732e+01";"2. Constantes (Sustentabilidade)"
"2922904";"NOVA SOURE";"BA";"Pequeno Porte II";"8,60693628142027e+00";"8,73562676011348e+01";"1. Despertados (Efeito Indutor)"
"2923001";"NOVA VICOSA";"BA";"Pequeno Porte II";"1,39073474629591e+00";"2,93377176157589e+01";"1. Despertados (Efeito Indutor)"
"2923035";"NOVO HORIZONTE";"BA";"Pequeno Porte I";"1,35190378718854e+00";"1,35262173893567e+02";"1. Despertados (Efeito Indutor)"
"2923050";"NOVO TRIUNFO";"BA";"Pequeno Porte I";"3,04908559780358e+01";"1,30647636876912e+02";"1. Despertados (Efeito Indutor)"
"2923100";"OLINDINA";"BA";"Pequeno Porte II";"4,33826851474860e+00";"8,64358477243266e+01";"1. Despertados (Efeito Indutor)"
"2923209";"OLIVEIRA DOS BREJINHOS";"BA";"Pequeno Porte II";"2,07334698574942e+00";"1,66744000441444e+02";"1. Despertados (Efeito Indutor)"
"2923357";"OUROLANDIA";"BA";"Pequeno Porte I";"0,00000000000000e+00";"4,95137950653509e+01";"1. Despertados (Efeito Indutor)"
"2923407";"PALMAS DE MONTE ALTO";"BA";"Pequeno Porte II";"1,22295552947013e+00";"4,29356405056583e+01";"1. Despertados (Efeito Indutor)"
"2923506";"PALMEIRAS";"BA";"Pequeno Porte I";"4,10197693796577e+01";"1,64542852255041e+02";"1. Despertados (Efeito Indutor)"
"2923605";"PARAMIRIM";"BA";"Pequeno Porte II";"5,02008684666359e+01";"9,06666173652400e+01";"1. Despertados (Efeito Indutor)"
"2923704";"PARATINGA";"BA";"Pequeno Porte II";"5,83713278286685e+01";"7,16860349831032e+01";"2. Constantes (Sustentabilidade)"
"2923803";"PARIPIRANGA";"BA";"Pequeno Porte II";"7,57579549856710e+00";"1,45378383659011e+02";"1. Despertados (Efeito Indutor)"
"2924009";"PAULO AFONSO";"BA";"Grande Porte";"2,31437150228500e+01";"1,05889258795564e+02";"1. Despertados (Efeito Indutor)"
"2924058";"PE DE SERRA";"BA";"Pequeno Porte I";"2,48431626824296e+01";"1,47188065101385e+02";"1. Despertados (Efeito Indutor)"
"2924108";"PEDRAO";"BA";"Pequeno Porte I";"3,19878541480907e+01";"9,41997706495589e+01";"1. Despertados (Efeito Indutor)"
"2924207";"PEDRO ALEXANDRE";"BA";"Pequeno Porte I";"0,00000000000000e+00";"1,50048508111699e+02";"1. Despertados (Efeito Indutor)"
"2924306";"PIATA";"BA";"Pequeno Porte II";"3,38056648215231e+01";"1,82752733847390e+02";"1. Despertados (Efeito Indutor)"
"2924405";"PILAO ARCADO";"BA";"Pequeno Porte II";"1,76653062151445e+01";"7,41080599805332e+01";"1. Despertados (Efeito Indutor)"
"2924504";"PINDAI";"BA";"Pequeno Porte I";"5,11652769228308e+01";"1,15430938268858e+02";"1. Despertados (Efeito Indutor)"
"2924603";"PINDOBACU";"BA";"Pequeno Porte I";"1,98891444228033e+01";"1,31961261726556e+02";"1. Despertados (Efeito Indutor)"
"2924652";"PINTADAS";"BA";"Pequeno Porte I";"1,71108204211340e+01";"1,10375768157492e+02";"1. Despertados (Efeito Indutor)"
"2924678";"PIRAI DO NORTE";"BA";"Pequeno Porte I";"0,00000000000000e+00";"4,52935961864735e+01";"1. Despertados (Efeito Indutor)"
"2924702";"PIRIPA";"BA";"Pequeno Porte I";"1,49675721825064e+01";"1,65238482791816e+02";"1. Despertados (Efeito Indutor)"
"2924801";"PIRITIBA";"BA";"Pequeno Porte I";"1,37025911471679e+01";"1,50098743438297e+02";"1. Despertados (Efeito Indutor)"
"2924900";"PLANALTINO";"BA";"Pequeno Porte I";"1,52907012353362e+01";"6,68423925466469e+01";"1. Despertados (Efeito Indutor)"
"2925006";"PLANALTO";"BA";"Pequeno Porte II";"2,21062319947936e+01";"6,09343084856681e+01";"1. Despertados (Efeito Indutor)"
"2925105";"POCOES";"BA";"Pequeno Porte II";"1,44595960352867e+01";"3,77530854124446e+01";"1. Despertados (Efeito Indutor)"
"2925253";"PONTO NOVO";"BA";"Pequeno Porte I";"1,05719068448208e+01";"9,15804619386728e+01";"1. Despertados (Efeito Indutor)"
"2925303";"PORTO SEGURO";"BA";"Grande Porte";"6,50651903708547e+01";"7,42888949866601e+00";"4. Efeito Substituição (Retração Local)"
"2925402";"POTIRAGUA";"BA";"Pequeno Porte I";"1,19898563616753e+01";"1,62297903720794e+02";"1. Despertados (Efeito Indutor)"
"2925501";"PRADO";"BA";"Pequeno Porte II";"3,89246227058517e+00";"8,10265428999141e+00";"2. Constantes (Sustentabilidade)"
"2925600";"PRESIDENTE DUTRA";"BA";"Pequeno Porte I";"1,19150443331095e+01";"8,97470332323972e+01";"1. Despertados (Efeito Indutor)"
"2925709";"PRESIDENTE JANIO QUADROS";"BA";"Pequeno Porte I";"0,00000000000000e+00";"1,49441514301489e+02";"1. Despertados (Efeito Indutor)"
"2925758";"PRESIDENTE TANCREDO NEVES";"BA";"Pequeno Porte II";"4,04570661670505e+01";"7,49735965041773e+01";"1. Despertados (Efeito Indutor)"
"2925808";"QUEIMADAS";"BA";"Pequeno Porte II";"1,26313835884020e+01";"6,15043441203632e+01";"1. Despertados (Efeito Indutor)"
"2925907";"QUIJINGUE";"BA";"Pequeno Porte II";"1,69030949027839e+01";"6,44800734375909e+01";"1. Despertados (Efeito Indutor)"
"2925931";"QUIXABEIRA";"BA";"Pequeno Porte I";"1,37537871172969e+01";"8,46971622026415e+01";"1. Despertados (Efeito Indutor)"
"2926004";"REMANSO";"BA";"Pequeno Porte II";"0,00000000000000e+00";"1,64686638434392e+01";"1. Despertados (Efeito Indutor)"
"2926103";"RETIROLANDIA";"BA";"Pequeno Porte I";"5,80811492788772e+00";"1,83173577621499e+02";"1. Despertados (Efeito Indutor)"
"2926400";"RIACHO DE SANTANA";"BA";"Pequeno Porte II";"2,44270658837670e+01";"1,03602851797332e+02";"1. Despertados (Efeito Indutor)"
"2926509";"RIBEIRA DO AMPARO";"BA";"Pequeno Porte I";"6,23898487304248e+00";"7,81963851586391e+01";"1. Despertados (Efeito Indutor)"
"2926608";"RIBEIRA DO POMBAL";"BA";"Médio Porte";"4,09034422730671e+00";"1,04575022095009e+02";"1. Despertados (Efeito Indutor)"
"2926707";"RIO DE CONTAS";"BA";"Pequeno Porte I";"5,25814132898116e+01";"1,65982371940718e+02";"1. Despertados (Efeito Indutor)"
"2926806";"RIO DO ANTONIO";"BA";"Pequeno Porte I";"1,19966579588907e+00";"1,87266397335986e+02";"1. Despertados (Efeito Indutor)"
"2926905";"RIO DO PIRES";"BA";"Pequeno Porte I";"1,19262398685566e+01";"1,01945447129164e+02";"1. Despertados (Efeito Indutor)"
"2927002";"RIO REAL";"BA";"Pequeno Porte II";"2,50775839821905e+01";"1,09974563174293e+02";"1. Despertados (Efeito Indutor)"
"2927101";"RODELAS";"BA";"Pequeno Porte I";"2,71305273805243e+01";"6,34507203832452e+01";"1. Despertados (Efeito Indutor)"
"2927200";"RUY BARBOSA";"BA";"Pequeno Porte II";"2,30908544946425e+01";"1,15080232070028e+02";"1. Despertados (Efeito Indutor)"
"2927309";"SALINAS DA MARGARIDA";"BA";"Pequeno Porte I";"5,02218730423679e+00";"0,00000000000000e+00";"2. Constantes (Sustentabilidade)"
"2927408";"SALVADOR";"BA";"Metrópole";"1,47970710376614e+01";"2,97826767847748e+01";"1. Despertados (Efeito Indutor)"
"2927507";"SANTA BARBARA";"BA";"Pequeno Porte II";"1,59655863026251e+01";"1,93535098398834e+02";"1. Despertados (Efeito Indutor)"
"2927606";"SANTA BRIGIDA";"BA";"Pequeno Porte I";"1,71868516798467e+01";"7,23988301427644e+01";"1. Despertados (Efeito Indutor)"
"2927705";"SANTA CRUZ CABRALIA";"BA";"Pequeno Porte II";"3,62965254271921e+01";"2,33295501537221e+01";"4. Efeito Substituição (Retração Local)"
"2927804";"SANTA CRUZ DA VITORIA";"BA";"Pequeno Porte I";"0,00000000000000e+00";"1,30505899829423e+02";"1. Despertados (Efeito Indutor)"
"2928000";"SANTALUZ";"BA";"Pequeno Porte II";"5,49685159310831e+00";"1,01005871661392e+02";"1. Despertados (Efeito Indutor)"
"2928059";"SANTA LUZIA";"BA";"Pequeno Porte I";"4,60214559004873e+00";"1,15994344618523e+02";"1. Despertados (Efeito Indutor)"
"2928109";"SANTA MARIA DA VITORIA";"BA";"Pequeno Porte II";"2,24372913014776e+01";"4,66351424051382e+01";"1. Despertados (Efeito Indutor)"
"2928208";"SANTANA";"BA";"Pequeno Porte II";"6,34524701577345e+01";"1,03880542424746e+02";"1. Despertados (Efeito Indutor)"
"2928307";"SANTANOPOLIS";"BA";"Pequeno Porte I";"1,54690469204349e+01";"9,93579422900413e+01";"1. Despertados (Efeito Indutor)"
"2928406";"SANTA RITA DE CASSIA";"BA";"Pequeno Porte II";"1,44807582518359e+01";"4,00877236102226e+01";"1. Despertados (Efeito Indutor)"
"2928505";"SANTA TEREZINHA";"BA";"Pequeno Porte I";"2,33323814042619e+01";"7,51055326499662e+01";"1. Despertados (Efeito Indutor)"
"2928604";"SANTO AMARO";"BA";"Médio Porte";"9,01876728054647e+01";"5,38109750947695e+01";"4. Efeito Substituição (Retração Local)"
"2928703";"SANTO ANTONIO DE JESUS";"BA";"Grande Porte";"1,81902660761259e+01";"1,15491959887613e+02";"1. Despertados (Efeito Indutor)"
"2928802";"SANTO ESTEVAO";"BA";"Médio Porte";"2,67113809322932e+01";"1,31499611189430e+02";"1. Despertados (Efeito Indutor)"
"2928950";"SAO DOMINGOS";"BA";"Pequeno Porte I";"2,58507343159024e+01";"1,94784304533587e+01";"2. Constantes (Sustentabilidade)"
"2929008";"SAO FELIX";"BA";"Pequeno Porte I";"1,97318975900485e+01";"4,34714031593590e+01";"1. Despertados (Efeito Indutor)"
"2929057";"SAO FELIX DO CORIBE";"BA";"Pequeno Porte I";"1,75016502684141e+01";"1,04764546224385e+02";"1. Despertados (Efeito Indutor)"
"2929107";"SAO FELIPE";"BA";"Pequeno Porte II";"1,69797786475816e+00";"9,98025966619461e+01";"1. Despertados (Efeito Indutor)"
"2929255";"SAO GABRIEL";"BA";"Pequeno Porte I";"1,18725326371039e+01";"3,60266903406206e+01";"1. Despertados (Efeito Indutor)"
"2929305";"SAO GONCALO DOS CAMPOS";"BA";"Pequeno Porte II";"3,58221228193232e+01";"1,72970272462913e+02";"1. Despertados (Efeito Indutor)"
"2929404";"SAO MIGUEL DAS MATAS";"BA";"Pequeno Porte I";"1,29645409504567e+01";"6,60107055927243e+01";"1. Despertados (Efeito Indutor)"
"2929602";"SAPEACU";"BA";"Pequeno Porte I";"2,66018168564042e+01";"9,40622586312186e+01";"1. Despertados (Efeito Indutor)"
"2929750";"SAUBARA";"BA";"Pequeno Porte I";"1,40257529871859e+02";"1,52882733571964e+02";"2. Constantes (Sustentabilidade)"
"2929800";"SAUDE";"BA";"Pequeno Porte I";"6,38082626691550e+00";"8,63341745816892e+01";"1. Despertados (Efeito Indutor)"
"2929909";"SEABRA";"BA";"Pequeno Porte II";"1,22797766877088e+01";"9,93951436511551e+01";"1. Despertados (Efeito Indutor)"
"2930006";"SEBASTIAO LARANJEIRAS";"BA";"Pequeno Porte I";"9,70342501517203e-01";"7,48190363645028e+01";"1. Despertados (Efeito Indutor)"
"2930105";"SENHOR DO BONFIM";"BA";"Médio Porte";"4,53258183255485e+01";"1,04613709118523e+02";"1. Despertados (Efeito Indutor)"
"2930154";"SERRA DO RAMALHO";"BA";"Pequeno Porte II";"1,36853122964036e+01";"7,92454416749459e+01";"1. Despertados (Efeito Indutor)"
"2930204";"SENTO SE";"BA";"Pequeno Porte II";"1,70767479620159e+01";"1,15908218011218e+01";"2. Constantes (Sustentabilidade)"
"2930303";"SERRA DOURADA";"BA";"Pequeno Porte I";"3,17984337921169e+01";"6,50364572948020e+01";"1. Despertados (Efeito Indutor)"
"2930402";"SERRA PRETA";"BA";"Pequeno Porte I";"9,73964727796587e+00";"1,33006843015305e+02";"1. Despertados (Efeito Indutor)"
"2930501";"SERRINHA";"BA";"Médio Porte";"2,56171024626591e+01";"9,46821182283684e+01";"1. Despertados (Efeito Indutor)"
"2930709";"SIMOES FILHO";"BA";"Grande Porte";"2,98914303629336e+01";"6,23489632760475e+01";"1. Despertados (Efeito Indutor)"
"2930758";"SITIO DO MATO";"BA";"Pequeno Porte I";"0,00000000000000e+00";"4,25509011180380e+01";"1. Despertados (Efeito Indutor)"
"2930766";"SITIO DO QUINTO";"BA";"Pequeno Porte I";"1,00043878031148e+01";"1,26901361234213e+02";"1. Despertados (Efeito Indutor)"
"2930774";"SOBRADINHO";"BA";"Pequeno Porte II";"1,68714230792065e+01";"1,15963339211544e+02";"1. Despertados (Efeito Indutor)"
"2930808";"SOUTO SOARES";"BA";"Pequeno Porte I";"6,12095373904873e+00";"0,00000000000000e+00";"2. Constantes (Sustentabilidade)"
"2930907";"TABOCAS DO BREJO VELHO";"BA";"Pequeno Porte I";"5,51852274953428e+00";"6,13876699527675e+01";"1. Despertados (Efeito Indutor)"
"2931004";"TANHACU";"BA";"Pequeno Porte II";"9,67388122740560e+00";"8,71546137037288e+01";"1. Despertados (Efeito Indutor)"
"2931053";"TANQUE NOVO";"BA";"Pequeno Porte I";"3,03447345504053e-01";"1,33910369607058e+02";"1. Despertados (Efeito Indutor)"
"2931103";"TANQUINHO";"BA";"Pequeno Porte I";"2,84217964445588e+01";"1,86190645554278e+02";"1. Despertados (Efeito Indutor)"
"2931202";"TAPEROA";"BA";"Pequeno Porte I";"2,41907054660862e+01";"8,89819293028873e+01";"1. Despertados (Efeito Indutor)"
"2931301";"TAPIRAMUTA";"BA";"Pequeno Porte I";"0,00000000000000e+00";"1,00074405037349e+02";"1. Despertados (Efeito Indutor)"
"2931350";"TEIXEIRA DE FREITAS";"BA";"Grande Porte";"0,00000000000000e+00";"3,77515349590477e+00";"2. Constantes (Sustentabilidade)"
"2931400";"TEODORO SAMPAIO";"BA";"Pequeno Porte I";"0,00000000000000e+00";"1,39176930309277e+02";"1. Despertados (Efeito Indutor)"
"2931509";"TEOFILANDIA";"BA";"Pequeno Porte II";"1,06905994370534e+01";"1,38298462440642e+02";"1. Despertados (Efeito Indutor)"
"2931707";"TERRA NOVA";"BA";"Pequeno Porte I";"7,89098863535964e+01";"1,47277426089940e+02";"1. Despertados (Efeito Indutor)"
"2931806";"TREMEDAL";"BA";"Pequeno Porte I";"4,99464348010912e-01";"4,79923854210686e+01";"1. Despertados (Efeito Indutor)"
"2931905";"TUCANO";"BA";"Pequeno Porte II";"6,48252082646422e+00";"9,67657983500429e+01";"1. Despertados (Efeito Indutor)"
"2932002";"UAUA";"BA";"Pequeno Porte II";"2,06644766300793e+01";"1,47459370022763e+02";"1. Despertados (Efeito Indutor)"
"2932101";"UBAIRA";"BA";"Pequeno Porte I";"5,08011679485588e+00";"1,62968948577425e+02";"1. Despertados (Efeito Indutor)"
"2932200";"UBAITABA";"BA";"Pequeno Porte I";"1,63029301512325e+01";"3,35083825730531e+00";"4. Efeito Substituição (Retração Local)"
"2932309";"UBATA";"BA";"Pequeno Porte I";"2,81752826942702e+01";"0,00000000000000e+00";"4. Efeito Substituição (Retração Local)"
"2932408";"UIBAI";"BA";"Pequeno Porte I";"2,84741347196383e+01";"9,91614336178291e+01";"1. Despertados (Efeito Indutor)"
"2932457";"UMBURANAS";"BA";"Pequeno Porte I";"0,00000000000000e+00";"1,01328537340283e+01";"1. Despertados (Efeito Indutor)"
"2932507";"UNA";"BA";"Pequeno Porte I";"1,47792669510143e+01";"9,33085892099445e+01";"1. Despertados (Efeito Indutor)"
"2932606";"URANDI";"BA";"Pequeno Porte I";"5,37880056386449e+00";"8,39727018061404e+01";"1. Despertados (Efeito Indutor)"
"2932705";"URUCUCA";"BA";"Pequeno Porte II";"2,04281552576905e+01";"6,22344002598603e+01";"1. Despertados (Efeito Indutor)"
"2932804";"UTINGA";"BA";"Pequeno Porte I";"5,02358460324480e+00";"0,00000000000000e+00";"2. Constantes (Sustentabilidade)"
"2932903";"VALENCA";"BA";"Médio Porte";"1,48804794167596e+01";"5,79047609843221e+01";"1. Despertados (Efeito Indutor)"
"2933000";"VALENTE";"BA";"Pequeno Porte II";"8,92771022810272e+00";"8,62379322455964e+01";"1. Despertados (Efeito Indutor)"
"2933059";"VARZEA DA ROCA";"BA";"Pequeno Porte I";"2,33580226643048e+01";"1,02228044148418e+02";"1. Despertados (Efeito Indutor)"
"2933109";"VARZEA DO POCO";"BA";"Pequeno Porte I";"9,75653319208189e+01";"5,74543924194838e+01";"4. Efeito Substituição (Retração Local)"
"2933158";"VARZEA NOVA";"BA";"Pequeno Porte I";"7,79685704644250e+00";"1,43005472307923e+02";"1. Despertados (Efeito Indutor)"
"2933174";"VARZEDO";"BA";"Pequeno Porte I";"2,29868971428496e+01";"7,76309645070695e+01";"1. Despertados (Efeito Indutor)"
"2933208";"VERA CRUZ";"BA";"Pequeno Porte II";"6,23035803662209e+01";"1,27130898483037e+02";"1. Despertados (Efeito Indutor)"
"2933257";"VEREDA";"BA";"Pequeno Porte I";"6,79633832259936e-02";"6,95402804437706e+01";"1. Despertados (Efeito Indutor)"
"2933307";"VITORIA DA CONQUISTA";"BA";"Grande Porte";"8,56837795501427e+00";"1,05246242906336e+01";"2. Constantes (Sustentabilidade)"
"2933406";"WAGNER";"BA";"Pequeno Porte I";"0,00000000000000e+00";"6,71458446730649e+01";"1. Despertados (Efeito Indutor)"
"2933455";"WANDERLEY";"BA";"Pequeno Porte I";"0,00000000000000e+00";"2,07048118445404e+01";"1. Despertados (Efeito Indutor)"
"2933505";"WENCESLAU GUIMARAES";"BA";"Pequeno Porte II";"1,13424927889612e+01";"1,08627688221490e+02";"1. Despertados (Efeito Indutor)"
"2933604";"XIQUE-XIQUE";"BA";"Pequeno Porte II";"1,25945640629409e+01";"5,19308586252120e+01";"1. Despertados (Efeito Indutor)"
"3100104";"ABADIA DOS DOURADOS";"MG";"Pequeno Porte I";"1,10111168525883e+02";"7,58211829133027e+01";"4. Efeito Substituição (Retração Local)"
"3100203";"ABAETE";"MG";"Pequeno Porte II";"2,88911157141049e+01";"5,45853401346444e+01";"1. Despertados (Efeito Indutor)"
"3100302";"ABRE CAMPO";"MG";"Pequeno Porte I";"2,49374085240151e+01";"1,45023016788367e+02";"1. Despertados (Efeito Indutor)"
"3100401";"ACAIACA";"MG";"Pequeno Porte I";"4,38901035305192e+01";"1,97266475605288e+02";"1. Despertados (Efeito Indutor)"
"3100500";"ACUCENA";"MG";"Pequeno Porte I";"2,36951139551885e+01";"5,67558955710279e+01";"1. Despertados (Efeito Indutor)"
"3100609";"AGUA BOA";"MG";"Pequeno Porte I";"1,82421199835237e+00";"9,19228408538782e+01";"1. Despertados (Efeito Indutor)"
"3100807";"AGUANIL";"MG";"Pequeno Porte I";"2,88983899509308e+01";"8,56680166201343e+01";"1. Despertados (Efeito Indutor)"
"3100906";"AGUAS FORMOSAS";"MG";"Pequeno Porte I";"2,19901326563064e+01";"5,83500861611409e+01";"1. Despertados (Efeito Indutor)"
"3101003";"AGUAS VERMELHAS";"MG";"Pequeno Porte I";"1,75948248531674e+01";"1,89849790468235e+02";"1. Despertados (Efeito Indutor)"
"3101102";"AIMORES";"MG";"Pequeno Porte II";"2,40122245763427e+01";"6,99204999898759e+01";"1. Despertados (Efeito Indutor)"
"3101201";"AIURUOCA";"MG";"Pequeno Porte I";"1,04336774134057e+01";"5,62720325417490e+01";"1. Despertados (Efeito Indutor)"
"3101508";"ALEM PARAIBA";"MG";"Pequeno Porte II";"4,64779936267396e+01";"7,78576059949472e+01";"1. Despertados (Efeito Indutor)"
"3101607";"ALFENAS";"MG";"Médio Porte";"2,68379195007332e+01";"6,48289148827252e+01";"1. Despertados (Efeito Indutor)"
"3101706";"ALMENARA";"MG";"Pequeno Porte II";"1,27548994535522e+01";"3,15207151874645e+01";"1. Despertados (Efeito Indutor)"
"3101904";"ALPINOPOLIS";"MG";"Pequeno Porte I";"1,26698861984330e+01";"1,11693211449379e+02";"1. Despertados (Efeito Indutor)"
"3102001";"ALTEROSA";"MG";"Pequeno Porte I";"8,25657281735445e+01";"1,26584569672997e+02";"1. Despertados (Efeito Indutor)"
"3102100";"ALTO RIO DOCE";"MG";"Pequeno Porte I";"2,44706238280625e+01";"7,05898257110919e+01";"1. Despertados (Efeito Indutor)"
"3102209";"ALVARENGA";"MG";"Pequeno Porte I";"1,56706537857825e+01";"4,52110295221350e+01";"1. Despertados (Efeito Indutor)"
"3102308";"ALVINOPOLIS";"MG";"Pequeno Porte I";"3,17431887024134e+00";"2,59704245248505e+01";"1. Despertados (Efeito Indutor)"
"3102506";"AMPARO DO SERRA";"MG";"Pequeno Porte I";"4,99720337146352e+01";"1,64649011583244e+02";"1. Despertados (Efeito Indutor)"
"3102605";"ANDRADAS";"MG";"Pequeno Porte II";"2,96228878811318e+01";"6,64078650168217e+01";"1. Despertados (Efeito Indutor)"
"3102704";"CACHOEIRA DE PAJEU";"MG";"Pequeno Porte I";"2,48200016367384e+01";"1,31931697999197e+02";"1. Despertados (Efeito Indutor)"
"3102902";"ANTONIO CARLOS";"MG";"Pequeno Porte I";"2,94284825891818e+01";"8,83971108815254e+01";"1. Despertados (Efeito Indutor)"
"3103108";"ANTONIO PRADO DE MINAS";"MG";"Pequeno Porte I";"1,44662551415591e+02";"1,77351760621496e+02";"2. Constantes (Sustentabilidade)"
"3103405";"ARACUAI";"MG";"Pequeno Porte II";"3,67117488457316e+00";"6,57994416825458e+01";"1. Despertados (Efeito Indutor)"
"3103504";"ARAGUARI";"MG";"Grande Porte";"1,39554889151405e+01";"1,06424671025540e+02";"1. Despertados (Efeito Indutor)"
"3103702";"ARAPONGA";"MG";"Pequeno Porte I";"2,02703604795095e+01";"8,63208175533689e+01";"1. Despertados (Efeito Indutor)"
"3103900";"ARAUJOS";"MG";"Pequeno Porte I";"1,23650441491671e+01";"1,56904935420708e+02";"1. Despertados (Efeito Indutor)"
"3104007";"ARAXA";"MG";"Grande Porte";"7,32057299184068e+01";"7,01063804026402e+01";"2. Constantes (Sustentabilidade)"
"3104106";"ARCEBURGO";"MG";"Pequeno Porte I";"3,67087034181556e+01";"1,15104606750854e+02";"1. Despertados (Efeito Indutor)"
"3104205";"ARCOS";"MG";"Pequeno Porte II";"4,60277696236780e+01";"1,05149454394289e+02";"1. Despertados (Efeito Indutor)"
"3104304";"AREADO";"MG";"Pequeno Porte I";"1,38543217593989e+01";"5,53758005308076e+01";"1. Despertados (Efeito Indutor)"
"3104403";"ARGIRITA";"MG";"Pequeno Porte I";"1,03859946398766e+02";"1,64863210494293e+02";"1. Despertados (Efeito Indutor)"
"3104502";"ARINOS";"MG";"Pequeno Porte I";"0,00000000000000e+00";"1,02007515760803e+02";"1. Despertados (Efeito Indutor)"
"3104601";"ASTOLFO DUTRA";"MG";"Pequeno Porte I";"3,35203162067954e+01";"9,56963677911125e+01";"1. Despertados (Efeito Indutor)"
"3104700";"ATALEIA";"MG";"Pequeno Porte I";"1,65161641089875e-01";"4,56743106316225e+01";"1. Despertados (Efeito Indutor)"
"3104908";"BAEPENDI";"MG";"Pequeno Porte I";"2,67986506563942e+01";"5,82071085245621e+01";"1. Despertados (Efeito Indutor)"
"3105103";"BAMBUI";"MG";"Pequeno Porte II";"2,95420847412761e+01";"5,19682539561327e+01";"1. Despertados (Efeito Indutor)"
"3105202";"BANDEIRA";"MG";"Pequeno Porte I";"2,79512834117389e+01";"1,25785188055089e+02";"1. Despertados (Efeito Indutor)"
"3105400";"BARAO DE COCAIS";"MG";"Pequeno Porte II";"4,92886733663033e+01";"7,08344931095027e+01";"1. Despertados (Efeito Indutor)"
"3105509";"BARAO DO MONTE ALTO";"MG";"Pequeno Porte I";"0,00000000000000e+00";"5,99250732533410e+00";"1. Despertados (Efeito Indutor)"
"3105608";"BARBACENA";"MG";"Grande Porte";"2,53478904969104e+01";"7,58811253989876e+01";"1. Despertados (Efeito Indutor)"
"3105905";"BARROSO";"MG";"Pequeno Porte II";"6,07074384741113e+01";"1,64860110607644e+02";"1. Despertados (Efeito Indutor)"
"3106200";"BELO HORIZONTE";"MG";"Metrópole";"4,38861284832546e+01";"4,42835558397877e+01";"2. Constantes (Sustentabilidade)"
"3106309";"BELO ORIENTE";"MG";"Pequeno Porte II";"2,73473289340459e+01";"1,27012578882222e+02";"1. Despertados (Efeito Indutor)"
"3106507";"BERILO";"MG";"Pequeno Porte I";"4,13594387934846e+01";"1,28729670325806e+02";"1. Despertados (Efeito Indutor)"
"3106705";"BETIM";"MG";"Grande Porte";"2,91145372676539e+01";"1,99513773359965e+01";"2. Constantes (Sustentabilidade)"
"3106903";"BICAS";"MG";"Pequeno Porte I";"2,96428840917515e+01";"6,01326068683949e+01";"1. Despertados (Efeito Indutor)"
"3107000";"BIQUINHAS";"MG";"Pequeno Porte I";"2,18516729571916e+01";"4,88092953195915e+01";"1. Despertados (Efeito Indutor)"
"3107109";"BOA ESPERANCA";"MG";"Pequeno Porte II";"1,31905268121021e+01";"2,01012866878521e+01";"2. Constantes (Sustentabilidade)"
"3107307";"BOCAIUVA";"MG";"Pequeno Porte II";"3,32665041205556e+01";"8,71192224424394e+01";"1. Despertados (Efeito Indutor)"
"3107406";"BOM DESPACHO";"MG";"Médio Porte";"1,88092581464014e+01";"0,00000000000000e+00";"4. Efeito Substituição (Retração Local)"
"3107505";"BOM JARDIM DE MINAS";"MG";"Pequeno Porte I";"6,30207784494202e+01";"7,89323513007810e+01";"2. Constantes (Sustentabilidade)"
"3107802";"BOM JESUS DO GALHO";"MG";"Pequeno Porte I";"1,84759633576667e+01";"1,05798214895208e+02";"1. Despertados (Efeito Indutor)"
"3107901";"BOM REPOUSO";"MG";"Pequeno Porte I";"2,97524982032166e+01";"1,23313695618195e+02";"1. Despertados (Efeito Indutor)"
"3108008";"BOM SUCESSO";"MG";"Pequeno Porte I";"3,26949219550993e+01";"1,16436822496628e+02";"1. Despertados (Efeito Indutor)"
"3108206";"BONFINOPOLIS DE MINAS";"MG";"Pequeno Porte I";"1,50696173199074e+01";"3,42668455563256e+01";"1. Despertados (Efeito Indutor)"
"3108255";"BONITO DE MINAS";"MG";"Pequeno Porte I";"3,25899018640189e+00";"6,49513151538861e+01";"1. Despertados (Efeito Indutor)"
"3108305";"BORDA DA MATA";"MG";"Pequeno Porte I";"1,89711433715933e+01";"2,33190117923146e+01";"2. Constantes (Sustentabilidade)"
"3108552";"BRASILANDIA DE MINAS";"MG";"Pequeno Porte I";"8,27110903922895e+00";"1,29878273409764e+02";"1. Despertados (Efeito Indutor)"
"3108602";"BRASILIA DE MINAS";"MG";"Pequeno Porte II";"2,93205497330591e+01";"8,66056428651261e+01";"1. Despertados (Efeito Indutor)"
"3108701";"BRAS PIRES";"MG";"Pequeno Porte I";"0,00000000000000e+00";"4,67947096815615e+01";"1. Despertados (Efeito Indutor)"
"3108800";"BRAUNAS";"MG";"Pequeno Porte I";"1,65860232747468e+01";"6,71223865856339e+01";"1. Despertados (Efeito Indutor)"
"3108909";"BRAZOPOLIS";"MG";"Pequeno Porte I";"2,01814177866543e+01";"2,46483832652389e+01";"2. Constantes (Sustentabilidade)"
"3109006";"BRUMADINHO";"MG";"Pequeno Porte II";"7,20711513794383e+01";"1,16387472963665e+02";"1. Despertados (Efeito Indutor)"
"3109105";"BUENO BRANDAO";"MG";"Pequeno Porte I";"5,53295753808977e+01";"8,75264250258137e+01";"1. Despertados (Efeito Indutor)"
"3109253";"BUGRE";"MG";"Pequeno Porte I";"2,47580259610070e+01";"1,80105973567295e+02";"1. Despertados (Efeito Indutor)"
"3109303";"BURITIS";"MG";"Pequeno Porte II";"1,60125717570220e-01";"1,24150810870879e+02";"1. Despertados (Efeito Indutor)"
"3109451";"CABECEIRA GRANDE";"MG";"Pequeno Porte I";"0,00000000000000e+00";"6,16735881007127e+01";"1. Despertados (Efeito Indutor)"
"3109501";"CABO VERDE";"MG";"Pequeno Porte I";"0,00000000000000e+00";"1,51716833665257e+02";"1. Despertados (Efeito Indutor)"
"3109709";"CACHOEIRA DE MINAS";"MG";"Pequeno Porte I";"5,04611884268453e+01";"1,54981582143033e+02";"1. Despertados (Efeito Indutor)"
"3110004";"CAETE";"MG";"Pequeno Porte II";"2,91445657260762e+01";"1,40499017059601e+02";"1. Despertados (Efeito Indutor)"
"3110103";"CAIANA";"MG";"Pequeno Porte I";"2,94926540771475e+00";"1,57943375537684e+02";"1. Despertados (Efeito Indutor)"
"3110202";"CAJURI";"MG";"Pequeno Porte I";"4,82904007413452e+01";"8,35114212576144e+01";"1. Despertados (Efeito Indutor)"
"3110301";"CALDAS";"MG";"Pequeno Porte I";"1,64716417417422e+01";"7,59671779593094e+01";"1. Despertados (Efeito Indutor)"
"3110400";"CAMACHO";"MG";"Pequeno Porte I";"6,11661159166183e+01";"1,91615480207233e+02";"1. Despertados (Efeito Indutor)"
"3110509";"CAMANDUCAIA";"MG";"Pequeno Porte II";"4,92884033666119e+01";"1,35978230193361e+02";"1. Despertados (Efeito Indutor)"
"3110608";"CAMBUI";"MG";"Pequeno Porte II";"2,70745136426097e+01";"7,78650338835840e+01";"1. Despertados (Efeito Indutor)"
"3110707";"CAMBUQUIRA";"MG";"Pequeno Porte I";"1,03322583063374e+02";"1,76139003533766e+02";"1. Despertados (Efeito Indutor)"
"3110806";"CAMPANARIO";"MG";"Pequeno Porte I";"1,27294204821830e+01";"3,16622944166954e+01";"1. Despertados (Efeito Indutor)"
"3110905";"CAMPANHA";"MG";"Pequeno Porte I";"7,07730145267842e+01";"1,08344834704189e+02";"1. Despertados (Efeito Indutor)"
"3111002";"CAMPESTRE";"MG";"Pequeno Porte II";"9,98531245062712e+00";"5,41808630454062e+01";"1. Despertados (Efeito Indutor)"
"3111101";"CAMPINA VERDE";"MG";"Pequeno Porte I";"0,00000000000000e+00";"5,41664873980270e+01";"1. Despertados (Efeito Indutor)"
"3111200";"CAMPO BELO";"MG";"Médio Porte";"3,83238958878273e+01";"5,36678544249226e+01";"1. Despertados (Efeito Indutor)"
"3111309";"CAMPO DO MEIO";"MG";"Pequeno Porte I";"1,74683672265110e+01";"4,78720852116741e+01";"1. Despertados (Efeito Indutor)"
"3111507";"CAMPOS ALTOS";"MG";"Pequeno Porte I";"6,92759441223941e+01";"1,63432942777645e+02";"1. Despertados (Efeito Indutor)"
"3111606";"CAMPOS GERAIS";"MG";"Pequeno Porte II";"5,18214334661977e-01";"8,05552323353930e+01";"1. Despertados (Efeito Indutor)"
"3111903";"CANA VERDE";"MG";"Pequeno Porte I";"2,38828309970041e+01";"1,93711969682352e+02";"1. Despertados (Efeito Indutor)"
"3112000";"CANDEIAS";"MG";"Pequeno Porte I";"6,03954388927554e+01";"1,15938519207491e+02";"1. Despertados (Efeito Indutor)"
"3112109";"CAPARAO";"MG";"Pequeno Porte I";"2,30393114183443e+01";"2,50951109269026e+01";"2. Constantes (Sustentabilidade)"
"3112307";"CAPELINHA";"MG";"Pequeno Porte II";"3,11059530947045e+01";"1,34696193460884e+02";"1. Despertados (Efeito Indutor)"
"3112406";"CAPETINGA";"MG";"Pequeno Porte I";"7,44631881667495e+01";"1,82946330559303e+02";"1. Despertados (Efeito Indutor)"
"3112505";"CAPIM BRANCO";"MG";"Pequeno Porte I";"3,35562953509421e+01";"7,90915019429347e+01";"1. Despertados (Efeito Indutor)"
"3112604";"CAPINOPOLIS";"MG";"Pequeno Porte I";"9,93873670034240e+01";"1,36394221079032e+02";"1. Despertados (Efeito Indutor)"
"3112653";"CAPITAO ANDRADE";"MG";"Pequeno Porte I";"1,73974787010646e+00";"1,01569099236641e+02";"1. Despertados (Efeito Indutor)"
"3112703";"CAPITAO ENEAS";"MG";"Pequeno Porte I";"1,11728849164842e+01";"1,26313985445635e+02";"1. Despertados (Efeito Indutor)"
"3112802";"CAPITOLIO";"MG";"Pequeno Porte I";"1,00138049728051e+02";"8,82253954786789e+01";"2. Constantes (Sustentabilidade)"
"3112901";"CAPUTIRA";"MG";"Pequeno Porte I";"2,77042789461212e+01";"1,91389275137971e+02";"1. Despertados (Efeito Indutor)"
"3113008";"CARAI";"MG";"Pequeno Porte I";"1,77846915537084e+01";"7,32643852165214e+01";"1. Despertados (Efeito Indutor)"
"3113206";"CARANDAI";"MG";"Pequeno Porte II";"1,83242940289246e+01";"8,95680315610776e+01";"1. Despertados (Efeito Indutor)"
"3113305";"CARANGOLA";"MG";"Pequeno Porte II";"2,44427041316631e+01";"5,93703934171218e+01";"1. Despertados (Efeito Indutor)"
"3113404";"CARATINGA";"MG";"Médio Porte";"2,99311716551662e+01";"1,65051746399089e+01";"4. Efeito Substituição (Retração Local)"
"3113503";"CARBONITA";"MG";"Pequeno Porte I";"3,53780502174293e+01";"1,57105165094969e+02";"1. Despertados (Efeito Indutor)"
"3113602";"CAREACU";"MG";"Pequeno Porte I";"2,86936105136256e+01";"1,44023895383460e+02";"1. Despertados (Efeito Indutor)"
"3113701";"CARLOS CHAGAS";"MG";"Pequeno Porte I";"1,99625219296030e+01";"1,12233637422555e+02";"1. Despertados (Efeito Indutor)"
"3113909";"CARMO DA CACHOEIRA";"MG";"Pequeno Porte I";"4,43589571040052e+01";"1,61527138620863e+02";"1. Despertados (Efeito Indutor)"
"3114006";"CARMO DA MATA";"MG";"Pequeno Porte I";"6,54787485391737e+01";"1,36719339290328e+02";"1. Despertados (Efeito Indutor)"
"3114105";"CARMO DE MINAS";"MG";"Pequeno Porte I";"3,26214707602908e+01";"5,36651468811775e+01";"1. Despertados (Efeito Indutor)"
"3114204";"CARMO DO CAJURU";"MG";"Pequeno Porte II";"4,56566829011565e+01";"6,09125779258344e+01";"1. Despertados (Efeito Indutor)"
"3114303";"CARMO DO PARANAIBA";"MG";"Pequeno Porte II";"1,66821831943073e+01";"4,31311193821680e+01";"1. Despertados (Efeito Indutor)"
"3114402";"CARMO DO RIO CLARO";"MG";"Pequeno Porte II";"2,64856656710322e+01";"4,17398292035002e+01";"1. Despertados (Efeito Indutor)"
"3114501";"CARMOPOLIS DE MINAS";"MG";"Pequeno Porte I";"5,12169844554961e+01";"9,47798405578293e+01";"1. Despertados (Efeito Indutor)"
"3114550";"CARNEIRINHO";"MG";"Pequeno Porte I";"6,03862713707341e+01";"1,22569675656546e+02";"1. Despertados (Efeito Indutor)"
"3115102";"CASSIA";"MG";"Pequeno Porte I";"4,14227791680743e+01";"6,34794762036538e+01";"1. Despertados (Efeito Indutor)"
"3115201";"CONCEICAO DA BARRA DE MINAS";"MG";"Pequeno Porte I";"5,32751723774566e+01";"1,92808323418435e+02";"1. Despertados (Efeito Indutor)"
"3115300";"CATAGUASES";"MG";"Médio Porte";"1,24651345459251e+01";"3,35930582440368e+01";"1. Despertados (Efeito Indutor)"
"3115458";"CATUJI";"MG";"Pequeno Porte I";"2,88178177944037e+01";"9,77661455221056e+01";"1. Despertados (Efeito Indutor)"
"3115474";"CATUTI";"MG";"Pequeno Porte I";"9,20667369115565e+01";"1,26402449747640e+02";"1. Despertados (Efeito Indutor)"
"3115508";"CAXAMBU";"MG";"Pequeno Porte II";"4,50680109881070e+01";"1,07416861247005e+02";"1. Despertados (Efeito Indutor)"
"3115805";"CENTRALINA";"MG";"Pequeno Porte I";"8,82028634657105e+01";"7,09458013507658e+01";"2. Constantes (Sustentabilidade)"
"3115904";"CHACARA";"MG";"Pequeno Porte I";"1,38459156988664e+02";"1,87724442574106e+02";"1. Despertados (Efeito Indutor)"
"3116001";"CHALE";"MG";"Pequeno Porte I";"1,55710926925707e+01";"1,73970342613910e+02";"1. Despertados (Efeito Indutor)"
"3116100";"CHAPADA DO NORTE";"MG";"Pequeno Porte I";"2,39451741286577e+01";"1,90658619175681e+02";"1. Despertados (Efeito Indutor)"
"3116159";"CHAPADA GAUCHA";"MG";"Pequeno Porte I";"2,58916677006091e+01";"1,14647077793980e+02";"1. Despertados (Efeito Indutor)"
"3116209";"CHIADOR";"MG";"Pequeno Porte I";"1,56460745314995e+02";"9,74119688513558e+01";"4. Efeito Substituição (Retração Local)"
"3116407";"CLARAVAL";"MG";"Pequeno Porte I";"4,43434532096932e+01";"1,29005370362187e+02";"1. Despertados (Efeito Indutor)"
"3116506";"CLARO DOS POCOES";"MG";"Pequeno Porte I";"3,08870351244553e+01";"1,63607690775250e+02";"1. Despertados (Efeito Indutor)"
"3116605";"CLAUDIO";"MG";"Pequeno Porte II";"5,87218590505252e+01";"1,47193363785039e+02";"1. Despertados (Efeito Indutor)"
"3116704";"COIMBRA";"MG";"Pequeno Porte I";"3,42043474329047e+01";"1,97251940418828e+02";"1. Despertados (Efeito Indutor)"
"3116803";"COLUNA";"MG";"Pequeno Porte I";"2,15662486325180e+01";"7,91549136738792e+01";"1. Despertados (Efeito Indutor)"
"3116902";"COMENDADOR GOMES";"MG";"Pequeno Porte I";"0,00000000000000e+00";"0,00000000000000e+00";"3. Inertes (Dependência Exclusiva)"
"3117009";"COMERCINHO";"MG";"Pequeno Porte I";"8,64754616227794e+01";"1,70533496283569e+02";"1. Despertados (Efeito Indutor)"
"3117108";"CONCEICAO DA APARECIDA";"MG";"Pequeno Porte I";"2,71781116117784e+01";"1,13041797103687e+02";"1. Despertados (Efeito Indutor)"
"3117306";"CONCEICAO DAS ALAGOAS";"MG";"Pequeno Porte II";"4,43946233100586e+01";"9,99227683666593e+01";"1. Despertados (Efeito Indutor)"
"3117405";"CONCEICAO DE IPANEMA";"MG";"Pequeno Porte I";"4,32605974411100e+01";"5,90365893166444e+01";"1. Despertados (Efeito Indutor)"
"3117603";"CONCEICAO DO PARA";"MG";"Pequeno Porte I";"3,05914242835496e+01";"7,53899300979081e+01";"1. Despertados (Efeito Indutor)"
"3117702";"CONCEICAO DO RIO VERDE";"MG";"Pequeno Porte I";"8,31273197687900e+01";"1,79035346776211e+02";"1. Despertados (Efeito Indutor)"
"3117801";"CONCEICAO DOS OUROS";"MG";"Pequeno Porte I";"3,78309894549162e+01";"1,52188236904105e+02";"1. Despertados (Efeito Indutor)"
"3117836";"CONEGO MARINHO";"MG";"Pequeno Porte I";"4,24823563978709e-01";"1,69918978858643e+01";"1. Despertados (Efeito Indutor)"
"3117876";"CONFINS";"MG";"Pequeno Porte I";"7,99548443403440e+01";"1,19741255425798e+02";"1. Despertados (Efeito Indutor)"
"3117900";"CONGONHAL";"MG";"Pequeno Porte I";"3,37163294649062e+01";"1,12043877291868e+02";"1. Despertados (Efeito Indutor)"
"3118205";"CONQUISTA";"MG";"Pequeno Porte I";"6,76086772619472e+01";"1,41435170402748e+02";"1. Despertados (Efeito Indutor)"
"3118304";"CONSELHEIRO LAFAIETE";"MG";"Grande Porte";"1,71993726304830e+01";"3,26410743801710e+01";"1. Despertados (Efeito Indutor)"
"3118403";"CONSELHEIRO PENA";"MG";"Pequeno Porte II";"2,08065937900561e+01";"3,04761178506499e+01";"1. Despertados (Efeito Indutor)"
"3118601";"CONTAGEM";"MG";"Grande Porte";"1,15639786345667e+01";"3,27862889397195e+01";"1. Despertados (Efeito Indutor)"
"3118700";"COQUEIRAL";"MG";"Pequeno Porte I";"8,68175620826219e+01";"7,08413227201118e+01";"2. Constantes (Sustentabilidade)"
"3118809";"CORACAO DE JESUS";"MG";"Pequeno Porte II";"8,40382834020994e+00";"1,13693925396744e+02";"1. Despertados (Efeito Indutor)"
"3118908";"CORDISBURGO";"MG";"Pequeno Porte I";"1,20906630863979e+02";"1,81349169389535e+02";"1. Despertados (Efeito Indutor)"
"3119104";"CORINTO";"MG";"Pequeno Porte II";"7,65780635027398e+00";"3,34406706347981e+01";"1. Despertados (Efeito Indutor)"
"3119203";"COROACI";"MG";"Pequeno Porte I";"2,11544828123087e+01";"8,55208324145535e+01";"1. Despertados (Efeito Indutor)"
"3119302";"COROMANDEL";"MG";"Pequeno Porte II";"7,22090651982368e+01";"1,13497787435916e+01";"4. Efeito Substituição (Retração Local)"
"3119401";"CORONEL FABRICIANO";"MG";"Grande Porte";"0,00000000000000e+00";"2,21750698960096e+01";"1. Despertados (Efeito Indutor)"
"3119500";"CORONEL MURTA";"MG";"Pequeno Porte I";"3,24316138736420e+01";"4,34751525332943e+01";"2. Constantes (Sustentabilidade)"
"3119955";"CORREGO FUNDO";"MG";"Pequeno Porte I";"2,14837454983871e+01";"1,93555791007048e+02";"1. Despertados (Efeito Indutor)"
"3120003";"CORREGO NOVO";"MG";"Pequeno Porte I";"0,00000000000000e+00";"3,63754745866567e+01";"1. Despertados (Efeito Indutor)"
"3120151";"CRISOLITA";"MG";"Pequeno Porte I";"5,55403933787430e+01";"6,29389423271958e+00";"4. Efeito Substituição (Retração Local)"
"3120201";"CRISTAIS";"MG";"Pequeno Porte I";"7,79748605516340e+01";"1,66326478496733e+02";"1. Despertados (Efeito Indutor)"
"3120508";"CRISTINA";"MG";"Pequeno Porte I";"7,09203575410989e+01";"1,40661256661217e+02";"1. Despertados (Efeito Indutor)"
"3120706";"CRUZEIRO DA FORTALEZA";"MG";"Pequeno Porte I";"1,66273385769121e+01";"1,19293238663533e+02";"1. Despertados (Efeito Indutor)"
"3120805";"CRUZILIA";"MG";"Pequeno Porte I";"2,52013353898197e+01";"1,18114244800741e+02";"1. Despertados (Efeito Indutor)"
"3120870";"CURRAL DE DENTRO";"MG";"Pequeno Porte I";"3,50527273416170e+00";"1,98888320740501e+02";"1. Despertados (Efeito Indutor)"
"3120904";"CURVELO";"MG";"Médio Porte";"2,71284971081888e+01";"3,05121571105433e+01";"2. Constantes (Sustentabilidade)"
"3121100";"DELFIM MOREIRA";"MG";"Pequeno Porte I";"0,00000000000000e+00";"2,93154486518173e+01";"1. Despertados (Efeito Indutor)"
"3121209";"DELFINOPOLIS";"MG";"Pequeno Porte I";"0,00000000000000e+00";"4,48991659716430e+01";"1. Despertados (Efeito Indutor)"
"3121258";"DELTA";"MG";"Pequeno Porte I";"7,86479797734869e+01";"1,43431739861872e+02";"1. Despertados (Efeito Indutor)"
"3121308";"DESCOBERTO";"MG";"Pequeno Porte I";"3,12422388132008e+01";"1,83026028519433e+02";"1. Despertados (Efeito Indutor)"
"3121605";"DIAMANTINA";"MG";"Pequeno Porte II";"1,45762774906967e+02";"1,77667496681163e+02";"2. Constantes (Sustentabilidade)"
"3121803";"DIONISIO";"MG";"Pequeno Porte I";"3,85745568010325e+01";"1,98204990211123e+02";"1. Despertados (Efeito Indutor)"
"3121902";"DIVINESIA";"MG";"Pequeno Porte I";"9,89253831284357e+00";"5,93813629035885e+01";"1. Despertados (Efeito Indutor)"
"3122009";"DIVINO";"MG";"Pequeno Porte II";"6,59978289561305e+00";"5,24256347888096e+01";"1. Despertados (Efeito Indutor)"
"3122108";"DIVINO DAS LARANJEIRAS";"MG";"Pequeno Porte I";"2,35785108279924e+01";"2,35270658149028e+01";"2. Constantes (Sustentabilidade)"
"3122306";"DIVINOPOLIS";"MG";"Grande Porte";"4,31339370791874e+01";"3,77587109797533e+01";"2. Constantes (Sustentabilidade)"
"3122454";"DIVISOPOLIS";"MG";"Pequeno Porte I";"2,72209640226120e+01";"1,09625182541188e+02";"1. Despertados (Efeito Indutor)"
"3122470";"DOM BOSCO";"MG";"Pequeno Porte I";"1,62891550825989e+01";"1,03338543653601e+02";"1. Despertados (Efeito Indutor)"
"3122504";"DOM CAVATI";"MG";"Pequeno Porte I";"1,39531888257295e+01";"3,60148467624688e+01";"1. Despertados (Efeito Indutor)"
"3122603";"DOM JOAQUIM";"MG";"Pequeno Porte I";"5,68324505675237e+01";"1,40830139779403e+02";"1. Despertados (Efeito Indutor)"
"3122702";"DOM SILVERIO";"MG";"Pequeno Porte I";"9,09563535947015e+01";"1,15339164504785e+02";"1. Despertados (Efeito Indutor)"
"3123007";"DORES DE CAMPOS";"MG";"Pequeno Porte I";"2,87319413110408e+01";"5,62478227061999e+01";"1. Despertados (Efeito Indutor)"
"3123205";"DORES DO INDAIA";"MG";"Pequeno Porte I";"1,05632634365414e+02";"1,03747544513637e+02";"2. Constantes (Sustentabilidade)"
"3123304";"DORES DO TURVO";"MG";"Pequeno Porte I";"0,00000000000000e+00";"7,71250383033584e+01";"1. Despertados (Efeito Indutor)"
"3123502";"DOURADOQUARA";"MG";"Pequeno Porte I";"6,88410524965585e+01";"5,71122586066845e+01";"2. Constantes (Sustentabilidade)"
"3123528";"DURANDE";"MG";"Pequeno Porte I";"2,99807250001463e-01";"7,55747888299630e+01";"1. Despertados (Efeito Indutor)"
"3123601";"ELOI MENDES";"MG";"Pequeno Porte II";"1,54094991493119e+01";"3,92497690429196e+01";"1. Despertados (Efeito Indutor)"
"3123700";"ENGENHEIRO CALDAS";"MG";"Pequeno Porte I";"1,99883470343967e+01";"2,19765207043965e+01";"2. Constantes (Sustentabilidade)"
"3123858";"ENTRE FOLHAS";"MG";"Pequeno Porte I";"3,35839792369678e+01";"6,65894427918567e+01";"1. Despertados (Efeito Indutor)"
"3123908";"ENTRE RIOS DE MINAS";"MG";"Pequeno Porte I";"5,91780965012412e+01";"1,12357193494543e+02";"1. Despertados (Efeito Indutor)"
"3124005";"ERVALIA";"MG";"Pequeno Porte II";"1,94563993407347e+01";"6,22779419508178e+01";"1. Despertados (Efeito Indutor)"
"3124104";"ESMERALDAS";"MG";"Médio Porte";"1,21871821245753e+01";"3,00857413321518e+01";"1. Despertados (Efeito Indutor)"
"3124203";"ESPERA FELIZ";"MG";"Pequeno Porte II";"2,58996056425734e+01";"3,24748085978155e+01";"2. Constantes (Sustentabilidade)"
"3124302";"ESPINOSA";"MG";"Pequeno Porte II";"1,66496777213862e+01";"3,29686399648902e+01";"1. Despertados (Efeito Indutor)"
"3124401";"ESPIRITO SANTO DO DOURADO";"MG";"Pequeno Porte I";"8,33651905947087e+01";"9,99695178896141e+01";"2. Constantes (Sustentabilidade)"
"3124500";"ESTIVA";"MG";"Pequeno Porte I";"9,31262367273455e+01";"1,40612608834894e+01";"4. Efeito Substituição (Retração Local)"
"3124609";"ESTRELA DALVA";"MG";"Pequeno Porte I";"9,01492024224143e+01";"1,45103009219521e+02";"1. Despertados (Efeito Indutor)"
"3124906";"EUGENOPOLIS";"MG";"Pequeno Porte I";"1,74731601273139e+01";"6,17195053232086e+01";"1. Despertados (Efeito Indutor)"
"3125309";"FARIA LEMOS";"MG";"Pequeno Porte I";"1,47369176418478e+00";"4,68965535366915e+01";"1. Despertados (Efeito Indutor)"
"3125606";"FELISBURGO";"MG";"Pequeno Porte I";"4,42000879892760e+01";"1,10139227084652e+02";"1. Despertados (Efeito Indutor)"
"3125705";"FELIXLANDIA";"MG";"Pequeno Porte I";"2,39147889534169e+01";"5,74845290811927e+01";"1. Despertados (Efeito Indutor)"
"3125903";"FERROS";"MG";"Pequeno Porte I";"2,90852808854499e+01";"1,65918002700028e+02";"1. Despertados (Efeito Indutor)"
"3125952";"FERVEDOURO";"MG";"Pequeno Porte I";"1,24762760126452e+01";"7,79962017615010e+01";"1. Despertados (Efeito Indutor)"
"3126000";"FLORESTAL";"MG";"Pequeno Porte I";"1,66281467932641e+01";"1,16913850306620e+00";"4. Efeito Substituição (Retração Local)"
"3126109";"FORMIGA";"MG";"Médio Porte";"2,83377815291117e+01";"4,31616893222228e+01";"1. Despertados (Efeito Indutor)"
"3126208";"FORMOSO";"MG";"Pequeno Porte I";"3,23893583907570e+01";"1,17825013689593e+02";"1. Despertados (Efeito Indutor)"
"3126307";"FORTALEZA DE MINAS";"MG";"Pequeno Porte I";"2,71649391667152e+01";"4,10159141484512e+01";"1. Despertados (Efeito Indutor)"
"3126505";"FRANCISCO BADARO";"MG";"Pequeno Porte I";"2,00678322361865e+01";"1,31125923223023e+02";"1. Despertados (Efeito Indutor)"
"3126703";"FRANCISCO SA";"MG";"Pequeno Porte II";"2,30479048349565e+01";"1,47962549693355e+02";"1. Despertados (Efeito Indutor)"
"3126752";"FRANCISCOPOLIS";"MG";"Pequeno Porte I";"0,00000000000000e+00";"1,85565688977399e+02";"1. Despertados (Efeito Indutor)"
"3126901";"FREI INOCENCIO";"MG";"Pequeno Porte I";"1,82094856748974e+01";"1,25283867094185e+02";"1. Despertados (Efeito Indutor)"
"3127008";"FRONTEIRA";"MG";"Pequeno Porte I";"9,77934274365461e-01";"0,00000000000000e+00";"2. Constantes (Sustentabilidade)"
"3127107";"FRUTAL";"MG";"Médio Porte";"8,96838864676841e+01";"8,55368587610604e+01";"2. Constantes (Sustentabilidade)"
"3127305";"GALILEIA";"MG";"Pequeno Porte I";"2,25329272643808e+01";"5,44822520928532e+01";"1. Despertados (Efeito Indutor)"
"3127339";"GAMELEIRAS";"MG";"Pequeno Porte I";"1,57217861239547e+01";"5,68057197628957e+01";"1. Despertados (Efeito Indutor)"
"3127388";"GOIANA";"MG";"Pequeno Porte I";"5,44689933700986e+01";"1,24784188570602e+02";"1. Despertados (Efeito Indutor)"
"3127503";"GONZAGA";"MG";"Pequeno Porte I";"1,11251377239052e+02";"1,94138727892868e+02";"1. Despertados (Efeito Indutor)"
"3127701";"GOVERNADOR VALADARES";"MG";"Grande Porte";"2,29348514509540e+01";"4,15985121989094e+01";"1. Despertados (Efeito Indutor)"
"3128006";"GUANHAES";"MG";"Pequeno Porte II";"3,71760866647987e+01";"1,62354952584887e+02";"1. Despertados (Efeito Indutor)"
"3128105";"GUAPE";"MG";"Pequeno Porte I";"9,28848914763945e+00";"7,82253851112169e+01";"1. Despertados (Efeito Indutor)"
"3128204";"GUARACIABA";"MG";"Pequeno Porte I";"2,40123099402279e+01";"2,86377713841182e+01";"2. Constantes (Sustentabilidade)"
"3128303";"GUARANESIA";"MG";"Pequeno Porte I";"5,69523564967530e+01";"9,46134390248234e+01";"1. Despertados (Efeito Indutor)"
"3128402";"GUARANI";"MG";"Pequeno Porte I";"8,48391776455857e+01";"9,04990263740625e+01";"2. Constantes (Sustentabilidade)"
"3128709";"GUAXUPE";"MG";"Médio Porte";"8,37185440217922e+01";"1,48372339524996e+02";"1. Despertados (Efeito Indutor)"
"3128808";"GUIDOVAL";"MG";"Pequeno Porte I";"0,00000000000000e+00";"1,87789388567271e+02";"1. Despertados (Efeito Indutor)"
"3128907";"GUIMARANIA";"MG";"Pequeno Porte I";"2,16931259595717e+01";"1,36045438708885e+02";"1. Despertados (Efeito Indutor)"
"3129004";"GUIRICEMA";"MG";"Pequeno Porte I";"3,44339662645479e+01";"1,57395360384550e+02";"1. Despertados (Efeito Indutor)"
"3129103";"GURINHATA";"MG";"Pequeno Porte I";"7,82602842204018e+00";"5,46988135593220e+01";"1. Despertados (Efeito Indutor)"
"3129202";"HELIODORA";"MG";"Pequeno Porte I";"3,52387582056444e+01";"1,30282155789380e+02";"1. Despertados (Efeito Indutor)"
"3129301";"IAPU";"MG";"Pequeno Porte I";"1,33131953975951e+01";"8,80585643920522e+01";"1. Despertados (Efeito Indutor)"
"3129509";"IBIA";"MG";"Pequeno Porte II";"3,94375217033723e+01";"1,78337880286250e+02";"1. Despertados (Efeito Indutor)"
"3129657";"IBIRACATU";"MG";"Pequeno Porte I";"3,16305304389026e+01";"1,21663176184048e+02";"1. Despertados (Efeito Indutor)"
"3129806";"IBIRITE";"MG";"Grande Porte";"1,23361781935305e+01";"2,52157906372102e+01";"1. Despertados (Efeito Indutor)"
"3129905";"IBITIURA DE MINAS";"MG";"Pequeno Porte I";"1,76074552584875e+01";"1,41268075326570e+00";"4. Efeito Substituição (Retração Local)"
"3130101";"IGARAPE";"MG";"Pequeno Porte II";"1,03506563276195e+01";"8,33709786492251e+01";"1. Despertados (Efeito Indutor)"
"3130200";"IGARATINGA";"MG";"Pequeno Porte I";"2,23649390391286e+01";"6,51102783622301e+01";"1. Despertados (Efeito Indutor)"
"3130309";"IGUATAMA";"MG";"Pequeno Porte I";"5,11612172663446e+01";"1,38512489062397e+02";"1. Despertados (Efeito Indutor)"
"3130507";"ILICINEA";"MG";"Pequeno Porte I";"5,16100821745549e+01";"1,03106514463687e+02";"1. Despertados (Efeito Indutor)"
"3130556";"IMBE DE MINAS";"MG";"Pequeno Porte I";"2,04438475101442e+01";"1,00255038534513e+01";"4. Efeito Substituição (Retração Local)"
"3130606";"INCONFIDENTES";"MG";"Pequeno Porte I";"5,39420032416456e+01";"1,46371369359967e+02";"1. Despertados (Efeito Indutor)"
"3130903";"INHAPIM";"MG";"Pequeno Porte II";"2,12022317677872e+01";"1,23737670913920e+02";"1. Despertados (Efeito Indutor)"
"3131000";"INHAUMA";"MG";"Pequeno Porte I";"1,53819596757270e+02";"1,19743941752349e+02";"2. Constantes (Sustentabilidade)"
"3131109";"INIMUTABA";"MG";"Pequeno Porte I";"5,36047537814627e+01";"1,95828638684391e+02";"1. Despertados (Efeito Indutor)"
"3131158";"IPABA";"MG";"Pequeno Porte I";"1,44228832652271e+01";"1,02416338947730e+02";"1. Despertados (Efeito Indutor)"
"3131208";"IPANEMA";"MG";"Pequeno Porte I";"4,26232830793102e+01";"4,26215713273926e+01";"2. Constantes (Sustentabilidade)"
"3131307";"IPATINGA";"MG";"Grande Porte";"1,10318223409064e+01";"1,00993230965097e+01";"2. Constantes (Sustentabilidade)"
"3131505";"IPUIUNA";"MG";"Pequeno Porte I";"2,31089985229209e+01";"9,89537196864673e+01";"1. Despertados (Efeito Indutor)"
"3131604";"IRAI DE MINAS";"MG";"Pequeno Porte I";"0,00000000000000e+00";"2,47171303046812e+01";"1. Despertados (Efeito Indutor)"
"3131703";"ITABIRA";"MG";"Grande Porte";"4,79293408465859e+01";"1,35999531705686e+02";"1. Despertados (Efeito Indutor)"
"3132107";"ITACARAMBI";"MG";"Pequeno Porte I";"3,69054823780716e+01";"6,82751961935935e+01";"1. Despertados (Efeito Indutor)"
"3132305";"ITAIPE";"MG";"Pequeno Porte I";"2,80039874444707e+01";"3,77644537087428e+01";"2. Constantes (Sustentabilidade)"
"3132404";"ITAJUBA";"MG";"Médio Porte";"2,44708690640100e+01";"5,79139730513993e+01";"1. Despertados (Efeito Indutor)"
"3132503";"ITAMARANDIBA";"MG";"Pequeno Porte II";"2,70332171842625e+01";"1,25042435304594e+02";"1. Despertados (Efeito Indutor)"
"3132701";"ITAMBACURI";"MG";"Pequeno Porte II";"5,14161017536035e+00";"4,51678215022077e+01";"1. Despertados (Efeito Indutor)"
"3133006";"ITAMONTE";"MG";"Pequeno Porte I";"2,60774844990124e+01";"3,70614575136915e+01";"1. Despertados (Efeito Indutor)"
"3133105";"ITANHANDU";"MG";"Pequeno Porte I";"3,70172802326030e+01";"9,85800009616897e+01";"1. Despertados (Efeito Indutor)"
"3133204";"ITANHOMI";"MG";"Pequeno Porte I";"1,84683772639545e+01";"1,28934621704537e+02";"1. Despertados (Efeito Indutor)"
"3133303";"ITAOBIM";"MG";"Pequeno Porte I";"9,09979921116853e+00";"9,28384318166159e+01";"1. Despertados (Efeito Indutor)"
"3133402";"ITAPAGIPE";"MG";"Pequeno Porte I";"8,27243883933655e-01";"3,47406775018261e+01";"1. Despertados (Efeito Indutor)"
"3133501";"ITAPECERICA";"MG";"Pequeno Porte II";"5,73182313387763e+01";"1,34002980082032e+02";"1. Despertados (Efeito Indutor)"
"3133600";"ITAPEVA";"MG";"Pequeno Porte I";"2,41859108620287e+01";"1,53983471598817e+02";"1. Despertados (Efeito Indutor)"
"3133758";"ITAU DE MINAS";"MG";"Pequeno Porte I";"1,60946076239986e+01";"1,14897721166885e+02";"1. Despertados (Efeito Indutor)"
"3133808";"ITAUNA";"MG";"Médio Porte";"2,86278103876099e+01";"6,02470205248430e+01";"1. Despertados (Efeito Indutor)"
"3133907";"ITAVERAVA";"MG";"Pequeno Porte I";"4,21416123134576e+01";"1,73609252597496e+02";"1. Despertados (Efeito Indutor)"
"3134103";"ITUETA";"MG";"Pequeno Porte I";"3,59851752134884e+01";"8,22753939407574e+01";"1. Despertados (Efeito Indutor)"
"3134202";"ITUIUTABA";"MG";"Grande Porte";"4,50977222570455e+01";"3,94979767108100e+01";"2. Constantes (Sustentabilidade)"
"3134400";"ITURAMA";"MG";"Pequeno Porte II";"6,56563334423524e+01";"7,06870287389326e+01";"2. Constantes (Sustentabilidade)"
"3134608";"JABOTICATUBAS";"MG";"Pequeno Porte II";"2,19521453321754e+01";"1,26859491120462e+02";"1. Despertados (Efeito Indutor)"
"3134707";"JACINTO";"MG";"Pequeno Porte I";"3,45334622965384e+01";"7,76323667804302e+01";"1. Despertados (Efeito Indutor)"
"3134806";"JACUI";"MG";"Pequeno Porte I";"2,02799913093576e+01";"1,13709081447484e+02";"1. Despertados (Efeito Indutor)"
"3134905";"JACUTINGA";"MG";"Pequeno Porte II";"3,67518858988006e+01";"1,01837019932673e+02";"1. Despertados (Efeito Indutor)"
"3135050";"JAIBA";"MG";"Pequeno Porte II";"1,85582404927049e+01";"1,07050961553742e+02";"1. Despertados (Efeito Indutor)"
"3135076";"JAMPRUCA";"MG";"Pequeno Porte I";"9,57002920149429e+01";"1,10069088240615e+02";"2. Constantes (Sustentabilidade)"
"3135100";"JANAUBA";"MG";"Médio Porte";"2,62362793882857e+01";"6,00270090426029e+01";"1. Despertados (Efeito Indutor)"
"3135209";"JANUARIA";"MG";"Médio Porte";"1,36632381585347e+01";"4,89118818184825e+01";"1. Despertados (Efeito Indutor)"
"3135308";"JAPARAIBA";"MG";"Pequeno Porte I";"9,96523190593392e+01";"1,15505339140072e+02";"2. Constantes (Sustentabilidade)"
"3135357";"JAPONVAR";"MG";"Pequeno Porte I";"2,68080817675253e+01";"1,92507469215522e+02";"1. Despertados (Efeito Indutor)"
"3135456";"JENIPAPO DE MINAS";"MG";"Pequeno Porte I";"5,63676117573553e+01";"1,56097088966105e+02";"1. Despertados (Efeito Indutor)"
"3135506";"JEQUERI";"MG";"Pequeno Porte I";"3,47445631454626e+01";"6,05291656694670e+01";"1. Despertados (Efeito Indutor)"
"3135803";"JEQUITINHONHA";"MG";"Pequeno Porte II";"5,86457369472311e+01";"1,32580875028399e+02";"1. Despertados (Efeito Indutor)"
"3135902";"JESUANIA";"MG";"Pequeno Porte I";"2,80965249690898e+01";"1,20723341709279e+02";"1. Despertados (Efeito Indutor)"
"3136009";"JOAIMA";"MG";"Pequeno Porte I";"2,28644300317449e+01";"5,90698497188418e+01";"1. Despertados (Efeito Indutor)"
"3136108";"JOANESIA";"MG";"Pequeno Porte I";"0,00000000000000e+00";"1,89878268525424e+02";"1. Despertados (Efeito Indutor)"
"3136207";"JOAO MONLEVADE";"MG";"Médio Porte";"1,58131145678586e+01";"5,78833216165276e+01";"1. Despertados (Efeito Indutor)"
"3136306";"JOAO PINHEIRO";"MG";"Pequeno Porte II";"3,18730846534967e+01";"8,82184875743321e+01";"1. Despertados (Efeito Indutor)"
"3136504";"JORDANIA";"MG";"Pequeno Porte I";"3,27978986633309e+01";"1,20047631144757e+02";"1. Despertados (Efeito Indutor)"
"3136553";"JOSE RAYDAN";"MG";"Pequeno Porte I";"5,58849054649382e+01";"1,81380310332879e+02";"1. Despertados (Efeito Indutor)"
"3136652";"JUATUBA";"MG";"Pequeno Porte II";"2,52308959814311e+01";"2,03869158665588e-01";"4. Efeito Substituição (Retração Local)"
"3136702";"JUIZ DE FORA";"MG";"Grande Porte";"3,26293680894066e+01";"4,06733466258054e+01";"2. Constantes (Sustentabilidade)"
"3136801";"JURAMENTO";"MG";"Pequeno Porte I";"3,52674656975824e+01";"1,69371089538171e+02";"1. Despertados (Efeito Indutor)"
"3136900";"JURUAIA";"MG";"Pequeno Porte I";"2,15973036133995e+01";"8,34965325854792e+01";"1. Despertados (Efeito Indutor)"
"3136959";"JUVENILIA";"MG";"Pequeno Porte I";"3,05765051269085e+01";"1,18853897046122e+02";"1. Despertados (Efeito Indutor)"
"3137007";"LADAINHA";"MG";"Pequeno Porte I";"1,07320457411099e+01";"1,37076303412843e+01";"2. Constantes (Sustentabilidade)"
"3137106";"LAGAMAR";"MG";"Pequeno Porte I";"2,65926028494978e+01";"6,00538140927586e+01";"1. Despertados (Efeito Indutor)"
"3137205";"LAGOA DA PRATA";"MG";"Médio Porte";"0,00000000000000e+00";"4,24413578236242e+01";"1. Despertados (Efeito Indutor)"
"3137304";"LAGOA DOS PATOS";"MG";"Pequeno Porte I";"3,12159502336142e+01";"6,57832596484321e+01";"1. Despertados (Efeito Indutor)"
"3137403";"LAGOA DOURADA";"MG";"Pequeno Porte I";"1,10034414376259e+02";"1,54256048583501e+02";"1. Despertados (Efeito Indutor)"
"3137502";"LAGOA FORMOSA";"MG";"Pequeno Porte I";"2,57581910984368e+01";"1,30386932912511e+02";"1. Despertados (Efeito Indutor)"
"3137536";"LAGOA GRANDE";"MG";"Pequeno Porte I";"3,47151597403163e+01";"1,42028214544699e+02";"1. Despertados (Efeito Indutor)"
"3137601";"LAGOA SANTA";"MG";"Médio Porte";"2,50556831418370e+01";"8,27313564250099e+01";"1. Despertados (Efeito Indutor)"
"3137700";"LAJINHA";"MG";"Pequeno Porte II";"5,11415746042192e+01";"9,85372483824726e+01";"1. Despertados (Efeito Indutor)"
"3137809";"LAMBARI";"MG";"Pequeno Porte II";"1,18971897874258e+01";"3,12842620970666e+01";"1. Despertados (Efeito Indutor)"
"3138005";"LARANJAL";"MG";"Pequeno Porte I";"3,57114602553814e+01";"6,48464941334163e+01";"1. Despertados (Efeito Indutor)"
"3138203";"LAVRAS";"MG";"Grande Porte";"1,41336912961875e+01";"1,92594503559071e+01";"2. Constantes (Sustentabilidade)"
"3138401";"LEOPOLDINA";"MG";"Médio Porte";"3,96513993185217e+01";"8,14123481661674e+01";"1. Despertados (Efeito Indutor)"
"3138500";"LIBERDADE";"MG";"Pequeno Porte I";"1,99696071102064e+01";"8,60492733424943e+01";"1. Despertados (Efeito Indutor)"
"3138609";"LIMA DUARTE";"MG";"Pequeno Porte I";"2,83941838924514e+01";"1,87455640242385e+02";"1. Despertados (Efeito Indutor)"
"3138625";"LIMEIRA DO OESTE";"MG";"Pequeno Porte I";"1,03774715698888e+02";"1,70537365393182e+02";"1. Despertados (Efeito Indutor)"
"3138658";"LONTRA";"MG";"Pequeno Porte I";"3,87967802970974e+01";"1,31268525441368e+02";"1. Despertados (Efeito Indutor)"
"3138674";"LUISBURGO";"MG";"Pequeno Porte I";"6,43748084717779e+00";"2,88295392041750e+01";"1. Despertados (Efeito Indutor)"
"3138708";"LUMINARIAS";"MG";"Pequeno Porte I";"5,15051588703546e+01";"1,84628945320959e+02";"1. Despertados (Efeito Indutor)"
"3138807";"LUZ";"MG";"Pequeno Porte I";"8,31320281886101e+01";"1,76244939207939e+02";"1. Despertados (Efeito Indutor)"
"3138906";"MACHACALIS";"MG";"Pequeno Porte I";"4,65935519912121e+01";"7,68057454584803e+01";"1. Despertados (Efeito Indutor)"
"3139003";"MACHADO";"MG";"Pequeno Porte II";"2,84642395018619e+01";"7,62045072486073e+01";"1. Despertados (Efeito Indutor)"
"3139201";"MALACACHETA";"MG";"Pequeno Porte I";"0,00000000000000e+00";"1,47739629642181e+02";"1. Despertados (Efeito Indutor)"
"3139250";"MAMONAS";"MG";"Pequeno Porte I";"7,00155125164537e-01";"1,55117642163108e+02";"1. Despertados (Efeito Indutor)"
"3139300";"MANGA";"MG";"Pequeno Porte I";"1,45864311086600e+01";"1,13920937389110e+02";"1. Despertados (Efeito Indutor)"
"3139409";"MANHUACU";"MG";"Médio Porte";"1,23534384529002e+01";"5,17154408231162e+01";"1. Despertados (Efeito Indutor)"
"3139508";"MANHUMIRIM";"MG";"Pequeno Porte II";"9,15513883711653e+00";"2,55073180432032e+01";"1. Despertados (Efeito Indutor)"
"3139607";"MANTENA";"MG";"Pequeno Porte II";"1,66848675191125e+01";"3,84381508439812e+01";"1. Despertados (Efeito Indutor)"
"3139706";"MARAVILHAS";"MG";"Pequeno Porte I";"3,14246679586517e+01";"1,46646603889503e+02";"1. Despertados (Efeito Indutor)"
"3139805";"MAR DE ESPANHA";"MG";"Pequeno Porte I";"3,11588240396288e+01";"4,99008438482275e+01";"1. Despertados (Efeito Indutor)"
"3139904";"MARIA DA FE";"MG";"Pequeno Porte I";"5,08672559159289e+01";"6,34833461409261e+01";"2. Constantes (Sustentabilidade)"
"3140100";"MARILAC";"MG";"Pequeno Porte I";"3,10892123875132e+01";"4,33722348913832e+01";"1. Despertados (Efeito Indutor)"
"3140159";"MARIO CAMPOS";"MG";"Pequeno Porte I";"3,36687393093876e+01";"4,07524237028767e+01";"2. Constantes (Sustentabilidade)"
"3140308";"MARLIERIA";"MG";"Pequeno Porte I";"5,58318356165737e+01";"1,40755787964290e+02";"1. Despertados (Efeito Indutor)"
"3140506";"MARTINHO CAMPOS";"MG";"Pequeno Porte I";"5,65603758962960e+01";"1,33398659940257e+02";"1. Despertados (Efeito Indutor)"
"3140530";"MARTINS SOARES";"MG";"Pequeno Porte I";"2,55016258225346e+01";"1,43530403620700e+02";"1. Despertados (Efeito Indutor)"
"3140555";"MATA VERDE";"MG";"Pequeno Porte I";"1,42420512098712e+01";"1,07701421546898e+02";"1. Despertados (Efeito Indutor)"
"3140704";"MATEUS LEME";"MG";"Pequeno Porte II";"2,27718519081046e+01";"1,58426442403693e+02";"1. Despertados (Efeito Indutor)"
"3140803";"MATIAS BARBOSA";"MG";"Pequeno Porte I";"8,74584173311591e+01";"4,99978346086296e+01";"4. Efeito Substituição (Retração Local)"
"3140902";"MATIPO";"MG";"Pequeno Porte I";"1,72957921297290e+01";"1,40005391538586e+01";"2. Constantes (Sustentabilidade)"
"3141009";"MATO VERDE";"MG";"Pequeno Porte I";"4,77828389017063e+01";"1,06160885858660e+02";"1. Despertados (Efeito Indutor)"
"3141108";"MATOZINHOS";"MG";"Pequeno Porte II";"5,84541752539839e+01";"3,71118827302885e+01";"4. Efeito Substituição (Retração Local)"
"3141405";"MEDINA";"MG";"Pequeno Porte II";"1,24176724902103e+01";"6,53493218270918e+01";"1. Despertados (Efeito Indutor)"
"3141504";"MENDES PIMENTEL";"MG";"Pequeno Porte I";"3,29555252731309e+01";"1,26826904785946e+02";"1. Despertados (Efeito Indutor)"
"3141801";"MINAS NOVAS";"MG";"Pequeno Porte II";"5,55621716633180e-01";"3,80219449998379e+01";"1. Despertados (Efeito Indutor)"
"3142007";"MIRABELA";"MG";"Pequeno Porte I";"1,74330129762635e+01";"1,23361649635563e+02";"1. Despertados (Efeito Indutor)"
"3142106";"MIRADOURO";"MG";"Pequeno Porte I";"1,75849392265225e+01";"3,18644025694211e+01";"1. Despertados (Efeito Indutor)"
"3142205";"MIRAI";"MG";"Pequeno Porte I";"1,28816670306054e+01";"1,88685509577379e+02";"1. Despertados (Efeito Indutor)"
"3142403";"MOEMA";"MG";"Pequeno Porte I";"2,45587959056671e+01";"1,91397213165279e+02";"1. Despertados (Efeito Indutor)"
"3142700";"MONTALVANIA";"MG";"Pequeno Porte I";"7,81798951471915e+00";"1,06017169037865e+02";"1. Despertados (Efeito Indutor)"
"3142809";"MONTE ALEGRE DE MINAS";"MG";"Pequeno Porte II";"4,82806265903218e+01";"7,85644074946647e+01";"1. Despertados (Efeito Indutor)"
"3142908";"MONTE AZUL";"MG";"Pequeno Porte II";"2,67327803456012e+01";"4,27720781741662e+01";"1. Despertados (Efeito Indutor)"
"3143005";"MONTE BELO";"MG";"Pequeno Porte I";"4,18780792904433e+01";"5,52173861905938e+01";"2. Constantes (Sustentabilidade)"
"3143104";"MONTE CARMELO";"MG";"Pequeno Porte II";"2,46562704901889e+01";"9,84659997707606e+01";"1. Despertados (Efeito Indutor)"
"3143153";"MONTE FORMOSO";"MG";"Pequeno Porte I";"1,68693994995305e+01";"1,15014980573089e+02";"1. Despertados (Efeito Indutor)"
"3143203";"MONTE SANTO DE MINAS";"MG";"Pequeno Porte II";"6,18176498742579e+01";"8,75597413241094e+01";"1. Despertados (Efeito Indutor)"
"3143302";"MONTES CLAROS";"MG";"Grande Porte";"1,42221969908444e+01";"1,23854446161209e+01";"2. Constantes (Sustentabilidade)"
"3143401";"MONTE SIAO";"MG";"Pequeno Porte II";"3,23573687456871e+01";"7,61525840180714e+01";"1. Despertados (Efeito Indutor)"
"3143500";"MORADA NOVA DE MINAS";"MG";"Pequeno Porte I";"1,91036700460675e+01";"1,80842985754868e+01";"2. Constantes (Sustentabilidade)"
"3143708";"MORRO DO PILAR";"MG";"Pequeno Porte I";"5,01297470487055e+01";"1,37471936886687e+02";"1. Despertados (Efeito Indutor)"
"3143807";"MUNHOZ";"MG";"Pequeno Porte I";"1,49186105049605e+01";"1,34277494124213e+02";"1. Despertados (Efeito Indutor)"
"3143906";"MURIAE";"MG";"Grande Porte";"6,44852860944352e+01";"8,76396132237684e+01";"1. Despertados (Efeito Indutor)"
"3144003";"MUTUM";"MG";"Pequeno Porte II";"4,55618907241562e+00";"7,84199614596197e+01";"1. Despertados (Efeito Indutor)"
"3144102";"MUZAMBINHO";"MG";"Pequeno Porte II";"7,42624939667863e+01";"9,29298816168487e+01";"2. Constantes (Sustentabilidade)"
"3144300";"NANUQUE";"MG";"Pequeno Porte II";"8,18936376642216e+00";"6,46677673757572e+01";"1. Despertados (Efeito Indutor)"
"3144359";"NAQUE";"MG";"Pequeno Porte I";"2,27923406342394e+01";"1,88664715337842e+01";"2. Constantes (Sustentabilidade)"
"3144607";"NEPOMUCENO";"MG";"Pequeno Porte II";"8,09879082820517e+01";"1,13986007796273e+02";"1. Despertados (Efeito Indutor)"
"3144656";"NINHEIRA";"MG";"Pequeno Porte I";"1,05348884924202e+01";"4,97937366529158e+01";"1. Despertados (Efeito Indutor)"
"3144706";"NOVA ERA";"MG";"Pequeno Porte I";"8,08596442591590e+01";"1,58114926204289e+02";"1. Despertados (Efeito Indutor)"
"3145000";"NOVA PONTE";"MG";"Pequeno Porte I";"1,40707600105362e+02";"1,80126882121591e+02";"1. Despertados (Efeito Indutor)"
"3145059";"NOVA PORTEIRINHA";"MG";"Pequeno Porte I";"1,15952929769492e+01";"3,77313551518043e+01";"1. Despertados (Efeito Indutor)"
"3145109";"NOVA RESENDE";"MG";"Pequeno Porte I";"1,78832047182431e+01";"4,43288877511021e+01";"1. Despertados (Efeito Indutor)"
"3145208";"NOVA SERRANA";"MG";"Grande Porte";"1,27948143637500e+01";"3,11036486682125e+01";"1. Despertados (Efeito Indutor)"
"3145307";"NOVO CRUZEIRO";"MG";"Pequeno Porte II";"1,87755664951713e+01";"5,28319806959812e+01";"1. Despertados (Efeito Indutor)"
"3145356";"NOVO ORIENTE DE MINAS";"MG";"Pequeno Porte I";"3,37808295718386e+01";"1,44318762248354e+02";"1. Despertados (Efeito Indutor)"
"3145604";"OLIVEIRA";"MG";"Pequeno Porte II";"0,00000000000000e+00";"6,37841333859712e+01";"1. Despertados (Efeito Indutor)"
"3145802";"ONCA DE PITANGUI";"MG";"Pequeno Porte I";"3,59953535216172e+01";"1,14676134376711e+02";"1. Despertados (Efeito Indutor)"
"3145901";"OURO BRANCO";"MG";"Pequeno Porte II";"5,51126066275757e+01";"1,33172493682473e+02";"1. Despertados (Efeito Indutor)"
"3146008";"OURO FINO";"MG";"Pequeno Porte II";"7,15224903669406e+01";"9,43899205346066e+01";"1. Despertados (Efeito Indutor)"
"3146107";"OURO PRETO";"MG";"Médio Porte";"7,87734042645512e+01";"1,29617524706120e+02";"1. Despertados (Efeito Indutor)"
"3146255";"PADRE CARVALHO";"MG";"Pequeno Porte I";"1,14941973326355e+01";"1,98836434627238e+02";"1. Despertados (Efeito Indutor)"
"3146305";"PADRE PARAISO";"MG";"Pequeno Porte I";"6,81525261019448e+00";"1,96935718946448e+01";"1. Despertados (Efeito Indutor)"
"3146404";"PAINEIRAS";"MG";"Pequeno Porte I";"1,67051937152717e+01";"4,75399412604031e+01";"1. Despertados (Efeito Indutor)"
"3146503";"PAINS";"MG";"Pequeno Porte I";"1,14436819808555e+02";"1,38684448027533e+02";"2. Constantes (Sustentabilidade)"
"3146552";"PAI PEDRO";"MG";"Pequeno Porte I";"6,47563002155645e+01";"1,07657555505204e+02";"1. Despertados (Efeito Indutor)"
"3146701";"PALMA";"MG";"Pequeno Porte I";"1,85248763337878e+01";"2,96048864839951e+01";"1. Despertados (Efeito Indutor)"
"3146750";"PALMOPOLIS";"MG";"Pequeno Porte I";"0,00000000000000e+00";"1,32166620310059e+02";"1. Despertados (Efeito Indutor)"
"3146909";"PAPAGAIOS";"MG";"Pequeno Porte I";"4,42821236555223e+01";"9,79126785763654e+01";"1. Despertados (Efeito Indutor)"
"3147006";"PARACATU";"MG";"Médio Porte";"4,29343791371545e+01";"7,88398357554755e+01";"1. Despertados (Efeito Indutor)"
"3147105";"PARA DE MINAS";"MG";"Médio Porte";"1,98652887967608e+01";"3,17300413584863e+01";"1. Despertados (Efeito Indutor)"
"3147204";"PARAGUACU";"MG";"Pequeno Porte II";"5,30253705753926e+01";"3,55771608789308e+01";"4. Efeito Substituição (Retração Local)"
"3147303";"PARAISOPOLIS";"MG";"Pequeno Porte II";"4,04841419894877e+01";"3,07372478107480e+01";"2. Constantes (Sustentabilidade)"
"3147402";"PARAOPEBA";"MG";"Pequeno Porte II";"3,91586162000743e+01";"6,80469537809531e+01";"1. Despertados (Efeito Indutor)"
"3147600";"PASSA QUATRO";"MG";"Pequeno Porte I";"4,48982472319809e+01";"7,60892066592873e+01";"1. Despertados (Efeito Indutor)"
"3147709";"PASSA TEMPO";"MG";"Pequeno Porte I";"1,20645127178829e+01";"4,76017693006588e+01";"1. Despertados (Efeito Indutor)"
"3147907";"PASSOS";"MG";"Grande Porte";"6,02571524256775e+00";"4,45849321835802e+01";"1. Despertados (Efeito Indutor)"
"3147956";"PATIS";"MG";"Pequeno Porte I";"2,56264212461769e+01";"2,13757687385607e+01";"2. Constantes (Sustentabilidade)"
"3148004";"PATOS DE MINAS";"MG";"Grande Porte";"4,86185232056656e+01";"6,93764660169178e+01";"1. Despertados (Efeito Indutor)"
"3148103";"PATROCINIO";"MG";"Médio Porte";"6,26452765672218e+01";"5,58850374505203e+01";"2. Constantes (Sustentabilidade)"
"3148202";"PATROCINIO DO MURIAE";"MG";"Pequeno Porte I";"3,33248847339835e+00";"7,86542986256722e+01";"1. Despertados (Efeito Indutor)"
"3148301";"PAULA CANDIDO";"MG";"Pequeno Porte I";"4,42516285581818e+01";"2,81950835764830e+01";"4. Efeito Substituição (Retração Local)"
"3148509";"PAVAO";"MG";"Pequeno Porte I";"7,94326967685705e+00";"9,19822167474417e+01";"1. Despertados (Efeito Indutor)"
"3148608";"PECANHA";"MG";"Pequeno Porte I";"6,02007113544072e+01";"8,88146646759481e+01";"1. Despertados (Efeito Indutor)"
"3148707";"PEDRA AZUL";"MG";"Pequeno Porte II";"2,22668189650119e+01";"6,16691859841435e+01";"1. Despertados (Efeito Indutor)"
"3148756";"PEDRA BONITA";"MG";"Pequeno Porte I";"2,79214448186851e+01";"1,57145352980029e+02";"1. Despertados (Efeito Indutor)"
"3148806";"PEDRA DO ANTA";"MG";"Pequeno Porte I";"5,38437362121437e+01";"1,41526441513741e+02";"1. Despertados (Efeito Indutor)"
"3149101";"PEDRALVA";"MG";"Pequeno Porte I";"3,69633944359614e-02";"2,82335282911478e+01";"1. Despertados (Efeito Indutor)"
"3149150";"PEDRAS DE MARIA DA CRUZ";"MG";"Pequeno Porte I";"9,42046143855769e+00";"1,37501803374943e+02";"1. Despertados (Efeito Indutor)"
"3149200";"PEDRINOPOLIS";"MG";"Pequeno Porte I";"4,06384221902714e+01";"1,30191465179002e+02";"1. Despertados (Efeito Indutor)"
"3149309";"PEDRO LEOPOLDO";"MG";"Médio Porte";"2,65960838665128e+01";"2,88543385707450e+00";"4. Efeito Substituição (Retração Local)"
"3149507";"PEQUERI";"MG";"Pequeno Porte I";"1,40269650486059e+02";"1,84928149102232e+02";"1. Despertados (Efeito Indutor)"
"3149705";"PERDIGAO";"MG";"Pequeno Porte I";"1,97286723595653e+01";"9,76028320191012e+01";"1. Despertados (Efeito Indutor)"
"3149804";"PERDIZES";"MG";"Pequeno Porte I";"2,75735802401943e+01";"5,68832558161219e+01";"1. Despertados (Efeito Indutor)"
"3149903";"PERDOES";"MG";"Pequeno Porte II";"3,88149422252205e+01";"7,30678330907137e+01";"1. Despertados (Efeito Indutor)"
"3150158";"PIEDADE DE CARATINGA";"MG";"Pequeno Porte I";"0,00000000000000e+00";"7,81736540558417e+00";"1. Despertados (Efeito Indutor)"
"3150208";"PIEDADE DE PONTE NOVA";"MG";"Pequeno Porte I";"4,74504215169342e+01";"1,98747409952005e+02";"1. Despertados (Efeito Indutor)"
"3150307";"PIEDADE DO RIO GRANDE";"MG";"Pequeno Porte I";"1,17618561109875e+02";"1,87052837055638e+02";"1. Despertados (Efeito Indutor)"
"3150539";"PINGO-D'AGUA";"MG";"Pequeno Porte I";"0,00000000000000e+00";"5,49079396943226e+01";"1. Despertados (Efeito Indutor)"
"3150570";"PINTOPOLIS";"MG";"Pequeno Porte I";"1,73567402966110e+01";"1,68339154541645e+02";"1. Despertados (Efeito Indutor)"
"3150604";"PIRACEMA";"MG";"Pequeno Porte I";"1,02467265082291e+02";"1,64221522226369e+02";"1. Despertados (Efeito Indutor)"
"3150703";"PIRAJUBA";"MG";"Pequeno Porte I";"6,74527102685884e+01";"6,50461660182364e+01";"2. Constantes (Sustentabilidade)"
"3150802";"PIRANGA";"MG";"Pequeno Porte I";"0,00000000000000e+00";"1,54668072169483e+02";"1. Despertados (Efeito Indutor)"
"3151008";"PIRANGUINHO";"MG";"Pequeno Porte I";"3,79842875295265e+01";"1,59764581193702e+02";"1. Despertados (Efeito Indutor)"
"3151107";"PIRAPETINGA";"MG";"Pequeno Porte I";"6,71240595757576e+01";"1,96275460035258e+02";"1. Despertados (Efeito Indutor)"
"3151206";"PIRAPORA";"MG";"Médio Porte";"7,99943306048133e+01";"1,47203919133982e+02";"1. Despertados (Efeito Indutor)"
"3151305";"PIRAUBA";"MG";"Pequeno Porte I";"3,23245690695505e+01";"1,60981388821394e+02";"1. Despertados (Efeito Indutor)"
"3151404";"PITANGUI";"MG";"Pequeno Porte II";"8,43199588087980e+01";"5,95704566700290e+01";"4. Efeito Substituição (Retração Local)"
"3151503";"PIUMHI";"MG";"Pequeno Porte II";"4,24390425932103e+01";"6,43103828722260e+01";"1. Despertados (Efeito Indutor)"
"3151701";"POCO FUNDO";"MG";"Pequeno Porte I";"1,64413116856018e+01";"1,76220046058823e+02";"1. Despertados (Efeito Indutor)"
"3151800";"POCOS DE CALDAS";"MG";"Grande Porte";"2,73237768227406e+01";"4,48583614235752e+01";"1. Despertados (Efeito Indutor)"
"3151909";"POCRANE";"MG";"Pequeno Porte I";"1,80201789253935e+01";"8,26933120870820e+01";"1. Despertados (Efeito Indutor)"
"3152006";"POMPEU";"MG";"Pequeno Porte II";"3,66428507100565e+01";"6,30324305299687e+01";"1. Despertados (Efeito Indutor)"
"3152105";"PONTE NOVA";"MG";"Médio Porte";"3,85547023015190e+01";"1,52448757514056e+02";"1. Despertados (Efeito Indutor)"
"3152170";"PONTO DOS VOLANTES";"MG";"Pequeno Porte I";"1,67381207272667e+01";"1,16057064679677e+02";"1. Despertados (Efeito Indutor)"
"3152204";"PORTEIRINHA";"MG";"Pequeno Porte II";"1,75796978458766e+01";"2,49180333119793e+01";"2. Constantes (Sustentabilidade)"
"3152303";"PORTO FIRME";"MG";"Pequeno Porte I";"1,10192058540238e+00";"1,12182805470095e+02";"1. Despertados (Efeito Indutor)"
"3152402";"POTE";"MG";"Pequeno Porte I";"4,86814942440592e+01";"1,20788123693588e+02";"1. Despertados (Efeito Indutor)"
"3152501";"POUSO ALEGRE";"MG";"Grande Porte";"3,07177477064980e+01";"8,76583817837592e+01";"1. Despertados (Efeito Indutor)"
"3152600";"POUSO ALTO";"MG";"Pequeno Porte I";"5,39513949648980e+01";"1,72459049168894e+02";"1. Despertados (Efeito Indutor)"
"3152709";"PRADOS";"MG";"Pequeno Porte I";"4,70047898714548e+01";"7,59343260396655e+01";"1. Despertados (Efeito Indutor)"
"3152808";"PRATA";"MG";"Pequeno Porte II";"6,52992445868857e+01";"1,87277464159198e+02";"1. Despertados (Efeito Indutor)"
"3152907";"PRATAPOLIS";"MG";"Pequeno Porte I";"2,26253653715758e+01";"1,56417489427807e+02";"1. Despertados (Efeito Indutor)"
"3153004";"PRATINHA";"MG";"Pequeno Porte I";"3,68387347695216e+01";"1,62966485657112e+02";"1. Despertados (Efeito Indutor)"
"3153202";"PRESIDENTE JUSCELINO";"MG";"Pequeno Porte I";"4,95540646424152e+01";"1,30257304707044e+02";"1. Despertados (Efeito Indutor)"
"3153400";"PRESIDENTE OLEGARIO";"MG";"Pequeno Porte I";"2,27332549687253e+01";"1,14817502168808e+02";"1. Despertados (Efeito Indutor)"
"3153509";"ALTO JEQUITIBA";"MG";"Pequeno Porte I";"4,33584260164548e+00";"1,31345235950253e+02";"1. Despertados (Efeito Indutor)"
"3153707";"QUARTEL GERAL";"MG";"Pequeno Porte I";"3,51659244952147e+01";"6,92612064627617e+01";"1. Despertados (Efeito Indutor)"
"3153905";"RAPOSOS";"MG";"Pequeno Porte I";"4,29560803912153e+01";"1,50597065528893e+02";"1. Despertados (Efeito Indutor)"
"3154002";"RAUL SOARES";"MG";"Pequeno Porte II";"2,48593483202379e+01";"8,21436153566637e+01";"1. Despertados (Efeito Indutor)"
"3154101";"RECREIO";"MG";"Pequeno Porte I";"0,00000000000000e+00";"1,53094271315061e+01";"1. Despertados (Efeito Indutor)"
"3154150";"REDUTO";"MG";"Pequeno Porte I";"1,25606429276031e+01";"8,27575214825637e+00";"2. Constantes (Sustentabilidade)"
"3154200";"RESENDE COSTA";"MG";"Pequeno Porte I";"5,63986826441205e+01";"8,89942477715627e+01";"1. Despertados (Efeito Indutor)"
"3154309";"RESPLENDOR";"MG";"Pequeno Porte I";"1,30660665500149e+01";"1,48653890881334e+01";"2. Constantes (Sustentabilidade)"
"3154457";"RIACHINHO";"MG";"Pequeno Porte I";"2,46119534718591e+01";"6,85894858765887e+01";"1. Despertados (Efeito Indutor)"
"3154507";"RIACHO DOS MACHADOS";"MG";"Pequeno Porte I";"9,15946120954139e+00";"1,11548764097088e+02";"1. Despertados (Efeito Indutor)"
"3154606";"RIBEIRAO DAS NEVES";"MG";"Grande Porte";"2,05509616762725e+01";"6,76898335376876e+00";"4. Efeito Substituição (Retração Local)"
"3154903";"RIO CASCA";"MG";"Pequeno Porte I";"4,83470195020624e+01";"8,45685264862236e+01";"1. Despertados (Efeito Indutor)"
"3155108";"RIO DO PRADO";"MG";"Pequeno Porte I";"2,15861999358122e+01";"1,46139513477801e+02";"1. Despertados (Efeito Indutor)"
"3155207";"RIO ESPERA";"MG";"Pequeno Porte I";"1,27152308288443e+02";"1,49586872047153e+02";"2. Constantes (Sustentabilidade)"
"3155405";"RIO NOVO";"MG";"Pequeno Porte I";"5,37816429544466e+01";"1,17801456176986e+02";"1. Despertados (Efeito Indutor)"
"3155504";"RIO PARANAIBA";"MG";"Pequeno Porte I";"3,48971071413983e+01";"6,71719321907262e+01";"1. Despertados (Efeito Indutor)"
"3155603";"RIO PARDO DE MINAS";"MG";"Pequeno Porte II";"6,00632285614828e+00";"1,02416266738109e+02";"1. Despertados (Efeito Indutor)"
"3155801";"RIO POMBA";"MG";"Pequeno Porte I";"2,40457923752659e+01";"5,93797250859364e+01";"1. Despertados (Efeito Indutor)"
"3155900";"RIO PRETO";"MG";"Pequeno Porte I";"8,48695424192952e+01";"1,52811636266956e+02";"1. Despertados (Efeito Indutor)"
"3156007";"RIO VERMELHO";"MG";"Pequeno Porte I";"3,08895311569499e+01";"1,60936568795835e+02";"1. Despertados (Efeito Indutor)"
"3156106";"RITAPOLIS";"MG";"Pequeno Porte I";"6,24872973177691e+01";"1,07136579265385e+02";"1. Despertados (Efeito Indutor)"
"3156304";"RODEIRO";"MG";"Pequeno Porte I";"8,69019294898160e+01";"9,80275641184885e+01";"2. Constantes (Sustentabilidade)"
"3156452";"ROSARIO DA LIMEIRA";"MG";"Pequeno Porte I";"7,77411428327888e+00";"1,02826387597593e+02";"1. Despertados (Efeito Indutor)"
"3156502";"RUBELITA";"MG";"Pequeno Porte I";"2,07716129110560e+01";"9,33924314362427e+01";"1. Despertados (Efeito Indutor)"
"3156601";"RUBIM";"MG";"Pequeno Porte I";"2,79667915904356e+01";"3,99580274567189e+01";"1. Despertados (Efeito Indutor)"
"3156700";"SABARA";"MG";"Grande Porte";"4,18090484468203e+01";"5,12593579805286e+01";"2. Constantes (Sustentabilidade)"
"3156908";"SACRAMENTO";"MG";"Pequeno Porte II";"6,23529695618696e+01";"9,75165571267757e+01";"1. Despertados (Efeito Indutor)"
"3157005";"SALINAS";"MG";"Pequeno Porte II";"6,18183411000388e+00";"3,27988426502066e+01";"1. Despertados (Efeito Indutor)"
"3157203";"SANTA BARBARA";"MG";"Pequeno Porte II";"1,39680788678881e+02";"8,91337838881570e+01";"4. Efeito Substituição (Retração Local)"
"3157252";"SANTA BARBARA DO LESTE";"MG";"Pequeno Porte I";"1,14244935085252e+01";"4,19962795801830e+01";"1. Despertados (Efeito Indutor)"
"3157336";"SANTA CRUZ DE MINAS";"MG";"Pequeno Porte I";"7,11368912272439e+01";"4,64953466951899e+01";"4. Efeito Substituição (Retração Local)"
"3157658";"SANTA HELENA DE MINAS";"MG";"Pequeno Porte I";"1,43380160126779e+01";"1,24200067362748e+00";"4. Efeito Substituição (Retração Local)"
"3157708";"SANTA JULIANA";"MG";"Pequeno Porte I";"6,54765432977957e+01";"1,05045909277631e+02";"1. Despertados (Efeito Indutor)"
"3157807";"SANTA LUZIA";"MG";"Grande Porte";"1,15483530292236e+01";"2,38980277845540e+01";"1. Despertados (Efeito Indutor)"
"3157906";"SANTA MARGARIDA";"MG";"Pequeno Porte I";"3,63133700257604e+00";"9,03557889850810e+01";"1. Despertados (Efeito Indutor)"
"3158003";"SANTA MARIA DE ITABIRA";"MG";"Pequeno Porte I";"6,24375505101238e+00";"1,63705599092442e+02";"1. Despertados (Efeito Indutor)"
"3158102";"SANTA MARIA DO SALTO";"MG";"Pequeno Porte I";"6,08614727154916e-01";"1,69493045774729e+02";"1. Despertados (Efeito Indutor)"
"3158201";"SANTA MARIA DO SUACUI";"MG";"Pequeno Porte I";"1,29432850817072e+01";"7,87560766255792e+01";"1. Despertados (Efeito Indutor)"
"3158409";"SANTANA DE CATAGUASES";"MG";"Pequeno Porte I";"1,50523880517115e+02";"1,22341981980120e+02";"2. Constantes (Sustentabilidade)"
"3158508";"SANTANA DE PIRAPAMA";"MG";"Pequeno Porte I";"3,05207170722687e+01";"5,33386619890786e+01";"1. Despertados (Efeito Indutor)"
"3158904";"SANTANA DO MANHUACU";"MG";"Pequeno Porte I";"6,35758489041461e-01";"1,45742788437963e+02";"1. Despertados (Efeito Indutor)"
"3158953";"SANTANA DO PARAISO";"MG";"Pequeno Porte II";"8,44284356102354e+00";"7,22525555556948e+01";"1. Despertados (Efeito Indutor)"
"3159209";"SANTA RITA DE CALDAS";"MG";"Pequeno Porte I";"1,46602170875571e+00";"4,37558112685586e+00";"2. Constantes (Sustentabilidade)"
"3159357";"SANTA RITA DE MINAS";"MG";"Pequeno Porte I";"4,33613879325968e+01";"8,06774062286848e+01";"1. Despertados (Efeito Indutor)"
"3159605";"SANTA RITA DO SAPUCAI";"MG";"Pequeno Porte II";"5,44968102727626e+01";"1,58284128631095e+02";"1. Despertados (Efeito Indutor)"
"3159704";"SANTA ROSA DA SERRA";"MG";"Pequeno Porte I";"1,79281095130735e+01";"8,16328533632660e+01";"1. Despertados (Efeito Indutor)"
"3159803";"SANTA VITORIA";"MG";"Pequeno Porte II";"2,11569234194482e+01";"1,86427619476381e+02";"1. Despertados (Efeito Indutor)"
"3159902";"SANTO ANTONIO DO AMPARO";"MG";"Pequeno Porte I";"3,13710191931898e+01";"5,59051793909756e+01";"1. Despertados (Efeito Indutor)"
"3160009";"SANTO ANTONIO DO AVENTUREIRO";"MG";"Pequeno Porte I";"2,17076123648398e+01";"1,25160972524085e+02";"1. Despertados (Efeito Indutor)"
"3160306";"SANTO ANTONIO DO JACINTO";"MG";"Pequeno Porte I";"1,12515928589686e-01";"4,34993235997529e+01";"1. Despertados (Efeito Indutor)"
"3160405";"SANTO ANTONIO DO MONTE";"MG";"Pequeno Porte II";"2,67654892429998e+01";"3,54011353477975e+01";"2. Constantes (Sustentabilidade)"
"3160454";"SANTO ANTONIO DO RETIRO";"MG";"Pequeno Porte I";"1,82154892340827e+01";"1,49007580859583e+02";"1. Despertados (Efeito Indutor)"
"3160504";"SANTO ANTONIO DO RIO ABAIXO";"MG";"Pequeno Porte I";"5,29484432382857e+01";"1,76867983312013e+02";"1. Despertados (Efeito Indutor)"
"3160702";"SANTOS DUMONT";"MG";"Pequeno Porte II";"3,48750039924210e-01";"6,16428542604961e+01";"1. Despertados (Efeito Indutor)"
"3160959";"SAO DOMINGOS DAS DORES";"MG";"Pequeno Porte I";"8,24084024788707e+00";"6,51632070313953e+00";"2. Constantes (Sustentabilidade)"
"3161007";"SAO DOMINGOS DO PRATA";"MG";"Pequeno Porte I";"5,87012905555071e+01";"4,68585142005935e+01";"2. Constantes (Sustentabilidade)"
"3161106";"SAO FRANCISCO";"MG";"Médio Porte";"1,84051607519910e+01";"1,64212542123499e+01";"2. Constantes (Sustentabilidade)"
"3161205";"SAO FRANCISCO DE PAULA";"MG";"Pequeno Porte I";"5,88077235125955e+01";"1,03577417856037e+02";"1. Despertados (Efeito Indutor)"
"3161403";"SAO FRANCISCO DO GLORIA";"MG";"Pequeno Porte I";"9,84849854915813e+01";"7,93684797673014e+01";"2. Constantes (Sustentabilidade)"
"3161502";"SAO GERALDO";"MG";"Pequeno Porte I";"4,41509131182159e+01";"1,70992133868370e+02";"1. Despertados (Efeito Indutor)"
"3161809";"SAO GONCALO DO PARA";"MG";"Pequeno Porte I";"8,61312760456156e+01";"1,63567114402363e+02";"1. Despertados (Efeito Indutor)"
"3162005";"SAO GONCALO DO SAPUCAI";"MG";"Pequeno Porte II";"1,03217369010475e+01";"6,30526733039891e+01";"1. Despertados (Efeito Indutor)"
"3162104";"SAO GOTARDO";"MG";"Pequeno Porte II";"1,55517729283413e+01";"6,28635204415237e+01";"1. Despertados (Efeito Indutor)"
"3162203";"SAO JOAO BATISTA DO GLORIA";"MG";"Pequeno Porte I";"2,46142559679632e+00";"1,86305793565321e+02";"1. Despertados (Efeito Indutor)"
"3162252";"SAO JOAO DA LAGOA";"MG";"Pequeno Porte I";"1,28031060476626e+01";"1,73321590838923e+02";"1. Despertados (Efeito Indutor)"
"3162401";"SAO JOAO DA PONTE";"MG";"Pequeno Porte II";"1,75650796105159e+01";"8,28368184594972e+01";"1. Despertados (Efeito Indutor)"
"3162450";"SAO JOAO DAS MISSOES";"MG";"Pequeno Porte I";"3,05124576616378e+01";"1,02271520866014e+02";"1. Despertados (Efeito Indutor)"
"3162500";"SAO JOAO DEL REI";"MG";"Médio Porte";"5,16535456952789e+01";"5,95345182282760e+01";"2. Constantes (Sustentabilidade)"
"3162559";"SAO JOAO DO MANHUACU";"MG";"Pequeno Porte I";"1,06784780030482e+00";"1,50382608151723e+02";"1. Despertados (Efeito Indutor)"
"3162575";"SAO JOAO DO MANTENINHA";"MG";"Pequeno Porte I";"1,17957183089667e+01";"1,45171100282457e+02";"1. Despertados (Efeito Indutor)"
"3162609";"SAO JOAO DO ORIENTE";"MG";"Pequeno Porte I";"0,00000000000000e+00";"9,49778373820455e+00";"1. Despertados (Efeito Indutor)"
"3162708";"SAO JOAO DO PARAISO";"MG";"Pequeno Porte II";"2,86328821043344e+01";"8,49077355698005e+01";"1. Despertados (Efeito Indutor)"
"3162807";"SAO JOAO EVANGELISTA";"MG";"Pequeno Porte I";"2,23896853288950e+01";"1,21759775425606e+02";"1. Despertados (Efeito Indutor)"
"3162906";"SAO JOAO NEPOMUCENO";"MG";"Pequeno Porte II";"2,14347180023743e+01";"4,53786857813322e+01";"1. Despertados (Efeito Indutor)"
"3162922";"SAO JOAQUIM DE BICAS";"MG";"Pequeno Porte II";"2,15847255531881e+01";"1,16709178079665e+02";"1. Despertados (Efeito Indutor)"
"3162955";"SAO JOSE DA LAPA";"MG";"Pequeno Porte II";"2,45759496326835e+01";"1,53390783235976e+02";"1. Despertados (Efeito Indutor)"
"3163102";"SAO JOSE DA VARGINHA";"MG";"Pequeno Porte I";"1,40825042321533e+01";"5,47960669835256e+01";"1. Despertados (Efeito Indutor)"
"3163300";"SAO JOSE DO DIVINO";"MG";"Pequeno Porte I";"1,02618211235821e+01";"1,91962981983716e+02";"1. Despertados (Efeito Indutor)"
"3163409";"SAO JOSE DO GOIABAL";"MG";"Pequeno Porte I";"4,20514229808933e+01";"1,57461940773104e+02";"1. Despertados (Efeito Indutor)"
"3163508";"SAO JOSE DO JACURI";"MG";"Pequeno Porte I";"8,56870761919109e+00";"5,30982175266927e+01";"1. Despertados (Efeito Indutor)"
"3163607";"SAO JOSE DO MANTIMENTO";"MG";"Pequeno Porte I";"5,92324033891178e+01";"4,54396866769676e+01";"2. Constantes (Sustentabilidade)"
"3163706";"SAO LOURENCO";"MG";"Pequeno Porte II";"1,92592248681533e+01";"4,06541126074207e+01";"1. Despertados (Efeito Indutor)"
"3163805";"SAO MIGUEL DO ANTA";"MG";"Pequeno Porte I";"9,38799137304135e+01";"1,41018854119213e+02";"1. Despertados (Efeito Indutor)"
"3163904";"SAO PEDRO DA UNIAO";"MG";"Pequeno Porte I";"4,29598158501282e+01";"1,34663660893501e+02";"1. Despertados (Efeito Indutor)"
"3164001";"SAO PEDRO DOS FERROS";"MG";"Pequeno Porte I";"2,74884750823731e+01";"7,21857595888120e+01";"1. Despertados (Efeito Indutor)"
"3164100";"SAO PEDRO DO SUACUI";"MG";"Pequeno Porte I";"1,47499270377750e+01";"1,89374393123580e+02";"1. Despertados (Efeito Indutor)"
"3164308";"SAO ROQUE DE MINAS";"MG";"Pequeno Porte I";"2,88719321400447e+01";"8,83092414311496e+01";"1. Despertados (Efeito Indutor)"
"3164407";"SAO SEBASTIAO DA BELA VISTA";"MG";"Pequeno Porte I";"1,06921149231845e+02";"1,58213794283871e+02";"1. Despertados (Efeito Indutor)"
"3164431";"SAO SEBASTIAO DA VARGEM ALEGRE";"MG";"Pequeno Porte I";"1,76534766008350e+01";"1,37896528651675e+01";"2. Constantes (Sustentabilidade)"
"3164472";"SAO SEBASTIAO DO ANTA";"MG";"Pequeno Porte I";"9,31145394295133e+00";"1,57105173800504e+01";"2. Constantes (Sustentabilidade)"
"3164506";"SAO SEBASTIAO DO MARANHAO";"MG";"Pequeno Porte I";"4,17608051956075e+01";"1,69669740018757e+02";"1. Despertados (Efeito Indutor)"
"3164605";"SAO SEBASTIAO DO OESTE";"MG";"Pequeno Porte I";"0,00000000000000e+00";"1,04996852396893e+01";"1. Despertados (Efeito Indutor)"
"3164704";"SAO SEBASTIAO DO PARAISO";"MG";"Médio Porte";"1,23100936234479e+01";"3,23236551865828e+01";"1. Despertados (Efeito Indutor)"
"3165107";"SAO TOMAS DE AQUINO";"MG";"Pequeno Porte I";"3,22611206762379e+01";"1,24613680005588e+02";"1. Despertados (Efeito Indutor)"
"3165552";"SETUBINHA";"MG";"Pequeno Porte I";"2,81149514906905e+01";"9,90474930742425e+01";"1. Despertados (Efeito Indutor)"
"3165578";"SENADOR AMARAL";"MG";"Pequeno Porte I";"3,11830082884890e+01";"1,37352936582485e+02";"1. Despertados (Efeito Indutor)"
"3165701";"SENADOR FIRMINO";"MG";"Pequeno Porte I";"0,00000000000000e+00";"9,58959386980324e+01";"1. Despertados (Efeito Indutor)"
"3165909";"SENADOR MODESTINO GONCALVES";"MG";"Pequeno Porte I";"3,54173494284495e+01";"1,32941318697265e+02";"1. Despertados (Efeito Indutor)"
"3166204";"SENHORA DOS REMEDIOS";"MG";"Pequeno Porte I";"2,42880384835772e+01";"5,90452458382516e+01";"1. Despertados (Efeito Indutor)"
"3166303";"SERICITA";"MG";"Pequeno Porte I";"2,32335850393740e+01";"8,47500400336646e+01";"1. Despertados (Efeito Indutor)"
"3166709";"SERRA DOS AIMORES";"MG";"Pequeno Porte I";"1,59258908926297e+01";"9,96694431613226e+01";"1. Despertados (Efeito Indutor)"
"3166907";"SERRANIA";"MG";"Pequeno Porte I";"4,21029897098442e+01";"7,24572583445025e+01";"1. Despertados (Efeito Indutor)"
"3166956";"SERRANOPOLIS DE MINAS";"MG";"Pequeno Porte I";"4,62300619907925e+01";"1,66458360988282e+02";"1. Despertados (Efeito Indutor)"
"3167202";"SETE LAGOAS";"MG";"Grande Porte";"2,30036694255551e+01";"3,75797456526941e+01";"1. Despertados (Efeito Indutor)"
"3167301";"SILVEIRANIA";"MG";"Pequeno Porte I";"7,21359849492668e+01";"1,25073376794208e+02";"1. Despertados (Efeito Indutor)"
"3167400";"SILVIANOPOLIS";"MG";"Pequeno Porte I";"6,33512312541237e-02";"1,19606336292623e+02";"1. Despertados (Efeito Indutor)"
"3167608";"SIMONESIA";"MG";"Pequeno Porte I";"2,52391032681969e+01";"6,51760461257313e+01";"1. Despertados (Efeito Indutor)"
"3167707";"SOBRALIA";"MG";"Pequeno Porte I";"3,29493915365774e+01";"7,10551225414772e+01";"1. Despertados (Efeito Indutor)"
"3168002";"TAIOBEIRAS";"MG";"Pequeno Porte II";"4,28272065723007e+01";"6,72768917271821e+01";"1. Despertados (Efeito Indutor)"
"3168051";"TAPARUBA";"MG";"Pequeno Porte I";"4,12131914044694e+01";"1,39575494537939e+01";"4. Efeito Substituição (Retração Local)"
"3168101";"TAPIRA";"MG";"Pequeno Porte I";"9,26461400346372e+01";"8,24271508210674e+01";"2. Constantes (Sustentabilidade)"
"3168408";"TARUMIRIM";"MG";"Pequeno Porte I";"8,86258346941981e+00";"1,04337625864701e+01";"2. Constantes (Sustentabilidade)"
"3168507";"TEIXEIRAS";"MG";"Pequeno Porte I";"1,17021878412757e+01";"2,05317849891939e+01";"1. Despertados (Efeito Indutor)"
"3168606";"TEOFILO OTONI";"MG";"Grande Porte";"0,00000000000000e+00";"9,77530627108835e+00";"1. Despertados (Efeito Indutor)"
"3168705";"TIMOTEO";"MG";"Médio Porte";"2,28783145524191e+01";"3,11636857965573e+01";"2. Constantes (Sustentabilidade)"
"3168903";"TIROS";"MG";"Pequeno Porte I";"3,91583029617764e+01";"3,50852352571173e+01";"2. Constantes (Sustentabilidade)"
"3169000";"TOCANTINS";"MG";"Pequeno Porte I";"6,70569031653336e+00";"8,10753394934041e+01";"1. Despertados (Efeito Indutor)"
"3169109";"TOLEDO";"MG";"Pequeno Porte I";"1,40738118318938e+01";"1,19504113357921e+02";"1. Despertados (Efeito Indutor)"
"3169208";"TOMBOS";"MG";"Pequeno Porte I";"5,29182336008125e+01";"3,21301306257228e+01";"4. Efeito Substituição (Retração Local)"
"3169307";"TRES CORACOES";"MG";"Médio Porte";"0,00000000000000e+00";"3,54186830699345e+01";"1. Despertados (Efeito Indutor)"
"3169356";"TRES MARIAS";"MG";"Pequeno Porte II";"6,13747338096530e+01";"6,93073606562395e+01";"2. Constantes (Sustentabilidade)"
"3169406";"TRES PONTAS";"MG";"Médio Porte";"8,53747515765728e+01";"1,35871245440666e+02";"1. Despertados (Efeito Indutor)"
"3169604";"TUPACIGUARA";"MG";"Pequeno Porte II";"3,94871639821711e+01";"1,84229739689216e+02";"1. Despertados (Efeito Indutor)"
"3169703";"TURMALINA";"MG";"Pequeno Porte I";"4,09837514435275e+01";"1,12481583900474e+02";"1. Despertados (Efeito Indutor)"
"3169802";"TURVOLANDIA";"MG";"Pequeno Porte I";"7,62566247647747e+01";"1,32854805816973e+02";"1. Despertados (Efeito Indutor)"
"3169901";"UBA";"MG";"Grande Porte";"4,79308114350488e+00";"3,77644168786284e+01";"1. Despertados (Efeito Indutor)"
"3170008";"UBAI";"MG";"Pequeno Porte I";"1,95359100618828e+01";"1,86438995586668e+02";"1. Despertados (Efeito Indutor)"
"3170057";"UBAPORANGA";"MG";"Pequeno Porte I";"3,53559042703910e+01";"1,59256589587869e+01";"4. Efeito Substituição (Retração Local)"
"3170107";"UBERABA";"MG";"Grande Porte";"0,00000000000000e+00";"1,49095532670490e+01";"1. Despertados (Efeito Indutor)"
"3170206";"UBERLANDIA";"MG";"Grande Porte";"1,82912220293390e+01";"1,95531818624850e+01";"2. Constantes (Sustentabilidade)"
"3170305";"UMBURATIBA";"MG";"Pequeno Porte I";"4,10506058094721e+01";"1,98857568254060e+02";"1. Despertados (Efeito Indutor)"
"3170404";"UNAI";"MG";"Médio Porte";"2,70904164172201e+01";"5,27719572341010e+01";"1. Despertados (Efeito Indutor)"
"3170438";"UNIAO DE MINAS";"MG";"Pequeno Porte I";"4,94266483256264e+01";"1,29220362490966e+02";"1. Despertados (Efeito Indutor)"
"3170503";"URUCANIA";"MG";"Pequeno Porte I";"1,31733577288758e+01";"1,69370437193036e+02";"1. Despertados (Efeito Indutor)"
"3170529";"URUCUIA";"MG";"Pequeno Porte I";"1,40287094705867e-01";"1,36181751231053e+02";"1. Despertados (Efeito Indutor)"
"3170578";"VARGEM ALEGRE";"MG";"Pequeno Porte I";"0,00000000000000e+00";"1,45262362844120e+02";"1. Despertados (Efeito Indutor)"
"3170651";"VARGEM GRANDE DO RIO PARDO";"MG";"Pequeno Porte I";"2,66341741413779e+01";"1,41886426848962e+01";"4. Efeito Substituição (Retração Local)"
"3170701";"VARGINHA";"MG";"Grande Porte";"4,61976049935181e+01";"4,00067330683482e+01";"2. Constantes (Sustentabilidade)"
"3170750";"VARJAO DE MINAS";"MG";"Pequeno Porte I";"7,19786209267079e+00";"1,39791944728833e+01";"1. Despertados (Efeito Indutor)"
"3170800";"VARZEA DA PALMA";"MG";"Pequeno Porte II";"1,53260789518237e+01";"5,97193215298405e+01";"1. Despertados (Efeito Indutor)"
"3170909";"VARZELANDIA";"MG";"Pequeno Porte I";"2,81322829193637e+01";"1,53116809489000e+02";"1. Despertados (Efeito Indutor)"
"3171006";"VAZANTE";"MG";"Pequeno Porte I";"1,46717367127204e+01";"5,55831270533125e+01";"1. Despertados (Efeito Indutor)"
"3171030";"VERDELANDIA";"MG";"Pequeno Porte I";"1,24037562278752e+01";"1,25744287422323e+02";"1. Despertados (Efeito Indutor)"
"3171105";"VERISSIMO";"MG";"Pequeno Porte I";"6,17746554451558e+01";"7,69803411314528e+01";"2. Constantes (Sustentabilidade)"
"3171154";"VERMELHO NOVO";"MG";"Pequeno Porte I";"8,57324310481181e-01";"6,32452783380939e+01";"1. Despertados (Efeito Indutor)"
"3171204";"VESPASIANO";"MG";"Grande Porte";"3,03241132688774e+01";"5,53942395577391e+01";"1. Despertados (Efeito Indutor)"
"3171303";"VICOSA";"MG";"Médio Porte";"5,42927102331837e+01";"3,70440439617951e+01";"4. Efeito Substituição (Retração Local)"
"3171402";"VIEIRAS";"MG";"Pequeno Porte I";"4,22558512743913e+01";"1,11317462459692e+02";"1. Despertados (Efeito Indutor)"
"3171600";"VIRGEM DA LAPA";"MG";"Pequeno Porte I";"4,58324845011675e+01";"1,57756375259954e+02";"1. Despertados (Efeito Indutor)"
"3171709";"VIRGINIA";"MG";"Pequeno Porte I";"1,21265847356758e+01";"1,45117581921369e+02";"1. Despertados (Efeito Indutor)"
"3171907";"VIRGOLANDIA";"MG";"Pequeno Porte I";"1,06075951484769e+00";"4,95949576223742e+01";"1. Despertados (Efeito Indutor)"
"3172004";"VISCONDE DO RIO BRANCO";"MG";"Pequeno Porte II";"2,02485124764833e+01";"9,63040037918614e+01";"1. Despertados (Efeito Indutor)"
"3200102";"AFONSO CLAUDIO";"ES";"Pequeno Porte II";"1,01389959910890e+01";"1,18709918405724e+02";"1. Despertados (Efeito Indutor)"
"3200136";"AGUIA BRANCA";"ES";"Pequeno Porte I";"1,61097147486232e+00";"1,62389906734582e+02";"1. Despertados (Efeito Indutor)"
"3200169";"AGUA DOCE DO NORTE";"ES";"Pequeno Porte I";"5,10641019034256e+00";"7,11187148117715e+00";"2. Constantes (Sustentabilidade)"
"3200201";"ALEGRE";"ES";"Pequeno Porte II";"1,19195083602706e+01";"6,33906573431606e+01";"1. Despertados (Efeito Indutor)"
"3200300";"ALFREDO CHAVES";"ES";"Pequeno Porte I";"6,83001079859013e+01";"6,21852151035646e+01";"2. Constantes (Sustentabilidade)"
"3200359";"ALTO RIO NOVO";"ES";"Pequeno Porte I";"1,20514571213939e+01";"2,31444225912999e+01";"1. Despertados (Efeito Indutor)"
"3200409";"ANCHIETA";"ES";"Pequeno Porte II";"4,78031743643961e+01";"7,38703008583028e+01";"1. Despertados (Efeito Indutor)"
"3200508";"APIACA";"ES";"Pequeno Porte I";"2,14314497266763e+01";"3,36582746538658e+01";"1. Despertados (Efeito Indutor)"
"3200607";"ARACRUZ";"ES";"Médio Porte";"6,47575788096245e+00";"0,00000000000000e+00";"4. Efeito Substituição (Retração Local)"
"3200706";"ATILIO VIVACQUA";"ES";"Pequeno Porte I";"6,57941408309156e+01";"8,96918935512616e+01";"1. Despertados (Efeito Indutor)"
"3200805";"BAIXO GUANDU";"ES";"Pequeno Porte II";"3,31695790914764e+01";"1,63731253465515e+02";"1. Despertados (Efeito Indutor)"
"3200904";"BARRA DE SAO FRANCISCO";"ES";"Pequeno Porte II";"4,11056633942606e-01";"4,09381857183788e+01";"1. Despertados (Efeito Indutor)"
"3201100";"BOM JESUS DO NORTE";"ES";"Pequeno Porte I";"1,74837299859609e+00";"2,22003019983358e+01";"1. Despertados (Efeito Indutor)"
"3201159";"BREJETUBA";"ES";"Pequeno Porte I";"2,47120706936057e+01";"0,00000000000000e+00";"4. Efeito Substituição (Retração Local)"
"3201209";"CACHOEIRO DE ITAPEMIRIM";"ES";"Grande Porte";"3,28245987377056e+01";"4,80555822295820e+01";"1. Despertados (Efeito Indutor)"
"3201308";"CARIACICA";"ES";"Grande Porte";"1,04388957044979e+01";"1,10971720558607e+01";"2. Constantes (Sustentabilidade)"
"3201407";"CASTELO";"ES";"Pequeno Porte II";"1,24960341330539e+01";"2,38868617468512e+01";"1. Despertados (Efeito Indutor)"
"3201506";"COLATINA";"ES";"Grande Porte";"2,01500074102122e+01";"5,47229948009997e+01";"1. Despertados (Efeito Indutor)"
"3201605";"CONCEICAO DA BARRA";"ES";"Pequeno Porte II";"9,57481894641284e+00";"1,90236474688847e+02";"1. Despertados (Efeito Indutor)"
"3201704";"CONCEICAO DO CASTELO";"ES";"Pequeno Porte I";"9,39663048410718e+00";"4,47064478316127e+00";"2. Constantes (Sustentabilidade)"
"3201803";"DIVINO DE SAO LOURENCO";"ES";"Pequeno Porte I";"2,14300103326229e+01";"1,91470576909123e+02";"1. Despertados (Efeito Indutor)"
"3201902";"DOMINGOS MARTINS";"ES";"Pequeno Porte II";"6,16596239325016e+01";"1,17141316632942e+02";"1. Despertados (Efeito Indutor)"
"3202108";"ECOPORANGA";"ES";"Pequeno Porte II";"3,43242068507001e+00";"8,20229761993067e-01";"2. Constantes (Sustentabilidade)"
"3202207";"FUNDAO";"ES";"Pequeno Porte I";"1,41890241226977e+01";"4,28863308886312e+01";"1. Despertados (Efeito Indutor)"
"3202256";"GOVERNADOR LINDENBERG";"ES";"Pequeno Porte I";"1,01440608701490e+00";"5,57983381489611e+00";"2. Constantes (Sustentabilidade)"
"3202306";"GUACUI";"ES";"Pequeno Porte II";"4,40165460136075e+01";"6,25785434201810e+01";"1. Despertados (Efeito Indutor)"
"3202405";"GUARAPARI";"ES";"Grande Porte";"2,13412969964864e+01";"3,44468974219291e+01";"1. Despertados (Efeito Indutor)"
"3202454";"IBATIBA";"ES";"Pequeno Porte II";"9,73557226977737e+00";"5,79828398161616e+01";"1. Despertados (Efeito Indutor)"
"3202504";"IBIRACU";"ES";"Pequeno Porte I";"1,21350297681554e+01";"5,89809523120498e+01";"1. Despertados (Efeito Indutor)"
"3202603";"ICONHA";"ES";"Pequeno Porte I";"6,49011288044603e+01";"1,66163203443601e+02";"1. Despertados (Efeito Indutor)"
"3202652";"IRUPI";"ES";"Pequeno Porte I";"4,00108424951266e+01";"8,32458018751749e+01";"1. Despertados (Efeito Indutor)"
"3202702";"ITAGUACU";"ES";"Pequeno Porte I";"1,87484069654219e+00";"1,25149650605001e+02";"1. Despertados (Efeito Indutor)"
"3202801";"ITAPEMIRIM";"ES";"Pequeno Porte II";"1,00016322931021e-02";"3,49364763180073e+00";"2. Constantes (Sustentabilidade)"
"3203007";"IUNA";"ES";"Pequeno Porte II";"2,44853296310202e+01";"9,03667792428340e+01";"1. Despertados (Efeito Indutor)"
"3203056";"JAGUARE";"ES";"Pequeno Porte II";"3,44031667359760e+01";"1,01076887523091e+02";"1. Despertados (Efeito Indutor)"
"3203106";"JERONIMO MONTEIRO";"ES";"Pequeno Porte I";"5,46740480509141e+01";"1,64156308635125e+02";"1. Despertados (Efeito Indutor)"
"3203163";"LARANJA DA TERRA";"ES";"Pequeno Porte I";"4,70745175012959e+00";"1,18643223060337e+02";"1. Despertados (Efeito Indutor)"
"3203205";"LINHARES";"ES";"Grande Porte";"2,06163448147012e+01";"2,86466717047201e-01";"4. Efeito Substituição (Retração Local)"
"3203304";"MANTENOPOLIS";"ES";"Pequeno Porte I";"0,00000000000000e+00";"6,93577487992260e+00";"1. Despertados (Efeito Indutor)"
"3203320";"MARATAIZES";"ES";"Pequeno Porte II";"8,06613171571768e+00";"2,62990952844751e+01";"1. Despertados (Efeito Indutor)"
"3203346";"MARECHAL FLORIANO";"ES";"Pequeno Porte I";"9,98675121436869e+00";"4,83989912726684e+01";"1. Despertados (Efeito Indutor)"
"3203353";"MARILANDIA";"ES";"Pequeno Porte I";"4,79062935403915e+00";"3,92283530085361e+01";"1. Despertados (Efeito Indutor)"
"3203403";"MIMOSO DO SUL";"ES";"Pequeno Porte II";"2,93559473177584e+01";"3,99117082953971e+01";"2. Constantes (Sustentabilidade)"
"3203502";"MONTANHA";"ES";"Pequeno Porte I";"5,22688481221871e+01";"1,58751992443754e+02";"1. Despertados (Efeito Indutor)"
"3203601";"MUCURICI";"ES";"Pequeno Porte I";"1,96718974743659e+01";"4,52078559039595e+01";"1. Despertados (Efeito Indutor)"
"3203700";"MUNIZ FREIRE";"ES";"Pequeno Porte I";"2,99338350863275e+01";"9,35061624460272e+01";"1. Despertados (Efeito Indutor)"
"3203809";"MUQUI";"ES";"Pequeno Porte I";"6,62561493855735e+01";"1,06789596825702e+02";"1. Despertados (Efeito Indutor)"
"3203908";"NOVA VENECIA";"ES";"Pequeno Porte II";"1,71238466240493e+01";"4,71443449069357e+01";"1. Despertados (Efeito Indutor)"
"3204005";"PANCAS";"ES";"Pequeno Porte I";"2,13714230195793e+01";"2,79128707082703e+01";"2. Constantes (Sustentabilidade)"
"3204054";"PEDRO CANARIO";"ES";"Pequeno Porte II";"1,09553233846460e+01";"8,26708216826851e+01";"1. Despertados (Efeito Indutor)"
"3204104";"PINHEIROS";"ES";"Pequeno Porte II";"1,41540591029661e+01";"9,24358482591055e+01";"1. Despertados (Efeito Indutor)"
"3204203";"PIUMA";"ES";"Pequeno Porte II";"5,75334426306493e+01";"9,20331827175710e+01";"1. Despertados (Efeito Indutor)"
"3204252";"PONTO BELO";"ES";"Pequeno Porte I";"3,86381730918058e+01";"3,20312616585428e+01";"2. Constantes (Sustentabilidade)"
"3204302";"PRESIDENTE KENNEDY";"ES";"Pequeno Porte I";"5,67934433424302e+00";"5,15131239344675e-01";"2. Constantes (Sustentabilidade)"
"3204351";"RIO BANANAL";"ES";"Pequeno Porte I";"2,53040514175083e-01";"7,54633221555916e+00";"1. Despertados (Efeito Indutor)"
"3204401";"RIO NOVO DO SUL";"ES";"Pequeno Porte I";"8,32065025905722e-01";"1,58127857077026e+01";"1. Despertados (Efeito Indutor)"
"3204500";"SANTA LEOPOLDINA";"ES";"Pequeno Porte I";"1,97254825635038e+01";"8,24562460267236e+01";"1. Despertados (Efeito Indutor)"
"3204559";"SANTA MARIA DE JETIBA";"ES";"Pequeno Porte II";"7,93794654063886e+01";"1,85261516399746e+02";"1. Despertados (Efeito Indutor)"
"3204609";"SANTA TERESA";"ES";"Pequeno Porte II";"9,75437754319281e+01";"4,40642855893642e+00";"4. Efeito Substituição (Retração Local)"
"3204658";"SAO DOMINGOS DO NORTE";"ES";"Pequeno Porte I";"1,41477773362085e+01";"1,51670887530207e+01";"2. Constantes (Sustentabilidade)"
"3204708";"SAO GABRIEL DA PALHA";"ES";"Pequeno Porte II";"1,36451092536089e+01";"1,23493975801026e+02";"1. Despertados (Efeito Indutor)"
"3204807";"SAO JOSE DO CALCADO";"ES";"Pequeno Porte I";"1,53375947752004e+01";"1,23387657055670e+01";"2. Constantes (Sustentabilidade)"
"3204906";"SAO MATEUS";"ES";"Grande Porte";"1,69608764331458e+01";"8,19400382035503e+01";"1. Despertados (Efeito Indutor)"
"3204955";"SAO ROQUE DO CANAA";"ES";"Pequeno Porte I";"0,00000000000000e+00";"1,60379580423748e+02";"1. Despertados (Efeito Indutor)"
"3205002";"SERRA";"ES";"Grande Porte";"2,17573404233882e+01";"3,46287637977267e+01";"1. Despertados (Efeito Indutor)"
"3205010";"SOORETAMA";"ES";"Pequeno Porte II";"4,36304151863430e-01";"7,86842988799083e+01";"1. Despertados (Efeito Indutor)"
"3205069";"VENDA NOVA DO IMIGRANTE";"ES";"Pequeno Porte II";"2,00060263303898e+01";"1,33610716720942e+02";"1. Despertados (Efeito Indutor)"
"3205101";"VIANA";"ES";"Médio Porte";"8,69693696734438e+00";"3,47868198930370e+01";"1. Despertados (Efeito Indutor)"
"3205150";"VILA PAVAO";"ES";"Pequeno Porte I";"1,85211087857895e+01";"1,47646967548116e+02";"1. Despertados (Efeito Indutor)"
"3205176";"VILA VALERIO";"ES";"Pequeno Porte I";"1,45840651821895e+01";"1,26652153021479e+02";"1. Despertados (Efeito Indutor)"
"3205200";"VILA VELHA";"ES";"Grande Porte";"1,73615498056511e+01";"4,91794617930895e+00";"4. Efeito Substituição (Retração Local)"
"3205309";"VITORIA";"ES";"Grande Porte";"4,15572685754567e+01";"8,42820802741987e+01";"1. Despertados (Efeito Indutor)"
"3300100";"ANGRA DOS REIS";"RJ";"Grande Porte";"1,12843042023944e+01";"5,45359510347081e+01";"1. Despertados (Efeito Indutor)"
"3300159";"APERIBE";"RJ";"Pequeno Porte I";"1,12384598423112e+01";"1,81828463787661e+02";"1. Despertados (Efeito Indutor)"
"3300209";"ARARUAMA";"RJ";"Grande Porte";"0,00000000000000e+00";"5,27730519422389e-01";"2. Constantes (Sustentabilidade)"
"3300233";"ARMACAO DOS BUZIOS";"RJ";"Pequeno Porte II";"2,56559447387014e+01";"1,62530815529342e+01";"2. Constantes (Sustentabilidade)"
"3300258";"ARRAIAL DO CABO";"RJ";"Pequeno Porte II";"0,00000000000000e+00";"1,39456326155458e+00";"2. Constantes (Sustentabilidade)"
"3300308";"BARRA DO PIRAI";"RJ";"Médio Porte";"3,20178331831703e+01";"9,31643749831172e+01";"1. Despertados (Efeito Indutor)"
"3300407";"BARRA MANSA";"RJ";"Grande Porte";"8,67833127218033e+00";"5,26248995899545e+00";"2. Constantes (Sustentabilidade)"
"3300456";"BELFORD ROXO";"RJ";"Grande Porte";"0,00000000000000e+00";"9,59309213921250e-01";"2. Constantes (Sustentabilidade)"
"3300506";"BOM JARDIM";"RJ";"Pequeno Porte II";"4,59735171940867e-01";"2,12097957425809e+01";"1. Despertados (Efeito Indutor)"
"3300605";"BOM JESUS DO ITABAPOANA";"RJ";"Pequeno Porte II";"1,57207609409674e+01";"4,06324970242053e+01";"1. Despertados (Efeito Indutor)"
"3300704";"CABO FRIO";"RJ";"Grande Porte";"0,00000000000000e+00";"9,03700293573468e+00";"1. Despertados (Efeito Indutor)"
"3300803";"CACHOEIRAS DE MACACU";"RJ";"Médio Porte";"9,90289147570466e+00";"2,46577628898914e-01";"4. Efeito Substituição (Retração Local)"
"3300902";"CAMBUCI";"RJ";"Pequeno Porte I";"0,00000000000000e+00";"7,58544485999556e+00";"1. Despertados (Efeito Indutor)"
"3300936";"CARAPEBUS";"RJ";"Pequeno Porte I";"9,51163547709169e-01";"4,29123294044978e+01";"1. Despertados (Efeito Indutor)"
"3301009";"CAMPOS DOS GOYTACAZES";"RJ";"Grande Porte";"1,02701634714595e+01";"2,12232387728492e+01";"1. Despertados (Efeito Indutor)"
"3301108";"CANTAGALO";"RJ";"Pequeno Porte I";"4,50142564394193e+01";"3,97932452727141e+01";"2. Constantes (Sustentabilidade)"
"3301157";"CARDOSO MOREIRA";"RJ";"Pequeno Porte I";"1,06904471356005e+01";"2,89945593455780e+01";"1. Despertados (Efeito Indutor)"
"3301207";"CARMO";"RJ";"Pequeno Porte I";"8,04696510990247e+01";"1,33030113998918e+02";"1. Despertados (Efeito Indutor)"
"3301405";"CONCEICAO DE MACABU";"RJ";"Pequeno Porte II";"0,00000000000000e+00";"5,08950206154029e+00";"1. Despertados (Efeito Indutor)"
"3301504";"CORDEIRO";"RJ";"Pequeno Porte II";"1,63615895998728e+01";"2,23183256505612e+01";"2. Constantes (Sustentabilidade)"
"3301603";"DUAS BARRAS";"RJ";"Pequeno Porte I";"4,56551859979284e+01";"5,01927279848700e+01";"2. Constantes (Sustentabilidade)"
"3301702";"DUQUE DE CAXIAS";"RJ";"Grande Porte";"9,39776225549138e-01";"7,06319988706016e+00";"1. Despertados (Efeito Indutor)"
"3301801";"ENGENHEIRO PAULO DE FRONTIN";"RJ";"Pequeno Porte I";"1,40793222857685e+01";"1,90362469351984e+00";"4. Efeito Substituição (Retração Local)"
"3301876";"IGUABA GRANDE";"RJ";"Pequeno Porte II";"5,44027364297730e+00";"2,47022464291917e+00";"2. Constantes (Sustentabilidade)"
"3301900";"ITABORAI";"RJ";"Grande Porte";"8,99985564305157e+00";"8,24793851180499e+01";"1. Despertados (Efeito Indutor)"
"3302007";"ITAGUAI";"RJ";"Grande Porte";"4,23149977612863e+01";"9,41444683218114e+01";"1. Despertados (Efeito Indutor)"
"3302056";"ITALVA";"RJ";"Pequeno Porte I";"5,17793318164710e+01";"1,13020003762961e+02";"1. Despertados (Efeito Indutor)"
"3302106";"ITAOCARA";"RJ";"Pequeno Porte II";"1,66386628207086e+01";"5,11990884511760e+01";"1. Despertados (Efeito Indutor)"
"3302205";"ITAPERUNA";"RJ";"Grande Porte";"6,73618933483027e+00";"8,56031769367200e+00";"2. Constantes (Sustentabilidade)"
"3302254";"ITATIAIA";"RJ";"Pequeno Porte II";"2,87884082650628e+01";"7,96538992394830e+01";"1. Despertados (Efeito Indutor)"
"3302270";"JAPERI";"RJ";"Médio Porte";"9,46819419083653e+00";"3,05016451417885e+01";"1. Despertados (Efeito Indutor)"
"3302304";"LAJE DO MURIAE";"RJ";"Pequeno Porte I";"2,45290744753679e+01";"2,50653578233195e+01";"2. Constantes (Sustentabilidade)"
"3302403";"MACAE";"RJ";"Grande Porte";"6,03945697941945e+01";"8,96734972631307e+01";"1. Despertados (Efeito Indutor)"
"3302452";"MACUCO";"RJ";"Pequeno Porte I";"4,12215491461221e+01";"1,37260079296446e+01";"4. Efeito Substituição (Retração Local)"
"3302502";"MAGE";"RJ";"Grande Porte";"1,04959241703634e+01";"1,03571997451297e+02";"1. Despertados (Efeito Indutor)"
"3302601";"MANGARATIBA";"RJ";"Pequeno Porte II";"1,01926593429697e+01";"6,56359150748199e+00";"2. Constantes (Sustentabilidade)"
"3302700";"MARICA";"RJ";"Grande Porte";"0,00000000000000e+00";"1,16913067842002e+02";"1. Despertados (Efeito Indutor)"
"3302809";"MENDES";"RJ";"Pequeno Porte I";"1,03563986781424e+01";"8,66448738973870e-03";"4. Efeito Substituição (Retração Local)"
"3302858";"MESQUITA";"RJ";"Grande Porte";"2,67710088024241e+01";"3,94975660521393e+00";"4. Efeito Substituição (Retração Local)"
"3302908";"MIGUEL PEREIRA";"RJ";"Pequeno Porte II";"1,04005621310430e+01";"5,76204772151549e+01";"1. Despertados (Efeito Indutor)"
"3303005";"MIRACEMA";"RJ";"Pequeno Porte II";"5,03140005758369e+01";"7,10331151287269e+01";"1. Despertados (Efeito Indutor)"
"3303104";"NATIVIDADE";"RJ";"Pequeno Porte I";"7,39823088668221e-02";"4,94684604117682e+00";"2. Constantes (Sustentabilidade)"
"3303203";"NILOPOLIS";"RJ";"Grande Porte";"2,92320700070569e+01";"2,96960724280199e+01";"2. Constantes (Sustentabilidade)"
"3303401";"NOVA FRIBURGO";"RJ";"Grande Porte";"1,33023278712855e+01";"2,03285457562925e+01";"2. Constantes (Sustentabilidade)"
"3303500";"NOVA IGUACU";"RJ";"Grande Porte";"1,10273329850496e+01";"3,19005009477643e+00";"4. Efeito Substituição (Retração Local)"
"3303609";"PARACAMBI";"RJ";"Pequeno Porte II";"2,95243216576960e+01";"6,42525307977618e+01";"1. Despertados (Efeito Indutor)"
"3303708";"PARAIBA DO SUL";"RJ";"Pequeno Porte II";"9,73442093756328e+00";"1,83344412249704e+00";"4. Efeito Substituição (Retração Local)"
"3303807";"PARATY";"RJ";"Pequeno Porte II";"7,35507844463455e+01";"1,75631172947855e+02";"1. Despertados (Efeito Indutor)"
"3303856";"PATY DO ALFERES";"RJ";"Pequeno Porte II";"3,38566237080148e+01";"1,52627537323806e+02";"1. Despertados (Efeito Indutor)"
"3303906";"PETROPOLIS";"RJ";"Grande Porte";"2,42325123657303e+01";"1,69990475914995e+01";"2. Constantes (Sustentabilidade)"
"3303955";"PINHEIRAL";"RJ";"Pequeno Porte II";"1,38649104909730e+01";"4,61387195301359e+01";"1. Despertados (Efeito Indutor)"
"3304102";"PORCIUNCULA";"RJ";"Pequeno Porte I";"6,85454776991788e+01";"9,19429888140965e+01";"1. Despertados (Efeito Indutor)"
"3304110";"PORTO REAL";"RJ";"Pequeno Porte II";"1,18218212624488e+01";"2,63825750989846e+01";"1. Despertados (Efeito Indutor)"
"3304128";"QUATIS";"RJ";"Pequeno Porte I";"3,30999835203522e+01";"6,46924633765166e+01";"1. Despertados (Efeito Indutor)"
"3304144";"QUEIMADOS";"RJ";"Grande Porte";"6,07319770142591e+00";"1,61911507391472e+01";"1. Despertados (Efeito Indutor)"
"3304201";"RESENDE";"RJ";"Grande Porte";"2,64304026828960e+01";"2,89608901386258e+01";"2. Constantes (Sustentabilidade)"
"3304300";"RIO BONITO";"RJ";"Médio Porte";"8,60635963376861e+00";"5,06242910812029e+01";"1. Despertados (Efeito Indutor)"
"3304409";"RIO CLARO";"RJ";"Pequeno Porte I";"1,30916428922575e+02";"1,87805073739309e+02";"1. Despertados (Efeito Indutor)"
"3304508";"RIO DAS FLORES";"RJ";"Pequeno Porte I";"1,57675997692626e+02";"1,96973503910599e+02";"1. Despertados (Efeito Indutor)"
"3304524";"RIO DAS OSTRAS";"RJ";"Grande Porte";"4,37391412975474e+01";"5,36378287299730e+01";"2. Constantes (Sustentabilidade)"
"3304557";"RIO DE JANEIRO";"RJ";"Metrópole";"4,75314784935469e+01";"3,76538375266134e+01";"2. Constantes (Sustentabilidade)"
"3304607";"SANTA MARIA MADALENA";"RJ";"Pequeno Porte I";"8,33351773772702e+00";"9,48787683342352e+00";"2. Constantes (Sustentabilidade)"
"3304706";"SANTO ANTONIO DE PADUA";"RJ";"Pequeno Porte II";"7,60551760069666e+00";"1,90005714319849e+01";"1. Despertados (Efeito Indutor)"
"3304755";"SAO FRANCISCO DE ITABAPOANA";"RJ";"Pequeno Porte II";"1,33486657274311e+00";"2,30675492304413e+00";"2. Constantes (Sustentabilidade)"
"3304805";"SAO FIDELIS";"RJ";"Pequeno Porte II";"3,52338250416352e+01";"5,28069372133824e+01";"1. Despertados (Efeito Indutor)"
"3304904";"SAO GONCALO";"RJ";"Grande Porte";"1,73394627894491e-01";"1,04196537413437e+00";"2. Constantes (Sustentabilidade)"
"3305000";"SAO JOAO DA BARRA";"RJ";"Pequeno Porte II";"1,11879932997874e+01";"6,78675651620379e+01";"1. Despertados (Efeito Indutor)"
"3305109";"SAO JOAO DE MERITI";"RJ";"Grande Porte";"0,00000000000000e+00";"5,83861482624218e-01";"2. Constantes (Sustentabilidade)"
"3305133";"SAO JOSE DE UBA";"RJ";"Pequeno Porte I";"5,76799442579085e+01";"1,10891006855499e+02";"1. Despertados (Efeito Indutor)"
"3305158";"SAO JOSE DO VALE DO RIO PRETO";"RJ";"Pequeno Porte II";"8,36723426480599e+00";"0,00000000000000e+00";"4. Efeito Substituição (Retração Local)"
"3305208";"SAO PEDRO DA ALDEIA";"RJ";"Grande Porte";"2,56134560782393e+01";"3,59473060169429e+01";"1. Despertados (Efeito Indutor)"
"3305307";"SAO SEBASTIAO DO ALTO";"RJ";"Pequeno Porte I";"6,80778113107392e+01";"4,65944604742368e+01";"4. Efeito Substituição (Retração Local)"
"3305505";"SAQUAREMA";"RJ";"Médio Porte";"6,04883244194293e+01";"1,52061213384061e+01";"4. Efeito Substituição (Retração Local)"
"3305554";"SEROPEDICA";"RJ";"Médio Porte";"3,12724587499827e+01";"4,11250714079829e+01";"2. Constantes (Sustentabilidade)"
"3305604";"SILVA JARDIM";"RJ";"Pequeno Porte II";"6,94512510992560e+00";"1,55000326313049e+01";"1. Despertados (Efeito Indutor)"
"3305703";"SUMIDOURO";"RJ";"Pequeno Porte I";"8,21779384423027e-02";"4,09462323496543e+00";"2. Constantes (Sustentabilidade)"
"3305752";"TANGUA";"RJ";"Pequeno Porte II";"1,43901321412607e+01";"2,04914728740445e+01";"2. Constantes (Sustentabilidade)"
"3305802";"TERESOPOLIS";"RJ";"Grande Porte";"2,40081611546061e+01";"1,48101758452609e+01";"2. Constantes (Sustentabilidade)"
"3305901";"TRAJANO DE MORAES";"RJ";"Pequeno Porte I";"5,87419598740241e+01";"6,31821826314082e+01";"2. Constantes (Sustentabilidade)"
"3306008";"TRES RIOS";"RJ";"Médio Porte";"2,40006581695600e+01";"2,71422669951242e+00";"4. Efeito Substituição (Retração Local)"
"3306107";"VALENCA";"RJ";"Médio Porte";"1,46503848017492e+01";"0,00000000000000e+00";"4. Efeito Substituição (Retração Local)"
"3306156";"VARRE-SAI";"RJ";"Pequeno Porte I";"1,79199030177356e+01";"1,69698534307818e+01";"2. Constantes (Sustentabilidade)"
"3306206";"VASSOURAS";"RJ";"Pequeno Porte II";"6,60738937506772e+01";"1,23877494882623e+02";"1. Despertados (Efeito Indutor)"
"3306305";"VOLTA REDONDA";"RJ";"Grande Porte";"0,00000000000000e+00";"1,13611736578106e+01";"1. Despertados (Efeito Indutor)"
"3500105";"ADAMANTINA";"SP";"Pequeno Porte II";"5,33318967463145e+01";"7,23950255077789e+01";"1. Despertados (Efeito Indutor)"
"3500204";"ADOLFO";"SP";"Pequeno Porte I";"9,47177366271904e+00";"1,77972337669604e+01";"1. Despertados (Efeito Indutor)"
"3500303";"AGUAI";"SP";"Pequeno Porte II";"3,83421089536290e+01";"7,64179298031928e+01";"1. Despertados (Efeito Indutor)"
"3500402";"AGUAS DA PRATA";"SP";"Pequeno Porte I";"3,55373475871191e+00";"9,03421981187111e+00";"2. Constantes (Sustentabilidade)"
"3500501";"AGUAS DE LINDOIA";"SP";"Pequeno Porte I";"5,97696186571988e+00";"1,24888357593300e+01";"1. Despertados (Efeito Indutor)"
"3500550";"AGUAS DE SANTA BARBARA";"SP";"Pequeno Porte I";"5,40036692289909e+00";"5,18857293088748e+00";"2. Constantes (Sustentabilidade)"
"3500600";"AGUAS DE SAO PEDRO";"SP";"Pequeno Porte I";"0,00000000000000e+00";"2,67749911873233e+01";"1. Despertados (Efeito Indutor)"
"3500709";"AGUDOS";"SP";"Pequeno Porte II";"2,57709202210205e+01";"3,75496821361136e+01";"1. Despertados (Efeito Indutor)"
"3500808";"ALFREDO MARCONDES";"SP";"Pequeno Porte I";"0,00000000000000e+00";"8,66429265262992e+00";"1. Despertados (Efeito Indutor)"
"3500907";"ALTAIR";"SP";"Pequeno Porte I";"3,63797220641534e+01";"3,55507577026213e+01";"2. Constantes (Sustentabilidade)"
"3501004";"ALTINOPOLIS";"SP";"Pequeno Porte I";"4,12779543531205e+00";"0,00000000000000e+00";"2. Constantes (Sustentabilidade)"
"3501103";"ALTO ALEGRE";"SP";"Pequeno Porte I";"1,53842625713396e+01";"4,40528373496701e+01";"1. Despertados (Efeito Indutor)"
"3501152";"ALUMINIO";"SP";"Pequeno Porte I";"8,64581662539735e+01";"1,08939279629330e+02";"1. Despertados (Efeito Indutor)"
"3501202";"ALVARES FLORENCE";"SP";"Pequeno Porte I";"2,58759155402603e-01";"2,96285395973497e+01";"1. Despertados (Efeito Indutor)"
"3501301";"ALVARES MACHADO";"SP";"Pequeno Porte II";"1,28929064818241e+01";"1,55976518256980e+01";"2. Constantes (Sustentabilidade)"
"3501509";"ALVINLANDIA";"SP";"Pequeno Porte I";"0,00000000000000e+00";"3,78935466597236e+01";"1. Despertados (Efeito Indutor)"
"3501608";"AMERICANA";"SP";"Grande Porte";"6,26795891916384e+01";"4,45064231553695e+01";"4. Efeito Substituição (Retração Local)"
"3501707";"AMERICO BRASILIENSE";"SP";"Pequeno Porte II";"1,74771349528202e+01";"1,96053646954629e+01";"2. Constantes (Sustentabilidade)"
"3501806";"AMERICO DE CAMPOS";"SP";"Pequeno Porte I";"1,27339897557648e+02";"9,59666315200790e+01";"4. Efeito Substituição (Retração Local)"
"3502002";"ANALANDIA";"SP";"Pequeno Porte I";"1,31831319958562e+00";"4,95412748258406e+01";"1. Despertados (Efeito Indutor)"
"3502101";"ANDRADINA";"SP";"Médio Porte";"1,60053096512260e+01";"2,50915726775731e+01";"1. Despertados (Efeito Indutor)"
"3502309";"ANHEMBI";"SP";"Pequeno Porte I";"1,43448555079059e+01";"2,19857770337911e+01";"2. Constantes (Sustentabilidade)"
"3502507";"APARECIDA";"SP";"Pequeno Porte II";"2,05344260374145e+01";"3,84462903681134e+01";"1. Despertados (Efeito Indutor)"
"3502606";"APARECIDA D'OESTE";"SP";"Pequeno Porte I";"2,37562889861462e+01";"1,49106443497248e+02";"1. Despertados (Efeito Indutor)"
"3502705";"APIAI";"SP";"Pequeno Porte II";"4,02178446289734e+01";"5,90349460892503e+01";"1. Despertados (Efeito Indutor)"
"3502754";"ARACARIGUAMA";"SP";"Pequeno Porte II";"4,67281604364235e+01";"1,14114456763465e+02";"1. Despertados (Efeito Indutor)"
"3502804";"ARACATUBA";"SP";"Grande Porte";"2,94293506213055e+01";"5,97074178038812e+01";"1. Despertados (Efeito Indutor)"
"3502903";"ARACOIABA DA SERRA";"SP";"Pequeno Porte II";"5,78236669359811e+01";"1,00413337320847e+02";"1. Despertados (Efeito Indutor)"
"3503000";"ARAMINA";"SP";"Pequeno Porte I";"3,88611623235116e+01";"1,56591840733629e+02";"1. Despertados (Efeito Indutor)"
"3503109";"ARANDU";"SP";"Pequeno Porte I";"4,09754683375359e+01";"1,06761777546172e+02";"1. Despertados (Efeito Indutor)"
"3503208";"ARARAQUARA";"SP";"Grande Porte";"4,44681147707301e+01";"6,23071211058743e+01";"1. Despertados (Efeito Indutor)"
"3503307";"ARARAS";"SP";"Grande Porte";"2,48903904368372e+01";"2,31001057444779e+01";"2. Constantes (Sustentabilidade)"
"3503406";"AREALVA";"SP";"Pequeno Porte I";"2,66575753520173e+01";"1,22981920445061e+01";"4. Efeito Substituição (Retração Local)"
"3503505";"AREIAS";"SP";"Pequeno Porte I";"4,69890184375469e+01";"1,30191192806447e+02";"1. Despertados (Efeito Indutor)"
"3503604";"AREIOPOLIS";"SP";"Pequeno Porte I";"1,75469337636694e+01";"8,13222731124691e+00";"4. Efeito Substituição (Retração Local)"
"3503802";"ARTUR NOGUEIRA";"SP";"Médio Porte";"5,99883148368796e+01";"1,40270213958468e+02";"1. Despertados (Efeito Indutor)"
"3503901";"ARUJA";"SP";"Médio Porte";"1,44368807393552e+01";"1,83255833755590e+01";"2. Constantes (Sustentabilidade)"
"3503950";"ASPASIA";"SP";"Pequeno Porte I";"1,77311766924497e+00";"1,92126033093436e+01";"1. Despertados (Efeito Indutor)"
"3504008";"ASSIS";"SP";"Grande Porte";"3,95895748841937e+01";"6,47287710848545e+01";"1. Despertados (Efeito Indutor)"
"3504107";"ATIBAIA";"SP";"Grande Porte";"7,19231415657859e+01";"7,74662547631609e+01";"2. Constantes (Sustentabilidade)"
"3504206";"AURIFLAMA";"SP";"Pequeno Porte I";"3,15054563069472e+00";"1,80306148123847e+02";"1. Despertados (Efeito Indutor)"
"3504305";"AVAI";"SP";"Pequeno Porte I";"2,11629202121394e+01";"5,61180784457940e+01";"1. Despertados (Efeito Indutor)"
"3504404";"AVANHANDAVA";"SP";"Pequeno Porte I";"1,96675197307660e+02";"5,92394910710831e+01";"4. Efeito Substituição (Retração Local)"
"3504503";"AVARE";"SP";"Médio Porte";"2,71567235460701e+01";"7,54135786992881e+01";"1. Despertados (Efeito Indutor)"
"3504602";"BADY BASSITT";"SP";"Pequeno Porte II";"1,53240580246118e+01";"2,46469808743418e+01";"1. Despertados (Efeito Indutor)"
"3504701";"BALBINOS";"SP";"Pequeno Porte I";"3,48534539337697e+01";"4,42785347770148e+01";"2. Constantes (Sustentabilidade)"
"3504800";"BALSAMO";"SP";"Pequeno Porte I";"2,05414338617075e+01";"9,33182805818739e+01";"1. Despertados (Efeito Indutor)"
"3505104";"BARBOSA";"SP";"Pequeno Porte I";"7,31306124700523e+00";"7,78506513844220e+00";"2. Constantes (Sustentabilidade)"
"3505203";"BARIRI";"SP";"Pequeno Porte II";"2,45337853442535e+01";"6,87891824106137e+01";"1. Despertados (Efeito Indutor)"
"3505302";"BARRA BONITA";"SP";"Pequeno Porte II";"3,85018877697216e+01";"6,64376586628488e+01";"1. Despertados (Efeito Indutor)"
"3505351";"BARRA DO CHAPEU";"SP";"Pequeno Porte I";"1,64080561158163e+01";"8,71519166481217e+01";"1. Despertados (Efeito Indutor)"
"3505401";"BARRA DO TURVO";"SP";"Pequeno Porte I";"1,22953088186949e+01";"1,87324927486644e+02";"1. Despertados (Efeito Indutor)"
"3505500";"BARRETOS";"SP";"Grande Porte";"5,60234444656393e+01";"7,14916219042321e+01";"2. Constantes (Sustentabilidade)"
"3505609";"BARRINHA";"SP";"Pequeno Porte II";"2,34889166012565e+00";"9,73141354775473e+00";"1. Despertados (Efeito Indutor)"
"3505807";"BASTOS";"SP";"Pequeno Porte II";"2,35330309927681e+01";"6,16431222357823e+01";"1. Despertados (Efeito Indutor)"
"3505906";"BATATAIS";"SP";"Médio Porte";"3,58543426506746e+01";"8,18441013685393e+01";"1. Despertados (Efeito Indutor)"
"3506003";"BAURU";"SP";"Grande Porte";"4,69979354446928e+01";"6,70033566713990e+01";"1. Despertados (Efeito Indutor)"
"3506102";"BEBEDOURO";"SP";"Médio Porte";"1,82309112268890e+01";"1,67563869842582e+01";"2. Constantes (Sustentabilidade)"
"3506201";"BENTO DE ABREU";"SP";"Pequeno Porte I";"1,10539319782728e+01";"1,08086011151503e+01";"2. Constantes (Sustentabilidade)"
"3506300";"BERNARDINO DE CAMPOS";"SP";"Pequeno Porte I";"3,38275316571440e+01";"6,84720143573937e+01";"1. Despertados (Efeito Indutor)"
"3506359";"BERTIOGA";"SP";"Médio Porte";"3,47692503693978e+01";"5,91974043315223e+01";"1. Despertados (Efeito Indutor)"
"3506409";"BILAC";"SP";"Pequeno Porte I";"6,72156706098998e+00";"1,08304805648653e+01";"2. Constantes (Sustentabilidade)"
"3506508";"BIRIGUI";"SP";"Grande Porte";"7,26610639391240e+01";"2,75889751485745e+01";"4. Efeito Substituição (Retração Local)"
"3506607";"BIRITIBA MIRIM";"SP";"Pequeno Porte II";"2,09467576667013e+01";"5,91238587443990e+01";"1. Despertados (Efeito Indutor)"
"3506805";"BOCAINA";"SP";"Pequeno Porte I";"7,18795234145868e+01";"1,27814564470851e+02";"1. Despertados (Efeito Indutor)"
"3506904";"BOFETE";"SP";"Pequeno Porte I";"1,82651748254676e+01";"1,43358705790340e+02";"1. Despertados (Efeito Indutor)"
"3507001";"BOITUVA";"SP";"Médio Porte";"5,12636560338755e+01";"7,91983589302180e+01";"1. Despertados (Efeito Indutor)"
"3507100";"BOM JESUS DOS PERDOES";"SP";"Pequeno Porte II";"6,47788763806906e+01";"1,29561798343910e+02";"1. Despertados (Efeito Indutor)"
"3507159";"BOM SUCESSO DE ITARARE";"SP";"Pequeno Porte I";"3,31963056611733e+01";"1,34282368960963e+02";"1. Despertados (Efeito Indutor)"
"3507209";"BORA";"SP";"Pequeno Porte I";"0,00000000000000e+00";"2,82858503426125e+01";"1. Despertados (Efeito Indutor)"
"3507407";"BORBOREMA";"SP";"Pequeno Porte I";"2,52049785013664e+01";"9,34518934626407e+01";"1. Despertados (Efeito Indutor)"
"3507506";"BOTUCATU";"SP";"Grande Porte";"3,80471814185674e+01";"4,72690217791419e+01";"2. Constantes (Sustentabilidade)"
"3507605";"BRAGANCA PAULISTA";"SP";"Grande Porte";"7,97569483027628e+01";"1,22169219277652e+02";"1. Despertados (Efeito Indutor)"
"3507803";"BRODOWSKI";"SP";"Pequeno Porte II";"2,99445063471166e+01";"2,97998442442472e+01";"2. Constantes (Sustentabilidade)"
"3507902";"BROTAS";"SP";"Pequeno Porte II";"5,99865091220251e+01";"1,03018461755007e+02";"1. Despertados (Efeito Indutor)"
"3508009";"BURI";"SP";"Pequeno Porte II";"5,06387507150042e+01";"7,98013626120776e+01";"1. Despertados (Efeito Indutor)"
"3508306";"CABRALIA PAULISTA";"SP";"Pequeno Porte I";"2,11085304290216e+01";"5,22917595368419e+01";"1. Despertados (Efeito Indutor)"
"3508405";"CABREUVA";"SP";"Pequeno Porte II";"5,15861617816170e+01";"1,33373340597914e+02";"1. Despertados (Efeito Indutor)"
"3508504";"CACAPAVA";"SP";"Médio Porte";"2,95179949362928e+01";"9,34191975688589e+01";"1. Despertados (Efeito Indutor)"
"3508603";"CACHOEIRA PAULISTA";"SP";"Pequeno Porte II";"3,00023621089186e+01";"4,66838121201750e+01";"1. Despertados (Efeito Indutor)"
"3508702";"CACONDE";"SP";"Pequeno Porte I";"2,05493069348865e+01";"1,94783923165745e+01";"2. Constantes (Sustentabilidade)"
"3508801";"CAFELANDIA";"SP";"Pequeno Porte I";"4,58150585422524e+01";"1,64166529464085e+02";"1. Despertados (Efeito Indutor)"
"3509007";"CAIEIRAS";"SP";"Médio Porte";"6,18102720154347e+01";"1,49491720421539e+01";"4. Efeito Substituição (Retração Local)"
"3509106";"CAIUA";"SP";"Pequeno Porte I";"5,76880021724887e+01";"9,16909962838445e+00";"4. Efeito Substituição (Retração Local)"
"3509205";"CAJAMAR";"SP";"Médio Porte";"8,69130079190927e+00";"5,79110178390703e+00";"2. Constantes (Sustentabilidade)"
"3509304";"CAJOBI";"SP";"Pequeno Porte I";"8,85326419473856e+00";"0,00000000000000e+00";"4. Efeito Substituição (Retração Local)"
"3509403";"CAJURU";"SP";"Pequeno Porte II";"2,88566463504811e+01";"1,05520272385821e+02";"1. Despertados (Efeito Indutor)"
"3509452";"CAMPINA DO MONTE ALEGRE";"SP";"Pequeno Porte I";"1,22152751266330e+01";"2,46588761809308e+01";"1. Despertados (Efeito Indutor)"
"3509502";"CAMPINAS";"SP";"Metrópole";"5,79655979166485e+01";"7,54574045351578e+01";"1. Despertados (Efeito Indutor)"
"3509601";"CAMPO LIMPO PAULISTA";"SP";"Médio Porte";"1,65967003139335e+01";"7,68895528723171e+01";"1. Despertados (Efeito Indutor)"
"3509700";"CAMPOS DO JORDAO";"SP";"Pequeno Porte II";"4,46376904932302e+01";"5,12977265217260e+01";"2. Constantes (Sustentabilidade)"
"3509908";"CANANEIA";"SP";"Pequeno Porte I";"5,86540139553707e+01";"1,24805575123437e+02";"1. Despertados (Efeito Indutor)"
"3509957";"CANAS";"SP";"Pequeno Porte I";"9,96524859367837e+01";"1,87325278729697e+02";"1. Despertados (Efeito Indutor)"
"3510005";"CANDIDO MOTA";"SP";"Pequeno Porte II";"2,37553047332801e+01";"8,68963919320871e+01";"1. Despertados (Efeito Indutor)"
"3510153";"CANITAR";"SP";"Pequeno Porte I";"2,99995826460082e+01";"1,44507008847847e+02";"1. Despertados (Efeito Indutor)"
"3510203";"CAPAO BONITO";"SP";"Pequeno Porte II";"2,11665090892929e+01";"5,19061304341542e+01";"1. Despertados (Efeito Indutor)"
"3510302";"CAPELA DO ALTO";"SP";"Pequeno Porte II";"3,73593080874897e+01";"7,62171933081431e+01";"1. Despertados (Efeito Indutor)"
"3510401";"CAPIVARI";"SP";"Médio Porte";"0,00000000000000e+00";"6,31815163056529e+01";"1. Despertados (Efeito Indutor)"
"3510500";"CARAGUATATUBA";"SP";"Grande Porte";"0,00000000000000e+00";"1,10202015439885e+02";"1. Despertados (Efeito Indutor)"
"3510609";"CARAPICUIBA";"SP";"Grande Porte";"0,00000000000000e+00";"5,97303381542469e+00";"1. Despertados (Efeito Indutor)"
"3510708";"CARDOSO";"SP";"Pequeno Porte I";"7,96956795188031e+01";"4,24544004842565e+01";"4. Efeito Substituição (Retração Local)"
"3510807";"CASA BRANCA";"SP";"Pequeno Porte II";"0,00000000000000e+00";"4,57408090624594e+01";"1. Despertados (Efeito Indutor)"
"3511003";"CASTILHO";"SP";"Pequeno Porte I";"3,64431164373378e+01";"4,07543872930223e+01";"2. Constantes (Sustentabilidade)"
"3511102";"CATANDUVA";"SP";"Grande Porte";"1,31323746532651e+01";"2,60636619260203e+01";"1. Despertados (Efeito Indutor)"
"3511201";"CATIGUA";"SP";"Pequeno Porte I";"5,12860283752177e+00";"6,16752431679539e+01";"1. Despertados (Efeito Indutor)"
"3511300";"CEDRAL";"SP";"Pequeno Porte I";"4,31844910736632e+01";"1,22213909527254e+02";"1. Despertados (Efeito Indutor)"
"3511508";"CERQUILHO";"SP";"Pequeno Porte II";"8,32019605293952e+01";"2,73456803058537e+01";"4. Efeito Substituição (Retração Local)"
"3511607";"CESARIO LANGE";"SP";"Pequeno Porte I";"3,92664677241847e+01";"5,36602301447871e+01";"1. Despertados (Efeito Indutor)"
"3511706";"CHARQUEADA";"SP";"Pequeno Porte I";"8,36394850996470e+00";"6,60549428621597e+01";"1. Despertados (Efeito Indutor)"
"3511904";"CLEMENTINA";"SP";"Pequeno Porte I";"2,38773839985372e+01";"5,04127805282573e+01";"1. Despertados (Efeito Indutor)"
"3512001";"COLINA";"SP";"Pequeno Porte I";"1,69385726841178e+02";"8,88470492416891e+01";"4. Efeito Substituição (Retração Local)"
"3512209";"CONCHAL";"SP";"Pequeno Porte II";"1,78294398037151e+01";"4,66129110943069e+01";"1. Despertados (Efeito Indutor)"
"3512308";"CONCHAS";"SP";"Pequeno Porte I";"2,69061348350441e+01";"4,39672139181099e+01";"1. Despertados (Efeito Indutor)"
"3512506";"COROADOS";"SP";"Pequeno Porte I";"3,12651530280263e+01";"3,69742988569985e+01";"2. Constantes (Sustentabilidade)"
"3512704";"CORUMBATAI";"SP";"Pequeno Porte I";"1,76777291756467e+01";"3,77891463591622e+01";"1. Despertados (Efeito Indutor)"
"3512803";"COSMOPOLIS";"SP";"Médio Porte";"2,75020522522963e+01";"3,76575671685545e+01";"2. Constantes (Sustentabilidade)"
"3512902";"COSMORAMA";"SP";"Pequeno Porte I";"2,83779463843742e+01";"8,48920125515655e+01";"1. Despertados (Efeito Indutor)"
"3513009";"COTIA";"SP";"Grande Porte";"1,04966184455029e+01";"6,33086252165397e+01";"1. Despertados (Efeito Indutor)"
"3513108";"CRAVINHOS";"SP";"Pequeno Porte II";"9,08434702348458e+01";"1,58692884425407e+02";"1. Despertados (Efeito Indutor)"
"3513207";"CRISTAIS PAULISTA";"SP";"Pequeno Porte I";"2,55704375226900e+01";"5,25171830801136e+01";"1. Despertados (Efeito Indutor)"
"3513405";"CRUZEIRO";"SP";"Médio Porte";"1,37083346257896e+01";"5,37851888846916e+01";"1. Despertados (Efeito Indutor)"
"3513504";"CUBATAO";"SP";"Grande Porte";"7,21071496356351e+01";"1,92924638484623e+02";"1. Despertados (Efeito Indutor)"
"3513603";"CUNHA";"SP";"Pequeno Porte II";"1,37589458520539e+00";"1,33113085607046e+01";"1. Despertados (Efeito Indutor)"
"3513702";"DESCALVADO";"SP";"Pequeno Porte II";"5,58120122893307e+01";"1,10644774431419e+02";"1. Despertados (Efeito Indutor)"
"3513801";"DIADEMA";"SP";"Grande Porte";"3,92786416723936e+01";"5,93795595753589e+01";"1. Despertados (Efeito Indutor)"
"3513850";"DIRCE REIS";"SP";"Pequeno Porte I";"3,97113326183848e+01";"1,12374186989840e+01";"4. Efeito Substituição (Retração Local)"
"3513900";"DIVINOLANDIA";"SP";"Pequeno Porte I";"1,51037935281101e+00";"6,14898399473766e+01";"1. Despertados (Efeito Indutor)"
"3514007";"DOBRADA";"SP";"Pequeno Porte I";"1,91801425800915e+01";"9,90059409881542e+01";"1. Despertados (Efeito Indutor)"
"3514205";"DOLCINOPOLIS";"SP";"Pequeno Porte I";"1,16751219358441e+00";"5,66379700951518e-01";"2. Constantes (Sustentabilidade)"
"3514304";"DOURADO";"SP";"Pequeno Porte I";"6,69245211189724e+01";"1,04225849364915e+02";"1. Despertados (Efeito Indutor)"
"3514403";"DRACENA";"SP";"Pequeno Porte II";"1,53747962326707e+01";"8,00139154171579e+01";"1. Despertados (Efeito Indutor)"
"3514502";"DUARTINA";"SP";"Pequeno Porte I";"1,91398930179448e+01";"1,94638902339270e+01";"2. Constantes (Sustentabilidade)"
"3514601";"DUMONT";"SP";"Pequeno Porte I";"5,25764280818247e+01";"1,04145771399440e+02";"1. Despertados (Efeito Indutor)"
"3514700";"ECHAPORA";"SP";"Pequeno Porte I";"4,13279894908223e+01";"1,72367436914487e+02";"1. Despertados (Efeito Indutor)"
"3514809";"ELDORADO";"SP";"Pequeno Porte I";"2,12715707451864e+01";"3,58210556482383e+01";"1. Despertados (Efeito Indutor)"
"3514908";"ELIAS FAUSTO";"SP";"Pequeno Porte I";"2,91531655426347e+01";"6,00752043730191e+01";"1. Despertados (Efeito Indutor)"
"3515004";"EMBU DAS ARTES";"SP";"Grande Porte";"2,56888422188706e+01";"3,43724941954251e+01";"2. Constantes (Sustentabilidade)"
"3515103";"EMBU-GUACU";"SP";"Médio Porte";"1,66336752675423e+01";"2,51910632763795e+01";"1. Despertados (Efeito Indutor)"
"3515129";"EMILIANOPOLIS";"SP";"Pequeno Porte I";"3,43939431802177e+01";"5,17124181833394e+01";"1. Despertados (Efeito Indutor)"
"3515152";"ENGENHEIRO COELHO";"SP";"Pequeno Porte I";"1,51850653203959e+01";"6,31286452734306e+01";"1. Despertados (Efeito Indutor)"
"3515186";"ESPIRITO SANTO DO PINHAL";"SP";"Pequeno Porte II";"5,59662553423905e+01";"5,37184007686112e+01";"2. Constantes (Sustentabilidade)"
"3515301";"ESTRELA DO NORTE";"SP";"Pequeno Porte I";"0,00000000000000e+00";"2,35484626694315e+01";"1. Despertados (Efeito Indutor)"
"3515350";"EUCLIDES DA CUNHA PAULISTA";"SP";"Pequeno Porte I";"0,00000000000000e+00";"1,08208978566237e+01";"1. Despertados (Efeito Indutor)"
"3515400";"FARTURA";"SP";"Pequeno Porte I";"3,09851909705862e+01";"6,63579956255301e+01";"1. Despertados (Efeito Indutor)"
"3515509";"FERNANDOPOLIS";"SP";"Médio Porte";"2,93264616123040e+01";"1,49434149286854e+01";"4. Efeito Substituição (Retração Local)"
"3515608";"FERNANDO PRESTES";"SP";"Pequeno Porte I";"1,33720900292572e+01";"1,30726129802670e+02";"1. Despertados (Efeito Indutor)"
"3515707";"FERRAZ DE VASCONCELOS";"SP";"Grande Porte";"1,30229324680571e+01";"4,23302742129898e+01";"1. Despertados (Efeito Indutor)"
"3515806";"FLORA RICA";"SP";"Pequeno Porte I";"5,54635701637066e+00";"8,82220843736227e+01";"1. Despertados (Efeito Indutor)"
"3516002";"FLORIDA PAULISTA";"SP";"Pequeno Porte I";"3,19988196460087e+01";"9,59891855740170e+01";"1. Despertados (Efeito Indutor)"
"3516200";"FRANCA";"SP";"Grande Porte";"4,00907743434853e+01";"3,13556841468754e+01";"2. Constantes (Sustentabilidade)"
"3516309";"FRANCISCO MORATO";"SP";"Grande Porte";"1,91276083881423e+01";"3,06442011314155e+01";"1. Despertados (Efeito Indutor)"
"3516408";"FRANCO DA ROCHA";"SP";"Grande Porte";"5,06896949997911e+01";"5,00079819700791e+01";"2. Constantes (Sustentabilidade)"
"3516507";"GABRIEL MONTEIRO";"SP";"Pequeno Porte I";"2,42178720861624e+00";"0,00000000000000e+00";"2. Constantes (Sustentabilidade)"
"3516606";"GALIA";"SP";"Pequeno Porte I";"3,69023742447091e+01";"1,17860947232169e+02";"1. Despertados (Efeito Indutor)"
"3516705";"GARCA";"SP";"Pequeno Porte II";"5,48376261447578e+01";"4,57349460259394e+01";"2. Constantes (Sustentabilidade)"
"3516903";"GENERAL SALGADO";"SP";"Pequeno Porte I";"5,36180291389233e+01";"1,62092262691883e+02";"1. Despertados (Efeito Indutor)"
"3517000";"GETULINA";"SP";"Pequeno Porte I";"2,19210734541756e+01";"1,24769509492148e+02";"1. Despertados (Efeito Indutor)"
"3517208";"GUAICARA";"SP";"Pequeno Porte I";"2,71248143658980e+01";"2,62241515925103e+01";"2. Constantes (Sustentabilidade)"
"3517307";"GUAIMBE";"SP";"Pequeno Porte I";"7,06749931020378e+01";"1,93633152742261e+02";"1. Despertados (Efeito Indutor)"
"3517406";"GUAIRA";"SP";"Pequeno Porte II";"3,10108953376062e+01";"8,39394223553098e+01";"1. Despertados (Efeito Indutor)"
"3517505";"GUAPIACU";"SP";"Pequeno Porte II";"2,81639986467597e+01";"2,39858676249947e+01";"2. Constantes (Sustentabilidade)"
"3517604";"GUAPIARA";"SP";"Pequeno Porte I";"5,68639414129884e-01";"7,95059246753442e+01";"1. Despertados (Efeito Indutor)"
"3517703";"GUARA";"SP";"Pequeno Porte I";"1,54932910867732e+01";"1,88230727262432e+01";"2. Constantes (Sustentabilidade)"
"3517802";"GUARACAI";"SP";"Pequeno Porte I";"5,83070739283744e+00";"1,22073606090595e+02";"1. Despertados (Efeito Indutor)"
"3517901";"GUARACI";"SP";"Pequeno Porte I";"0,00000000000000e+00";"6,11006956521739e+00";"1. Despertados (Efeito Indutor)"
"3518206";"GUARARAPES";"SP";"Pequeno Porte II";"3,62965660025454e+01";"1,02412239780405e+02";"1. Despertados (Efeito Indutor)"
"3518404";"GUARATINGUETA";"SP";"Grande Porte";"2,79078243966074e+01";"3,00075093274901e+01";"2. Constantes (Sustentabilidade)"
"3518503";"GUAREI";"SP";"Pequeno Porte I";"6,21754666796929e+00";"3,63259804007589e+01";"1. Despertados (Efeito Indutor)"
"3518602";"GUARIBA";"SP";"Pequeno Porte II";"3,99407306581172e+01";"6,68936265203509e+01";"1. Despertados (Efeito Indutor)"
"3518701";"GUARUJA";"SP";"Grande Porte";"3,58567153854985e+01";"4,70296921687949e+01";"2. Constantes (Sustentabilidade)"
"3518800";"GUARULHOS";"SP";"Metrópole";"2,62087730567377e+01";"1,31782259394273e+00";"4. Efeito Substituição (Retração Local)"
"3518859";"GUATAPARA";"SP";"Pequeno Porte I";"5,09076879460829e+01";"4,34117256164054e+01";"2. Constantes (Sustentabilidade)"
"3518909";"GUZOLANDIA";"SP";"Pequeno Porte I";"6,10513787808871e-01";"7,66896805019529e+01";"1. Despertados (Efeito Indutor)"
"3519006";"HERCULANDIA";"SP";"Pequeno Porte I";"1,42714852257259e+00";"4,58656400269474e+01";"1. Despertados (Efeito Indutor)"
"3519071";"HORTOLANDIA";"SP";"Grande Porte";"4,23502385536593e+01";"8,53681773359576e+01";"1. Despertados (Efeito Indutor)"
"3519253";"IARAS";"SP";"Pequeno Porte I";"4,45165527255868e-01";"6,45390774385102e+01";"1. Despertados (Efeito Indutor)"
"3519303";"IBATE";"SP";"Pequeno Porte II";"2,52803385507088e+01";"8,84175403910282e+01";"1. Despertados (Efeito Indutor)"
"3519402";"IBIRA";"SP";"Pequeno Porte I";"4,73476338003775e+01";"9,19665115239615e+01";"1. Despertados (Efeito Indutor)"
"3519600";"IBITINGA";"SP";"Médio Porte";"2,53056228256635e+01";"4,37969058310823e+01";"1. Despertados (Efeito Indutor)"
"3519709";"IBIUNA";"SP";"Médio Porte";"1,25860419803171e+01";"2,57918681610603e+01";"1. Despertados (Efeito Indutor)"
"3520004";"IGARACU DO TIETE";"SP";"Pequeno Porte II";"5,60015190689335e+00";"9,65561190517211e+00";"2. Constantes (Sustentabilidade)"
"3520103";"IGARAPAVA";"SP";"Pequeno Porte II";"3,06922753379162e+01";"6,30346456836032e+01";"1. Despertados (Efeito Indutor)"
"3520202";"IGARATA";"SP";"Pequeno Porte I";"9,92368687349188e+01";"8,28018289913553e+01";"2. Constantes (Sustentabilidade)"
"3520426";"ILHA COMPRIDA";"SP";"Pequeno Porte I";"8,70663442233963e+01";"2,42409903846607e+01";"4. Efeito Substituição (Retração Local)"
"3520442";"ILHA SOLTEIRA";"SP";"Pequeno Porte II";"5,38601505238615e+01";"4,64466500797301e+01";"2. Constantes (Sustentabilidade)"
"3520509";"INDAIATUBA";"SP";"Grande Porte";"5,78204544183095e+01";"1,20165750885998e+02";"1. Despertados (Efeito Indutor)"
"3520608";"INDIANA";"SP";"Pequeno Porte I";"0,00000000000000e+00";"1,00046516896356e+02";"1. Despertados (Efeito Indutor)"
"3520905";"IPAUSSU";"SP";"Pequeno Porte I";"2,91589033619780e+01";"4,91757879745293e+01";"1. Despertados (Efeito Indutor)"
"3521002";"IPERO";"SP";"Pequeno Porte II";"2,93894966349562e+01";"1,47928921609805e+02";"1. Despertados (Efeito Indutor)"
"3521101";"IPEUNA";"SP";"Pequeno Porte I";"3,21967060929846e+01";"1,54632796910101e+02";"1. Despertados (Efeito Indutor)"
"3521309";"IPUA";"SP";"Pequeno Porte I";"1,25736355193927e+01";"1,89049491345637e+02";"1. Despertados (Efeito Indutor)"
"3521408";"IRACEMAPOLIS";"SP";"Pequeno Porte II";"2,75985394302398e+01";"6,19578270489285e+01";"1. Despertados (Efeito Indutor)"
"3521705";"ITABERA";"SP";"Pequeno Porte I";"2,08751884913819e+01";"7,26682865070079e+01";"1. Despertados (Efeito Indutor)"
"3521804";"ITAI";"SP";"Pequeno Porte II";"1,60002806961264e+01";"1,25523711818266e+02";"1. Despertados (Efeito Indutor)"
"3521903";"ITAJOBI";"SP";"Pequeno Porte I";"7,60461345687342e-03";"2,54109383319799e-01";"2. Constantes (Sustentabilidade)"
"3522000";"ITAJU";"SP";"Pequeno Porte I";"2,54376769089092e+01";"5,39266314497697e+01";"1. Despertados (Efeito Indutor)"
"3522109";"ITANHAEM";"SP";"Grande Porte";"2,31670953489344e+01";"2,33352915842137e+01";"2. Constantes (Sustentabilidade)"
"3522158";"ITAOCA";"SP";"Pequeno Porte I";"2,73320500637682e+01";"7,96028595811824e+01";"1. Despertados (Efeito Indutor)"
"3522208";"ITAPECERICA DA SERRA";"SP";"Grande Porte";"3,55435760979174e+01";"4,78599884898542e+01";"1. Despertados (Efeito Indutor)"
"3522307";"ITAPETININGA";"SP";"Grande Porte";"3,15858273756904e+01";"3,28537913456367e+01";"2. Constantes (Sustentabilidade)"
"3522406";"ITAPEVA";"SP";"Médio Porte";"2,34604831672788e+01";"4,86495005017235e+01";"1. Despertados (Efeito Indutor)"
"3522505";"ITAPEVI";"SP";"Grande Porte";"3,52782578809813e+01";"6,13773471238692e+01";"1. Despertados (Efeito Indutor)"
"3522604";"ITAPIRA";"SP";"Médio Porte";"3,33720757966896e+01";"4,70204546258135e+01";"1. Despertados (Efeito Indutor)"
"3522653";"ITAPIRAPUA PAULISTA";"SP";"Pequeno Porte I";"0,00000000000000e+00";"4,40048700255140e+01";"1. Despertados (Efeito Indutor)"
"3522703";"ITAPOLIS";"SP";"Pequeno Porte II";"5,41072212069866e+01";"6,34067071943348e+01";"2. Constantes (Sustentabilidade)"
"3522802";"ITAPORANGA";"SP";"Pequeno Porte I";"5,24157881262977e+01";"1,21657516799729e+02";"1. Despertados (Efeito Indutor)"
"3522901";"ITAPUI";"SP";"Pequeno Porte I";"8,40201161374754e+01";"7,55279519870244e+01";"2. Constantes (Sustentabilidade)"
"3523107";"ITAQUAQUECETUBA";"SP";"Grande Porte";"1,67106365063183e+01";"2,93685054674943e+01";"1. Despertados (Efeito Indutor)"
"3523206";"ITARARE";"SP";"Pequeno Porte II";"2,10654341627644e+01";"2,93193791970105e+01";"2. Constantes (Sustentabilidade)"
"3523305";"ITARIRI";"SP";"Pequeno Porte I";"1,83434619677637e+01";"1,37344064550634e+01";"2. Constantes (Sustentabilidade)"
"3523404";"ITATIBA";"SP";"Grande Porte";"0,00000000000000e+00";"7,53234416388367e+01";"1. Despertados (Efeito Indutor)"
"3523503";"ITATINGA";"SP";"Pequeno Porte I";"7,31205385619269e+00";"4,02776720026807e+01";"1. Despertados (Efeito Indutor)"
"3523602";"ITIRAPINA";"SP";"Pequeno Porte I";"2,29272806985371e+00";"1,74388162709919e+01";"1. Despertados (Efeito Indutor)"
"3523701";"ITIRAPUA";"SP";"Pequeno Porte I";"5,39062137346527e+00";"9,47451526140239e+01";"1. Despertados (Efeito Indutor)"
"3523800";"ITOBI";"SP";"Pequeno Porte I";"8,38813394161887e+00";"9,97143824766217e+01";"1. Despertados (Efeito Indutor)"
"3523909";"ITU";"SP";"Grande Porte";"2,39785533344278e+01";"2,87007417836122e+01";"2. Constantes (Sustentabilidade)"
"3524006";"ITUPEVA";"SP";"Médio Porte";"1,83306569846510e+01";"6,31928303449978e+01";"1. Despertados (Efeito Indutor)"
"3524105";"ITUVERAVA";"SP";"Pequeno Porte II";"6,88304035916284e+01";"6,52765944010316e+01";"2. Constantes (Sustentabilidade)"
"3524303";"JABOTICABAL";"SP";"Médio Porte";"6,87911150750507e+01";"8,13250852817860e+01";"2. Constantes (Sustentabilidade)"
"3524402";"JACAREI";"SP";"Grande Porte";"3,31525551730701e+01";"3,63421581141106e+01";"2. Constantes (Sustentabilidade)"
"3524501";"JACI";"SP";"Pequeno Porte I";"0,00000000000000e+00";"1,20463549192171e+00";"2. Constantes (Sustentabilidade)"
"3524600";"JACUPIRANGA";"SP";"Pequeno Porte I";"5,82583766371078e+01";"1,43148827147855e+02";"1. Despertados (Efeito Indutor)"
"3524709";"JAGUARIUNA";"SP";"Médio Porte";"1,36556100415240e+02";"1,86510477410045e+02";"1. Despertados (Efeito Indutor)"
"3524808";"JALES";"SP";"Pequeno Porte II";"1,68194776205413e+00";"2,16916377097122e+01";"1. Despertados (Efeito Indutor)"
"3525003";"JANDIRA";"SP";"Grande Porte";"3,27730152734547e+01";"2,53159565142472e+01";"2. Constantes (Sustentabilidade)"
"3525102";"JARDINOPOLIS";"SP";"Pequeno Porte II";"6,00738353726330e+01";"7,51280267258031e+01";"2. Constantes (Sustentabilidade)"
"3525201";"JARINU";"SP";"Pequeno Porte II";"3,64013427458788e+01";"5,37222617048416e+01";"1. Despertados (Efeito Indutor)"
"3525300";"JAU";"SP";"Grande Porte";"3,19208632890967e+01";"5,50576042116618e+01";"1. Despertados (Efeito Indutor)"
"3525508";"JOANOPOLIS";"SP";"Pequeno Porte I";"1,02975476617921e+01";"3,66511212337967e+00";"2. Constantes (Sustentabilidade)"
"3525607";"JOAO RAMALHO";"SP";"Pequeno Porte I";"9,14515123109289e+01";"6,81317977436700e+01";"4. Efeito Substituição (Retração Local)"
"3525706";"JOSE BONIFACIO";"SP";"Pequeno Porte II";"1,95808523221027e+01";"8,90971631314620e+01";"1. Despertados (Efeito Indutor)"
"3525805";"JULIO MESQUITA";"SP";"Pequeno Porte I";"1,04197714385312e+01";"1,38917935031114e+01";"2. Constantes (Sustentabilidade)"
"3525904";"JUNDIAI";"SP";"Grande Porte";"5,03293135017936e+01";"8,70066672840492e+01";"1. Despertados (Efeito Indutor)"
"3526001";"JUNQUEIROPOLIS";"SP";"Pequeno Porte II";"2,15089510446354e+01";"3,01108504238370e+01";"2. Constantes (Sustentabilidade)"
"3526100";"JUQUIA";"SP";"Pequeno Porte I";"1,17734702625464e+01";"3,79632123548261e+01";"1. Despertados (Efeito Indutor)"
"3526209";"JUQUITIBA";"SP";"Pequeno Porte II";"2,61941573261126e+01";"4,34930992172115e+01";"1. Despertados (Efeito Indutor)"
"3526407";"LARANJAL PAULISTA";"SP";"Pequeno Porte II";"5,33755156349778e+01";"1,11728939703627e+02";"1. Despertados (Efeito Indutor)"
"3526605";"LAVRINHAS";"SP";"Pequeno Porte I";"8,39383355201460e+01";"4,67898109016893e+01";"4. Efeito Substituição (Retração Local)"
"3526704";"LEME";"SP";"Médio Porte";"3,26281090087418e+01";"4,24832916181172e+01";"2. Constantes (Sustentabilidade)"
"3526803";"LENCOIS PAULISTA";"SP";"Médio Porte";"6,00780187187178e+01";"1,31623418784596e+02";"1. Despertados (Efeito Indutor)"
"3526902";"LIMEIRA";"SP";"Grande Porte";"3,08041613856712e+01";"4,28591158946539e+01";"1. Despertados (Efeito Indutor)"
"3527009";"LINDOIA";"SP";"Pequeno Porte I";"1,24787898828488e+00";"1,09920763952313e+01";"1. Despertados (Efeito Indutor)"
"3527108";"LINS";"SP";"Médio Porte";"3,48622271892388e+01";"6,32857188349466e+01";"1. Despertados (Efeito Indutor)"
"3527207";"LORENA";"SP";"Médio Porte";"1,96754689844367e+01";"6,14329797566440e+01";"1. Despertados (Efeito Indutor)"
"3527405";"LUCELIA";"SP";"Pequeno Porte II";"3,76139451614624e+01";"6,88675646697247e+01";"1. Despertados (Efeito Indutor)"
"3527504";"LUCIANOPOLIS";"SP";"Pequeno Porte I";"2,07670583810638e+01";"1,52780915107937e+02";"1. Despertados (Efeito Indutor)"
"3527702";"LUIZIANIA";"SP";"Pequeno Porte I";"0,00000000000000e+00";"1,47844198016507e+01";"1. Despertados (Efeito Indutor)"
"3527900";"LUTECIA";"SP";"Pequeno Porte I";"5,16067399842679e+01";"9,98309254571380e+01";"1. Despertados (Efeito Indutor)"
"3528007";"MACATUBA";"SP";"Pequeno Porte I";"6,22029067045780e+01";"1,54526358003510e+02";"1. Despertados (Efeito Indutor)"
"3528106";"MACAUBAL";"SP";"Pequeno Porte I";"1,72697203607569e-01";"1,59324206680304e+01";"1. Despertados (Efeito Indutor)"
"3528205";"MACEDONIA";"SP";"Pequeno Porte I";"0,00000000000000e+00";"7,82534708554126e+01";"1. Despertados (Efeito Indutor)"
"3528304";"MAGDA";"SP";"Pequeno Porte I";"2,09969475867614e+00";"2,99549146089248e+01";"1. Despertados (Efeito Indutor)"
"3528403";"MAIRINQUE";"SP";"Médio Porte";"1,82000699842436e+01";"1,94023358675502e+01";"2. Constantes (Sustentabilidade)"
"3528502";"MAIRIPORA";"SP";"Médio Porte";"2,54006769143687e+01";"4,90792094762775e+01";"1. Despertados (Efeito Indutor)"
"3528601";"MANDURI";"SP";"Pequeno Porte I";"2,32653029603445e+01";"5,98216679437498e+01";"1. Despertados (Efeito Indutor)"
"3529005";"MARILIA";"SP";"Grande Porte";"3,22736496587475e+01";"3,81416405752633e+01";"2. Constantes (Sustentabilidade)"
"3529203";"MARTINOPOLIS";"SP";"Pequeno Porte II";"4,00217709890018e+01";"3,04180095365157e+01";"2. Constantes (Sustentabilidade)"
"3529302";"MATAO";"SP";"Médio Porte";"1,73427306619733e+01";"9,83680256653171e+01";"1. Despertados (Efeito Indutor)"
"3529401";"MAUA";"SP";"Grande Porte";"1,24908558915187e+01";"2,34374701813431e+01";"1. Despertados (Efeito Indutor)"
"3529708";"MIGUELOPOLIS";"SP";"Pequeno Porte I";"2,38063046087445e+01";"1,76779548499232e+01";"2. Constantes (Sustentabilidade)"
"3529807";"MINEIROS DO TIETE";"SP";"Pequeno Porte I";"4,45235346666256e+00";"4,05895698835047e+01";"1. Despertados (Efeito Indutor)"
"3530102";"MIRANDOPOLIS";"SP";"Pequeno Porte II";"2,18402098613723e+01";"5,06465747891510e+01";"1. Despertados (Efeito Indutor)"
"3530201";"MIRANTE DO PARANAPANEMA";"SP";"Pequeno Porte I";"2,51105923441736e+01";"1,26459268221967e+02";"1. Despertados (Efeito Indutor)"
"3530300";"MIRASSOL";"SP";"Médio Porte";"1,46336047108871e+01";"2,27652033607669e+01";"1. Despertados (Efeito Indutor)"
"3530409";"MIRASSOLANDIA";"SP";"Pequeno Porte I";"3,11226872085394e+00";"3,10375674797407e+01";"1. Despertados (Efeito Indutor)"
"3530508";"MOCOCA";"SP";"Médio Porte";"5,13484846622448e+01";"5,24280650237646e+01";"2. Constantes (Sustentabilidade)"
"3530607";"MOGI DAS CRUZES";"SP";"Grande Porte";"3,03303627520793e+01";"3,14160593229912e+01";"2. Constantes (Sustentabilidade)"
"3530706";"MOGI GUACU";"SP";"Grande Porte";"3,56942270109539e+01";"3,96938580279755e+01";"2. Constantes (Sustentabilidade)"
"3530805";"MOGI MIRIM";"SP";"Médio Porte";"4,07145696161828e+01";"6,17227355690843e+01";"1. Despertados (Efeito Indutor)"
"3530904";"MOMBUCA";"SP";"Pequeno Porte I";"1,11217612759776e+01";"8,75125075030282e+01";"1. Despertados (Efeito Indutor)"
"3531100";"MONGAGUA";"SP";"Médio Porte";"2,47743556810003e+01";"2,84066813059592e+01";"2. Constantes (Sustentabilidade)"
"3531209";"MONTE ALEGRE DO SUL";"SP";"Pequeno Porte I";"3,80541429066407e+01";"6,04479682178428e+01";"1. Despertados (Efeito Indutor)"
"3531308";"MONTE ALTO";"SP";"Pequeno Porte II";"1,02240197779983e+02";"1,25593361372257e+02";"2. Constantes (Sustentabilidade)"
"3531407";"MONTE APRAZIVEL";"SP";"Pequeno Porte II";"6,59067809839762e+01";"1,90465914216461e+02";"1. Despertados (Efeito Indutor)"
"3531506";"MONTE AZUL PAULISTA";"SP";"Pequeno Porte I";"8,88320466945225e+01";"9,03346832567738e+01";"2. Constantes (Sustentabilidade)"
"3531605";"MONTE CASTELO";"SP";"Pequeno Porte I";"7,27224614511720e+00";"9,05054099263048e+01";"1. Despertados (Efeito Indutor)"
"3531803";"MONTE MOR";"SP";"Médio Porte";"1,75239253847902e+01";"3,01242535297739e+01";"1. Despertados (Efeito Indutor)"
"3531902";"MORRO AGUDO";"SP";"Pequeno Porte II";"3,43631047680421e+01";"1,63680696841923e+02";"1. Despertados (Efeito Indutor)"
"3532009";"MORUNGABA";"SP";"Pequeno Porte I";"2,37080826624945e+01";"4,69025063024749e+01";"1. Despertados (Efeito Indutor)"
"3532157";"NANTES";"SP";"Pequeno Porte I";"0,00000000000000e+00";"1,85140796931073e+01";"1. Despertados (Efeito Indutor)"
"3532405";"NAZARE PAULISTA";"SP";"Pequeno Porte I";"2,18780410088634e+01";"3,50346767550601e+01";"1. Despertados (Efeito Indutor)"
"3532603";"NHANDEARA";"SP";"Pequeno Porte I";"1,33740422585216e+01";"8,03000752034001e+00";"2. Constantes (Sustentabilidade)"
"3532702";"NIPOA";"SP";"Pequeno Porte I";"6,46756756051105e+01";"1,88545186753084e+02";"1. Despertados (Efeito Indutor)"
"3532801";"NOVA ALIANCA";"SP";"Pequeno Porte I";"2,73247515295939e+01";"6,99929610946423e+01";"1. Despertados (Efeito Indutor)"
"3532827";"NOVA CAMPINA";"SP";"Pequeno Porte I";"6,93329014275086e+01";"1,23663768204474e+02";"1. Despertados (Efeito Indutor)"
"3532900";"NOVA EUROPA";"SP";"Pequeno Porte I";"5,75088818380456e+01";"1,51932705654539e+02";"1. Despertados (Efeito Indutor)"
"3533007";"NOVA GRANADA";"SP";"Pequeno Porte I";"1,59145718857739e+01";"4,38647066935673e+01";"1. Despertados (Efeito Indutor)"
"3533106";"NOVA GUATAPORANGA";"SP";"Pequeno Porte I";"1,00080710822934e+01";"9,50992757363421e+00";"2. Constantes (Sustentabilidade)"
"3533254";"NOVAIS";"SP";"Pequeno Porte I";"1,17112782232203e-01";"9,36931389692623e+00";"1. Despertados (Efeito Indutor)"
"3533403";"NOVA ODESSA";"SP";"Médio Porte";"4,34505455147993e+01";"6,46045915143316e+01";"1. Despertados (Efeito Indutor)"
"3533502";"NOVO HORIZONTE";"SP";"Pequeno Porte II";"1,12890908768765e+01";"2,27148420551776e+01";"1. Despertados (Efeito Indutor)"
"3533601";"NUPORANGA";"SP";"Pequeno Porte I";"5,74438998461285e+01";"1,35912371563306e+02";"1. Despertados (Efeito Indutor)"
"3533700";"OCAUCU";"SP";"Pequeno Porte I";"1,63380235328813e+00";"3,46519223594179e+00";"2. Constantes (Sustentabilidade)"
"3533908";"OLIMPIA";"SP";"Médio Porte";"3,18389690301935e+01";"1,66266979390410e+02";"1. Despertados (Efeito Indutor)"
"3534005";"ONDA VERDE";"SP";"Pequeno Porte I";"1,33967483872064e+01";"0,00000000000000e+00";"4. Efeito Substituição (Retração Local)"
"3534104";"ORIENTE";"SP";"Pequeno Porte I";"2,39293994591080e+01";"7,85947500059202e+01";"1. Despertados (Efeito Indutor)"
"3534302";"ORLANDIA";"SP";"Pequeno Porte II";"2,76043883039943e+01";"5,13499445648728e+01";"1. Despertados (Efeito Indutor)"
"3534401";"OSASCO";"SP";"Grande Porte";"3,23416143215667e+01";"3,42365885046467e+01";"2. Constantes (Sustentabilidade)"
"3534609";"OSVALDO CRUZ";"SP";"Pequeno Porte II";"3,42711734645663e+01";"4,83653893112821e+01";"1. Despertados (Efeito Indutor)"
"3534708";"OURINHOS";"SP";"Grande Porte";"7,00017298414386e+01";"1,17012094971399e+02";"1. Despertados (Efeito Indutor)"
"3534757";"OUROESTE";"SP";"Pequeno Porte I";"1,42905521751523e+02";"1,65041956718559e+02";"2. Constantes (Sustentabilidade)"
"3534807";"OURO VERDE";"SP";"Pequeno Porte I";"2,71320277555264e+01";"6,60170837486337e+01";"1. Despertados (Efeito Indutor)"
"3534906";"PACAEMBU";"SP";"Pequeno Porte I";"3,13142870908415e+01";"3,35139500284673e+01";"2. Constantes (Sustentabilidade)"
"3535002";"PALESTINA";"SP";"Pequeno Porte I";"5,48797115276376e+01";"1,80926650035216e+02";"1. Despertados (Efeito Indutor)"
"3535200";"PALMEIRA D'OESTE";"SP";"Pequeno Porte I";"4,25612555035976e+00";"1,18970831901438e+01";"1. Despertados (Efeito Indutor)"
"3535309";"PALMITAL";"SP";"Pequeno Porte I";"5,32302088176910e+01";"1,30896868651222e+02";"1. Despertados (Efeito Indutor)"
"3535408";"PANORAMA";"SP";"Pequeno Porte I";"2,72844797479863e+01";"2,64710097524547e+01";"2. Constantes (Sustentabilidade)"
"3535507";"PARAGUACU PAULISTA";"SP";"Pequeno Porte II";"3,05763031539359e+01";"3,16105993641919e+01";"2. Constantes (Sustentabilidade)"
"3535606";"PARAIBUNA";"SP";"Pequeno Porte I";"1,00286839111231e+02";"1,38249220594888e+02";"1. Despertados (Efeito Indutor)"
"3535804";"PARANAPANEMA";"SP";"Pequeno Porte I";"1,23766845435529e+01";"9,10845695528052e+00";"2. Constantes (Sustentabilidade)"
"3535903";"PARANAPUA";"SP";"Pequeno Porte I";"3,28650233877601e-01";"0,00000000000000e+00";"2. Constantes (Sustentabilidade)"
"3536000";"PARAPUA";"SP";"Pequeno Porte I";"3,50209884446314e+01";"2,70507256161856e+01";"2. Constantes (Sustentabilidade)"
"3536109";"PARDINHO";"SP";"Pequeno Porte I";"1,05850038412759e+02";"1,15133263490694e+02";"2. Constantes (Sustentabilidade)"
"3536208";"PARIQUERA-ACU";"SP";"Pequeno Porte I";"7,35493249361926e+00";"2,91302427314922e+01";"1. Despertados (Efeito Indutor)"
"3536257";"PARISI";"SP";"Pequeno Porte I";"1,13752048470935e+02";"1,50953148699550e+02";"1. Despertados (Efeito Indutor)"
"3536307";"PATROCINIO PAULISTA";"SP";"Pequeno Porte I";"2,99948512383322e+01";"1,18640462313151e+02";"1. Despertados (Efeito Indutor)"
"3536406";"PAULICEIA";"SP";"Pequeno Porte I";"3,64163797508587e+01";"8,85258734610278e+01";"1. Despertados (Efeito Indutor)"
"3536505";"PAULINIA";"SP";"Grande Porte";"6,00541739995649e+01";"5,11684604238197e+01";"2. Constantes (Sustentabilidade)"
"3536570";"PAULISTANIA";"SP";"Pequeno Porte I";"5,14303208513573e+01";"1,89563528487986e+02";"1. Despertados (Efeito Indutor)"
"3536604";"PAULO DE FARIA";"SP";"Pequeno Porte I";"6,26475255515391e+01";"1,56102672337221e+02";"1. Despertados (Efeito Indutor)"
"3536703";"PEDERNEIRAS";"SP";"Pequeno Porte II";"4,19060853249085e+01";"6,06671078925752e+01";"1. Despertados (Efeito Indutor)"
"3536802";"PEDRA BELA";"SP";"Pequeno Porte I";"5,04699626918901e+01";"0,00000000000000e+00";"4. Efeito Substituição (Retração Local)"
"3537008";"PEDREGULHO";"SP";"Pequeno Porte I";"1,40047289163451e+01";"1,59209573900102e+02";"1. Despertados (Efeito Indutor)"
"3537107";"PEDREIRA";"SP";"Pequeno Porte II";"5,23785636288722e+01";"8,52553857887341e+01";"1. Despertados (Efeito Indutor)"
"3537206";"PEDRO DE TOLEDO";"SP";"Pequeno Porte I";"9,50610847646798e+00";"7,21671656187461e+00";"2. Constantes (Sustentabilidade)"
"3537305";"PENAPOLIS";"SP";"Médio Porte";"4,32462057522275e+01";"5,48438998905833e+01";"2. Constantes (Sustentabilidade)"
"3537503";"PEREIRAS";"SP";"Pequeno Porte I";"1,69388657531810e+02";"1,14070697594475e+02";"4. Efeito Substituição (Retração Local)"
"3537602";"PERUIBE";"SP";"Médio Porte";"3,31995509870157e+01";"2,97461692591943e+01";"2. Constantes (Sustentabilidade)"
"3537701";"PIACATU";"SP";"Pequeno Porte I";"5,06928332126368e+01";"5,98769648583977e+01";"2. Constantes (Sustentabilidade)"
"3537800";"PIEDADE";"SP";"Médio Porte";"1,88761597493400e+01";"4,51399461082160e+01";"1. Despertados (Efeito Indutor)"
"3537909";"PILAR DO SUL";"SP";"Pequeno Porte II";"4,93143119458385e+01";"5,18726856007294e+01";"2. Constantes (Sustentabilidade)"
"3538006";"PINDAMONHANGABA";"SP";"Grande Porte";"2,44881729208998e+01";"2,63830374735842e+01";"2. Constantes (Sustentabilidade)"
"3538204";"PINHALZINHO";"SP";"Pequeno Porte I";"1,31558998328030e+01";"4,26261716487575e+01";"1. Despertados (Efeito Indutor)"
"3538303";"PIQUEROBI";"SP";"Pequeno Porte I";"1,63928857419956e+01";"1,60827613299260e+01";"2. Constantes (Sustentabilidade)"
"3538501";"PIQUETE";"SP";"Pequeno Porte I";"1,17082421060337e+01";"5,67687610010120e+01";"1. Despertados (Efeito Indutor)"
"3538600";"PIRACAIA";"SP";"Pequeno Porte II";"3,46049630000873e+01";"5,88316440642051e+01";"1. Despertados (Efeito Indutor)"
"3538709";"PIRACICABA";"SP";"Grande Porte";"2,08458289878138e+01";"3,14738271606685e+01";"1. Despertados (Efeito Indutor)"
"3538808";"PIRAJU";"SP";"Pequeno Porte II";"2,83437546941020e+01";"2,80881570432580e+01";"2. Constantes (Sustentabilidade)"
"3538907";"PIRAJUI";"SP";"Pequeno Porte II";"1,73004582677713e+01";"2,01934506230795e+01";"2. Constantes (Sustentabilidade)"
"3539004";"PIRANGI";"SP";"Pequeno Porte I";"1,74155486556482e+01";"8,73467041741387e+01";"1. Despertados (Efeito Indutor)"
"3539103";"PIRAPORA DO BOM JESUS";"SP";"Pequeno Porte I";"7,74490476406940e+01";"6,79181381894667e+01";"2. Constantes (Sustentabilidade)"
"3539301";"PIRASSUNUNGA";"SP";"Médio Porte";"5,42090444602540e+01";"7,05383980933029e+01";"1. Despertados (Efeito Indutor)"
"3539400";"PIRATININGA";"SP";"Pequeno Porte I";"2,79572257615329e+01";"1,51041517633727e+02";"1. Despertados (Efeito Indutor)"
"3539509";"PITANGUEIRAS";"SP";"Pequeno Porte II";"5,08547961374174e+01";"1,13979192543864e+02";"1. Despertados (Efeito Indutor)"
"3539608";"PLANALTO";"SP";"Pequeno Porte I";"5,00300493283425e+01";"6,29400637482323e+01";"2. Constantes (Sustentabilidade)"
"3539707";"PLATINA";"SP";"Pequeno Porte I";"0,00000000000000e+00";"6,82771125870926e+01";"1. Despertados (Efeito Indutor)"
"3539806";"POA";"SP";"Grande Porte";"7,48652077712121e+01";"3,76951634269847e+01";"4. Efeito Substituição (Retração Local)"
"3540002";"POMPEIA";"SP";"Pequeno Porte II";"1,55253593759531e+01";"1,86702317387058e+01";"2. Constantes (Sustentabilidade)"
"3540101";"PONGAI";"SP";"Pequeno Porte I";"0,00000000000000e+00";"5,56961413843888e+00";"1. Despertados (Efeito Indutor)"
"3540200";"PONTAL";"SP";"Pequeno Porte II";"1,07420883698519e+01";"2,80965023404549e+01";"1. Despertados (Efeito Indutor)"
"3540259";"PONTALINDA";"SP";"Pequeno Porte I";"0,00000000000000e+00";"7,48691543494064e+00";"1. Despertados (Efeito Indutor)"
"3540507";"PORANGABA";"SP";"Pequeno Porte I";"0,00000000000000e+00";"1,10172805142110e+02";"1. Despertados (Efeito Indutor)"
"3540606";"PORTO FELIZ";"SP";"Médio Porte";"5,12025692332679e+01";"6,46234578467106e+01";"2. Constantes (Sustentabilidade)"
"3540705";"PORTO FERREIRA";"SP";"Médio Porte";"6,13392470820666e+01";"1,26382857085228e+02";"1. Despertados (Efeito Indutor)"
"3540754";"POTIM";"SP";"Pequeno Porte II";"1,58223118832594e+01";"1,93091462410365e+01";"2. Constantes (Sustentabilidade)"
"3540853";"PRACINHA";"SP";"Pequeno Porte I";"4,75911917201740e+01";"5,21735014788187e+01";"2. Constantes (Sustentabilidade)"
"3540903";"PRADOPOLIS";"SP";"Pequeno Porte I";"6,41613176739358e+01";"1,24423729812371e+02";"1. Despertados (Efeito Indutor)"
"3541000";"PRAIA GRANDE";"SP";"Grande Porte";"3,91685867957258e+01";"4,55862837660383e+01";"2. Constantes (Sustentabilidade)"
"3541059";"PRATANIA";"SP";"Pequeno Porte I";"4,92090962863320e+01";"9,75661202680286e+01";"1. Despertados (Efeito Indutor)"
"3541109";"PRESIDENTE ALVES";"SP";"Pequeno Porte I";"1,00499585349430e+02";"1,11008503545207e+02";"2. Constantes (Sustentabilidade)"
"3541208";"PRESIDENTE BERNARDES";"SP";"Pequeno Porte I";"1,67539199669982e+01";"6,27258652703722e+01";"1. Despertados (Efeito Indutor)"
"3541307";"PRESIDENTE EPITACIO";"SP";"Pequeno Porte II";"2,41418702671040e+01";"5,67901573202146e+01";"1. Despertados (Efeito Indutor)"
"3541406";"PRESIDENTE PRUDENTE";"SP";"Grande Porte";"6,17330345019590e+01";"5,61823733648941e+01";"2. Constantes (Sustentabilidade)"
"3541505";"PRESIDENTE VENCESLAU";"SP";"Pequeno Porte II";"2,30423178897723e+01";"4,35899007637504e+01";"1. Despertados (Efeito Indutor)"
"3541604";"PROMISSAO";"SP";"Pequeno Porte II";"2,54691064533485e+01";"3,61057254950266e+01";"1. Despertados (Efeito Indutor)"
"3541703";"QUATA";"SP";"Pequeno Porte I";"4,78957569008911e+01";"1,33999067609951e+02";"1. Despertados (Efeito Indutor)"
"3541901";"QUELUZ";"SP";"Pequeno Porte I";"8,11078087948285e+01";"1,79506213271818e+02";"1. Despertados (Efeito Indutor)"
"3542008";"QUINTANA";"SP";"Pequeno Porte I";"1,46987971871287e-01";"1,01851738241989e+02";"1. Despertados (Efeito Indutor)"
"3542107";"RAFARD";"SP";"Pequeno Porte I";"3,47900151253704e+01";"7,77561266446732e+01";"1. Despertados (Efeito Indutor)"
"3542206";"RANCHARIA";"SP";"Pequeno Porte II";"4,07621726478847e+00";"6,41912063635837e+01";"1. Despertados (Efeito Indutor)"
"3542404";"REGENTE FEIJO";"SP";"Pequeno Porte II";"4,70053859755769e+01";"4,28196310287539e+01";"2. Constantes (Sustentabilidade)"
"3542503";"REGINOPOLIS";"SP";"Pequeno Porte I";"7,36964649259789e+00";"2,93591200315709e+01";"1. Despertados (Efeito Indutor)"
"3542602";"REGISTRO";"SP";"Médio Porte";"5,24053450269040e+01";"8,73495941845426e+01";"1. Despertados (Efeito Indutor)"
"3542701";"RESTINGA";"SP";"Pequeno Porte I";"7,51080822242467e+00";"7,74509265424529e+01";"1. Despertados (Efeito Indutor)"
"3542800";"RIBEIRA";"SP";"Pequeno Porte I";"8,10146958013586e+00";"8,46194064790276e+01";"1. Despertados (Efeito Indutor)"
"3542909";"RIBEIRAO BONITO";"SP";"Pequeno Porte I";"2,71962414473652e+01";"1,06585360254325e+02";"1. Despertados (Efeito Indutor)"
"3543006";"RIBEIRAO BRANCO";"SP";"Pequeno Porte I";"1,32215343189684e+01";"8,82287834198358e+01";"1. Despertados (Efeito Indutor)"
"3543204";"RIBEIRAO DO SUL";"SP";"Pequeno Porte I";"1,16457476732021e+01";"1,01348493862571e+02";"1. Despertados (Efeito Indutor)"
"3543238";"RIBEIRAO DOS INDIOS";"SP";"Pequeno Porte I";"1,95148744097377e+01";"1,44026213645539e+02";"1. Despertados (Efeito Indutor)"
"3543253";"RIBEIRAO GRANDE";"SP";"Pequeno Porte I";"8,91938463510440e+01";"1,55430404334397e+02";"1. Despertados (Efeito Indutor)"
"3543303";"RIBEIRAO PIRES";"SP";"Grande Porte";"6,79669586217403e+01";"3,16984787361334e+01";"4. Efeito Substituição (Retração Local)"
"3543402";"RIBEIRAO PRETO";"SP";"Grande Porte";"3,64636840807385e+01";"4,62837148644785e+01";"2. Constantes (Sustentabilidade)"
"3543501";"RIVERSUL";"SP";"Pequeno Porte I";"1,81332727856350e+01";"1,51265934963763e+02";"1. Despertados (Efeito Indutor)"
"3543600";"RIFAINA";"SP";"Pequeno Porte I";"8,08301656483004e+01";"9,81096438866440e+01";"2. Constantes (Sustentabilidade)"
"3543709";"RINCAO";"SP";"Pequeno Porte I";"4,13721866204816e+01";"1,88922527221421e+02";"1. Despertados (Efeito Indutor)"
"3543907";"RIO CLARO";"SP";"Grande Porte";"3,48071810529785e+01";"2,92938281342160e+01";"2. Constantes (Sustentabilidade)"
"3544004";"RIO DAS PEDRAS";"SP";"Pequeno Porte II";"2,08975407211609e+01";"1,27523802687777e+02";"1. Despertados (Efeito Indutor)"
"3544103";"RIO GRANDE DA SERRA";"SP";"Pequeno Porte II";"3,34343882646199e+01";"1,76413043495154e+01";"4. Efeito Substituição (Retração Local)"
"3544202";"RIOLANDIA";"SP";"Pequeno Porte I";"6,01188330430575e+00";"4,19791222886584e+01";"1. Despertados (Efeito Indutor)"
"3544251";"ROSANA";"SP";"Pequeno Porte I";"2,13766390873859e+01";"1,26803963944898e+01";"2. Constantes (Sustentabilidade)"
"3544301";"ROSEIRA";"SP";"Pequeno Porte I";"1,23336989935074e+01";"9,42521927072033e+01";"1. Despertados (Efeito Indutor)"
"3544509";"RUBINEIA";"SP";"Pequeno Porte I";"7,37715125559420e+01";"2,90013564445820e+01";"4. Efeito Substituição (Retração Local)"
"3544806";"SALES";"SP";"Pequeno Porte I";"7,01380928186199e+00";"1,51979177403501e+02";"1. Despertados (Efeito Indutor)"
"3545001";"SALESOPOLIS";"SP";"Pequeno Porte I";"2,85838236762716e+01";"1,97980121395539e+02";"1. Despertados (Efeito Indutor)"
"3545100";"SALMOURAO";"SP";"Pequeno Porte I";"8,97815087351884e+01";"1,34346362309578e+02";"1. Despertados (Efeito Indutor)"
"3545159";"SALTINHO";"SP";"Pequeno Porte I";"2,59914975768112e+01";"1,04706664917646e+02";"1. Despertados (Efeito Indutor)"
"3545209";"SALTO";"SP";"Grande Porte";"5,74076055917914e+01";"8,33123305285137e+01";"1. Despertados (Efeito Indutor)"
"3545308";"SALTO DE PIRAPORA";"SP";"Pequeno Porte II";"2,58303028493621e+01";"1,16480697008119e+02";"1. Despertados (Efeito Indutor)"
"3545407";"SALTO GRANDE";"SP";"Pequeno Porte I";"4,00306093883150e+00";"1,92851081071619e+02";"1. Despertados (Efeito Indutor)"
"3545506";"SANDOVALINA";"SP";"Pequeno Porte I";"4,01961639353525e+00";"1,06381512885135e+01";"1. Despertados (Efeito Indutor)"
"3545605";"SANTA ADELIA";"SP";"Pequeno Porte I";"2,28314490017217e+01";"1,56885969531939e+02";"1. Despertados (Efeito Indutor)"
"3545704";"SANTA ALBERTINA";"SP";"Pequeno Porte I";"0,00000000000000e+00";"4,20176752806167e+01";"1. Despertados (Efeito Indutor)"
"3545803";"SANTA BARBARA D'OESTE";"SP";"Grande Porte";"3,30711402787367e+01";"4,38894182611927e+01";"2. Constantes (Sustentabilidade)"
"3546207";"SANTA CRUZ DA CONCEICAO";"SP";"Pequeno Porte I";"3,56057002154401e+01";"2,62275345347446e+01";"2. Constantes (Sustentabilidade)"
"3546306";"SANTA CRUZ DAS PALMEIRAS";"SP";"Pequeno Porte II";"2,92479288349154e+01";"1,01505831905127e+02";"1. Despertados (Efeito Indutor)"
"3546405";"SANTA CRUZ DO RIO PARDO";"SP";"Pequeno Porte II";"5,75143638918528e+01";"7,46018551164678e+01";"1. Despertados (Efeito Indutor)"
"3546504";"SANTA ERNESTINA";"SP";"Pequeno Porte I";"1,80400741842575e+01";"1,22912773141046e+02";"1. Despertados (Efeito Indutor)"
"3546702";"SANTA GERTRUDES";"SP";"Pequeno Porte II";"5,73646034061746e+01";"1,88517226595287e+02";"1. Despertados (Efeito Indutor)"
"3546801";"SANTA ISABEL";"SP";"Médio Porte";"2,30966014600439e+01";"5,83501519738608e+01";"1. Despertados (Efeito Indutor)"
"3546900";"SANTA LUCIA";"SP";"Pequeno Porte I";"5,21248828516324e+01";"1,15120966844860e+02";"1. Despertados (Efeito Indutor)"
"3547106";"SANTA MERCEDES";"SP";"Pequeno Porte I";"2,04810436154940e-01";"2,37387140561326e+01";"1. Despertados (Efeito Indutor)"
"3547304";"SANTANA DE PARNAIBA";"SP";"Grande Porte";"7,43938518085105e+01";"1,08186946638597e+02";"1. Despertados (Efeito Indutor)"
"3547502";"SANTA RITA DO PASSA QUATRO";"SP";"Pequeno Porte II";"8,53408724974084e+01";"8,07026018256835e+01";"2. Constantes (Sustentabilidade)"
"3547601";"SANTA ROSA DE VITERBO";"SP";"Pequeno Porte II";"2,14538979796969e+01";"6,93410953129535e+01";"1. Despertados (Efeito Indutor)"
"3547700";"SANTO ANASTACIO";"SP";"Pequeno Porte I";"3,33873778959288e+01";"4,51324387371229e+01";"1. Despertados (Efeito Indutor)"
"3547809";"SANTO ANDRE";"SP";"Grande Porte";"9,67947495240192e+00";"2,00968805104424e+01";"1. Despertados (Efeito Indutor)"
"3547908";"SANTO ANTONIO DA ALEGRIA";"SP";"Pequeno Porte I";"7,35620649618189e+01";"3,99564280158195e+01";"4. Efeito Substituição (Retração Local)"
"3548005";"SANTO ANTONIO DE POSSE";"SP";"Pequeno Porte II";"3,78291025295175e+00";"4,91478010105410e+01";"1. Despertados (Efeito Indutor)"
"3548054";"SANTO ANTONIO DO ARACANGUA";"SP";"Pequeno Porte I";"3,68337365069489e+01";"1,40473479750625e+02";"1. Despertados (Efeito Indutor)"
"3548203";"SANTO ANTONIO DO PINHAL";"SP";"Pequeno Porte I";"6,15877465750532e+00";"1,51208834364331e+02";"1. Despertados (Efeito Indutor)"
"3548302";"SANTO EXPEDITO";"SP";"Pequeno Porte I";"3,66051871053330e-01";"3,47891393198455e-01";"2. Constantes (Sustentabilidade)"
"3548500";"SANTOS";"SP";"Grande Porte";"6,99985190012057e+01";"1,42726786070365e+02";"1. Despertados (Efeito Indutor)"
"3548609";"SAO BENTO DO SAPUCAI";"SP";"Pequeno Porte I";"6,46574146695531e+01";"6,72738734239784e+01";"2. Constantes (Sustentabilidade)"
"3548708";"SAO BERNARDO DO CAMPO";"SP";"Grande Porte";"3,93939793219007e+01";"3,35513535873220e+01";"2. Constantes (Sustentabilidade)"
"3548807";"SAO CAETANO DO SUL";"SP";"Grande Porte";"7,83312157621703e+01";"1,35664345709319e+02";"1. Despertados (Efeito Indutor)"
"3548906";"SAO CARLOS";"SP";"Grande Porte";"2,27896154478220e+01";"2,56635378177297e+01";"2. Constantes (Sustentabilidade)"
"3549102";"SAO JOAO DA BOA VISTA";"SP";"Médio Porte";"1,45342075537607e+02";"4,48224603192536e+01";"4. Efeito Substituição (Retração Local)"
"3549201";"SAO JOAO DAS DUAS PONTES";"SP";"Pequeno Porte I";"3,27857788480347e+00";"1,07486302852687e+01";"1. Despertados (Efeito Indutor)"
"3549409";"SAO JOAQUIM DA BARRA";"SP";"Pequeno Porte II";"1,32366577931263e+02";"1,57321361820336e+02";"2. Constantes (Sustentabilidade)"
"3549607";"SAO JOSE DO BARREIRO";"SP";"Pequeno Porte I";"1,09218532564102e+02";"6,42123315618379e+01";"4. Efeito Substituição (Retração Local)"
"3549706";"SAO JOSE DO RIO PARDO";"SP";"Médio Porte";"4,58067446635493e+01";"5,87162073620494e+01";"2. Constantes (Sustentabilidade)"
"3549805";"SAO JOSE DO RIO PRETO";"SP";"Grande Porte";"2,03626160984834e+01";"2,58602459669244e+01";"2. Constantes (Sustentabilidade)"
"3549904";"SAO JOSE DOS CAMPOS";"SP";"Grande Porte";"4,44838395742654e+01";"5,61775886488332e+01";"2. Constantes (Sustentabilidade)"
"3549953";"SAO LOURENCO DA SERRA";"SP";"Pequeno Porte I";"0,00000000000000e+00";"2,57905303311346e+01";"1. Despertados (Efeito Indutor)"
"3550001";"SAO LUIZ DO PARAITINGA";"SP";"Pequeno Porte I";"7,17094996728338e+01";"1,33924645501066e+02";"1. Despertados (Efeito Indutor)"
"3550100";"SAO MANUEL";"SP";"Pequeno Porte II";"4,90544963681020e+01";"4,57196700821265e+01";"2. Constantes (Sustentabilidade)"
"3550209";"SAO MIGUEL ARCANJO";"SP";"Pequeno Porte II";"6,74022653441630e+01";"4,77997989189260e+01";"4. Efeito Substituição (Retração Local)"
"3550308";"SAO PAULO";"SP";"Metrópole";"9,41520864462059e+01";"1,02996558240769e+02";"2. Constantes (Sustentabilidade)"
"3550407";"SAO PEDRO";"SP";"Pequeno Porte II";"1,95005546309086e+01";"5,52399582804684e+01";"1. Despertados (Efeito Indutor)"
"3550605";"SAO ROQUE";"SP";"Médio Porte";"1,29607692877521e+01";"4,15674195461509e+01";"1. Despertados (Efeito Indutor)"
"3550803";"SAO SEBASTIAO DA GRAMA";"SP";"Pequeno Porte I";"2,39424032373180e+01";"9,36956804711516e+01";"1. Despertados (Efeito Indutor)"
"3550902";"SAO SIMAO";"SP";"Pequeno Porte I";"4,75101628288236e+01";"9,12641938322496e+01";"1. Despertados (Efeito Indutor)"
"3551009";"SAO VICENTE";"SP";"Grande Porte";"2,25983837077107e+01";"1,95468578735995e+01";"2. Constantes (Sustentabilidade)"
"3551108";"SARAPUI";"SP";"Pequeno Porte I";"6,25655509962998e+01";"5,19460343774430e+01";"2. Constantes (Sustentabilidade)"
"3551207";"SARUTAIA";"SP";"Pequeno Porte I";"0,00000000000000e+00";"1,98244064691877e+01";"1. Despertados (Efeito Indutor)"
"3551405";"SERRA AZUL";"SP";"Pequeno Porte I";"6,76134505288371e+01";"9,08167606716185e+01";"1. Despertados (Efeito Indutor)"
"3551504";"SERRANA";"SP";"Pequeno Porte II";"0,00000000000000e+00";"2,60317064692917e+01";"1. Despertados (Efeito Indutor)"
"3551603";"SERRA NEGRA";"SP";"Pequeno Porte II";"6,29846410961676e+00";"1,35599175835574e+01";"1. Despertados (Efeito Indutor)"
"3551702";"SERTAOZINHO";"SP";"Grande Porte";"6,87171119172630e+01";"1,08506719058896e+02";"1. Despertados (Efeito Indutor)"
"3551801";"SETE BARRAS";"SP";"Pequeno Porte I";"2,52880641988473e+01";"8,10071514015491e+01";"1. Despertados (Efeito Indutor)"
"3552106";"SOCORRO";"SP";"Pequeno Porte II";"8,27754591081323e+01";"1,45403746453346e+02";"1. Despertados (Efeito Indutor)"
"3552205";"SOROCABA";"SP";"Grande Porte";"2,26884777566918e+01";"2,20274441259984e+01";"2. Constantes (Sustentabilidade)"
"3552403";"SUMARE";"SP";"Grande Porte";"7,71978251030511e+00";"5,64363467867322e+00";"2. Constantes (Sustentabilidade)"
"3552502";"SUZANO";"SP";"Grande Porte";"3,15561655369967e+01";"5,26223323532547e+01";"1. Despertados (Efeito Indutor)"
"3552551";"SUZANAPOLIS";"SP";"Pequeno Porte I";"7,65767170181988e+00";"1,53362499963576e+01";"1. Despertados (Efeito Indutor)"
"3552601";"TABAPUA";"SP";"Pequeno Porte I";"1,96057097648266e+01";"4,81577197362546e+01";"1. Despertados (Efeito Indutor)"
"3552700";"TABATINGA";"SP";"Pequeno Porte I";"1,32551401639074e+01";"1,85458321688942e+02";"1. Despertados (Efeito Indutor)"
"3552809";"TABOAO DA SERRA";"SP";"Grande Porte";"4,06352685531940e+01";"2,33179617285617e+01";"4. Efeito Substituição (Retração Local)"
"3552908";"TACIBA";"SP";"Pequeno Porte I";"0,00000000000000e+00";"3,71257087159274e+01";"1. Despertados (Efeito Indutor)"
"3553005";"TAGUAI";"SP";"Pequeno Porte I";"1,19233227355829e+01";"6,41612370640668e+01";"1. Despertados (Efeito Indutor)"
"3553104";"TAIACU";"SP";"Pequeno Porte I";"1,33879994669276e+01";"5,42658164074530e+01";"1. Despertados (Efeito Indutor)"
"3553203";"TAIUVA";"SP";"Pequeno Porte I";"1,34081213376816e+00";"4,30129505192425e+00";"2. Constantes (Sustentabilidade)"
"3553302";"TAMBAU";"SP";"Pequeno Porte II";"2,56604468143254e+01";"3,69340799585054e+01";"1. Despertados (Efeito Indutor)"
"3553401";"TANABI";"SP";"Pequeno Porte II";"1,54302516235577e+01";"1,02384094804453e+02";"1. Despertados (Efeito Indutor)"
"3553500";"TAPIRAI";"SP";"Pequeno Porte I";"1,63250350235869e+01";"1,97151190753758e+02";"1. Despertados (Efeito Indutor)"
"3553609";"TAPIRATIBA";"SP";"Pequeno Porte I";"3,47719971045855e+01";"5,58635251136937e+01";"1. Despertados (Efeito Indutor)"
"3553658";"TAQUARAL";"SP";"Pequeno Porte I";"0,00000000000000e+00";"1,14502053796661e+02";"1. Despertados (Efeito Indutor)"
"3553708";"TAQUARITINGA";"SP";"Médio Porte";"3,68240486463654e+01";"2,91692114564668e+01";"2. Constantes (Sustentabilidade)"
"3553807";"TAQUARITUBA";"SP";"Pequeno Porte II";"3,64395585156228e+01";"6,79478982936131e+01";"1. Despertados (Efeito Indutor)"
"3553856";"TAQUARIVAI";"SP";"Pequeno Porte I";"2,86405826951415e+01";"1,00636519988346e+02";"1. Despertados (Efeito Indutor)"
"3553955";"TARUMA";"SP";"Pequeno Porte I";"1,03819268096226e+02";"8,23487345251409e+01";"2. Constantes (Sustentabilidade)"
"3554003";"TATUI";"SP";"Grande Porte";"2,48420351932426e+01";"3,95192172858343e+01";"1. Despertados (Efeito Indutor)"
"3554102";"TAUBATE";"SP";"Grande Porte";"3,00633050791837e+01";"6,12617443445359e+01";"1. Despertados (Efeito Indutor)"
"3554201";"TEJUPA";"SP";"Pequeno Porte I";"1,27197846860640e+00";"4,64977250608505e+00";"2. Constantes (Sustentabilidade)"
"3554300";"TEODORO SAMPAIO";"SP";"Pequeno Porte II";"1,41520424810171e+01";"5,34019941414176e+01";"1. Despertados (Efeito Indutor)"
"3554409";"TERRA ROXA";"SP";"Pequeno Porte I";"5,52525348963016e+01";"3,98875099154450e+01";"2. Constantes (Sustentabilidade)"
"3554508";"TIETE";"SP";"Pequeno Porte II";"2,16668064084246e+01";"2,37678942976452e+01";"2. Constantes (Sustentabilidade)"
"3554607";"TIMBURI";"SP";"Pequeno Porte I";"7,59491322237094e+01";"9,25392092862717e+01";"2. Constantes (Sustentabilidade)"
"3554706";"TORRINHA";"SP";"Pequeno Porte I";"5,02193236154272e+01";"1,36416337353224e+02";"1. Despertados (Efeito Indutor)"
"3554805";"TREMEMBE";"SP";"Médio Porte";"1,72356179961965e+01";"9,10379965928408e+01";"1. Despertados (Efeito Indutor)"
"3554904";"TRES FRONTEIRAS";"SP";"Pequeno Porte I";"4,11799810306821e-01";"7,64838769336577e+00";"1. Despertados (Efeito Indutor)"
"3554953";"TUIUTI";"SP";"Pequeno Porte I";"2,29571419935978e+01";"3,61293377228749e+01";"1. Despertados (Efeito Indutor)"
"3555000";"TUPA";"SP";"Médio Porte";"3,97082363172304e+01";"4,52964991332550e+01";"2. Constantes (Sustentabilidade)"
"3555109";"TUPI PAULISTA";"SP";"Pequeno Porte I";"1,65306592752802e+01";"1,18399107225440e+02";"1. Despertados (Efeito Indutor)"
"3555307";"TURMALINA";"SP";"Pequeno Porte I";"7,52233769604529e+01";"8,97115812391314e+01";"2. Constantes (Sustentabilidade)"
"3555406";"UBATUBA";"SP";"Médio Porte";"3,89270172997886e+01";"7,54806037395354e+01";"1. Despertados (Efeito Indutor)"
"3555505";"UBIRAJARA";"SP";"Pequeno Porte I";"1,25952472438122e+01";"1,26367692192526e+01";"2. Constantes (Sustentabilidade)"
"3555604";"UCHOA";"SP";"Pequeno Porte I";"5,62445998205861e-01";"2,09917180731514e+01";"1. Despertados (Efeito Indutor)"
"3555703";"UNIAO PAULISTA";"SP";"Pequeno Porte I";"1,07455399195286e+01";"2,43432220835933e+01";"1. Despertados (Efeito Indutor)"
"3555802";"URANIA";"SP";"Pequeno Porte I";"4,00674940455975e-02";"1,09633874592330e+02";"1. Despertados (Efeito Indutor)"
"3556008";"URUPES";"SP";"Pequeno Porte I";"3,73706226113641e+01";"6,12581045680151e+01";"1. Despertados (Efeito Indutor)"
"3556107";"VALENTIM GENTIL";"SP";"Pequeno Porte I";"9,77177139161322e+00";"1,00099390718415e+02";"1. Despertados (Efeito Indutor)"
"3556206";"VALINHOS";"SP";"Grande Porte";"4,43796106552166e+01";"9,39193389348437e+01";"1. Despertados (Efeito Indutor)"
"3556305";"VALPARAISO";"SP";"Pequeno Porte II";"1,33162858575066e+02";"1,91613507095264e+02";"1. Despertados (Efeito Indutor)"
"3556354";"VARGEM";"SP";"Pequeno Porte I";"1,02008814455501e+00";"1,43011318603418e+02";"1. Despertados (Efeito Indutor)"
"3556404";"VARGEM GRANDE DO SUL";"SP";"Pequeno Porte II";"3,59769644461821e+01";"8,09114074896140e+01";"1. Despertados (Efeito Indutor)"
"3556453";"VARGEM GRANDE PAULISTA";"SP";"Médio Porte";"4,34255223033332e+01";"7,14195724546544e+01";"1. Despertados (Efeito Indutor)"
"3556503";"VARZEA PAULISTA";"SP";"Grande Porte";"2,38966584007051e+01";"2,93961785695168e+01";"2. Constantes (Sustentabilidade)"
"3556602";"VERA CRUZ";"SP";"Pequeno Porte I";"9,27609111114637e+00";"4,37899635039739e+01";"1. Despertados (Efeito Indutor)"
"3556701";"VINHEDO";"SP";"Médio Porte";"7,80887278992331e+01";"1,87053488136724e+02";"1. Despertados (Efeito Indutor)"
"3556800";"VIRADOURO";"SP";"Pequeno Porte I";"1,11080597350593e+02";"1,68731975820034e+02";"1. Despertados (Efeito Indutor)"
"3556909";"VISTA ALEGRE DO ALTO";"SP";"Pequeno Porte I";"3,39275811188435e+01";"1,08032605670192e+02";"1. Despertados (Efeito Indutor)"
"3557006";"VOTORANTIM";"SP";"Grande Porte";"2,41958369391846e+01";"4,54712504037463e+01";"1. Despertados (Efeito Indutor)"
"3557105";"VOTUPORANGA";"SP";"Médio Porte";"5,08532977349590e+01";"7,02004757317243e+01";"1. Despertados (Efeito Indutor)"
"3557154";"ZACARIAS";"SP";"Pequeno Porte I";"8,20270171583949e+01";"1,18718912149111e+02";"1. Despertados (Efeito Indutor)"
"3557204";"CHAVANTES";"SP";"Pequeno Porte I";"7,54353951525414e+01";"7,87885749352225e+01";"2. Constantes (Sustentabilidade)"
"3557303";"ESTIVA GERBI";"SP";"Pequeno Porte I";"2,92413764330578e+01";"4,10185260462818e+01";"1. Despertados (Efeito Indutor)"
"4100103";"ABATIA";"PR";"Pequeno Porte I";"2,39854271526548e+00";"1,33159517730651e+02";"1. Despertados (Efeito Indutor)"
"4100202";"ADRIANOPOLIS";"PR";"Pequeno Porte I";"0,00000000000000e+00";"4,77082653974232e+01";"1. Despertados (Efeito Indutor)"
"4100301";"AGUDOS DO SUL";"PR";"Pequeno Porte I";"6,96538249125226e-01";"1,64869854661620e+01";"1. Despertados (Efeito Indutor)"
"4100400";"ALMIRANTE TAMANDARE";"PR";"Grande Porte";"3,67346862938866e+00";"1,77359924077973e+01";"1. Despertados (Efeito Indutor)"
"4100509";"ALTONIA";"PR";"Pequeno Porte I";"5,93815100233580e+00";"2,55084859985675e+01";"1. Despertados (Efeito Indutor)"
"4100608";"ALTO PARANA";"PR";"Pequeno Porte I";"2,24503174840008e+01";"1,28839129567721e+01";"4. Efeito Substituição (Retração Local)"
"4100707";"ALTO PIQUIRI";"PR";"Pequeno Porte I";"1,59384942554320e+00";"1,80322989769672e+01";"1. Despertados (Efeito Indutor)"
"4100806";"ALVORADA DO SUL";"PR";"Pequeno Porte I";"1,43818911227053e+01";"1,25878582343149e+01";"2. Constantes (Sustentabilidade)"
"4100905";"AMAPORA";"PR";"Pequeno Porte I";"6,56167580548756e+00";"6,43232414585538e+01";"1. Despertados (Efeito Indutor)"
"4101002";"AMPERE";"PR";"Pequeno Porte I";"3,00345138768789e+01";"6,24729026968184e+01";"1. Despertados (Efeito Indutor)"
"4101101";"ANDIRA";"PR";"Pequeno Porte I";"2,77675116600452e+01";"9,20170481066860e+01";"1. Despertados (Efeito Indutor)"
"4101200";"ANTONINA";"PR";"Pequeno Porte I";"4,14091766051323e+01";"9,96076609571420e+01";"1. Despertados (Efeito Indutor)"
"4101309";"ANTONIO OLINTO";"PR";"Pequeno Porte I";"1,64994728325887e+01";"2,10876434734717e+00";"4. Efeito Substituição (Retração Local)"
"4101408";"APUCARANA";"PR";"Grande Porte";"4,19319647238492e+01";"4,64853825217769e+01";"2. Constantes (Sustentabilidade)"
"4101507";"ARAPONGAS";"PR";"Grande Porte";"4,20463605849988e+01";"5,08475862142198e+01";"2. Constantes (Sustentabilidade)"
"4101606";"ARAPOTI";"PR";"Pequeno Porte II";"1,21458302811150e+01";"5,03268062749664e+01";"1. Despertados (Efeito Indutor)"
"4101655";"ARAPUA";"PR";"Pequeno Porte I";"1,14890018641914e+01";"1,34735274589216e+01";"2. Constantes (Sustentabilidade)"
"4101705";"ARARUNA";"PR";"Pequeno Porte I";"3,79817190381875e+01";"6,08719578947713e+01";"1. Despertados (Efeito Indutor)"
"4101804";"ARAUCARIA";"PR";"Grande Porte";"5,26976687280402e+01";"6,24331620881785e+01";"2. Constantes (Sustentabilidade)"
"4101853";"ARIRANHA DO IVAI";"PR";"Pequeno Porte I";"1,65402321829280e+01";"1,89595791904338e+02";"1. Despertados (Efeito Indutor)"
"4101903";"ASSAI";"PR";"Pequeno Porte I";"5,91364305254480e+01";"1,59875479506543e+02";"1. Despertados (Efeito Indutor)"
"4102000";"ASSIS CHATEAUBRIAND";"PR";"Pequeno Porte II";"8,74224566241172e+01";"3,27317556977270e+01";"4. Efeito Substituição (Retração Local)"
"4102109";"ASTORGA";"PR";"Pequeno Porte II";"2,83172907894195e+01";"8,98995926195202e+01";"1. Despertados (Efeito Indutor)"
"4102307";"BALSA NOVA";"PR";"Pequeno Porte I";"1,21185656636678e+01";"2,46776373109127e+01";"1. Despertados (Efeito Indutor)"
"4102406";"BANDEIRANTES";"PR";"Pequeno Porte II";"0,00000000000000e+00";"6,77727463894068e+00";"1. Despertados (Efeito Indutor)"
"4102505";"BARBOSA FERRAZ";"PR";"Pequeno Porte I";"1,45923700585220e+01";"1,81206294062813e+02";"1. Despertados (Efeito Indutor)"
"4102604";"BARRACAO";"PR";"Pequeno Porte I";"2,01193363725958e+01";"2,74931019041170e+01";"2. Constantes (Sustentabilidade)"
"4102752";"BELA VISTA DA CAROBA";"PR";"Pequeno Porte I";"0,00000000000000e+00";"6,35906900560954e+00";"1. Despertados (Efeito Indutor)"
"4102802";"BELA VISTA DO PARAISO";"PR";"Pequeno Porte I";"9,08935389159457e+00";"6,27437621409528e+01";"1. Despertados (Efeito Indutor)"
"4102901";"BITURUNA";"PR";"Pequeno Porte I";"1,64764604788249e+01";"8,34971328312586e+00";"2. Constantes (Sustentabilidade)"
"4103040";"BOA VENTURA DE SAO ROQUE";"PR";"Pequeno Porte I";"2,30625784599499e+01";"1,44734726495650e+01";"2. Constantes (Sustentabilidade)"
"4103057";"BOA VISTA DA APARECIDA";"PR";"Pequeno Porte I";"1,63477812357998e+01";"2,86823708910864e+01";"1. Despertados (Efeito Indutor)"
"4103107";"BOCAIUVA DO SUL";"PR";"Pequeno Porte I";"1,00352060826712e+01";"4,82382397925204e+00";"2. Constantes (Sustentabilidade)"
"4103156";"BOM JESUS DO SUL";"PR";"Pequeno Porte I";"1,29843998008867e+01";"8,22594217996386e+01";"1. Despertados (Efeito Indutor)"
"4103206";"BOM SUCESSO";"PR";"Pequeno Porte I";"2,63785739811106e+01";"5,88951038822865e+01";"1. Despertados (Efeito Indutor)"
"4103222";"BOM SUCESSO DO SUL";"PR";"Pequeno Porte I";"1,45312694061907e+01";"1,57017792266673e+02";"1. Despertados (Efeito Indutor)"
"4103305";"BORRAZOPOLIS";"PR";"Pequeno Porte I";"1,72851322016988e+01";"8,57205498955208e+01";"1. Despertados (Efeito Indutor)"
"4103370";"BRASILANDIA DO SUL";"PR";"Pequeno Porte I";"4,92347571213514e+01";"1,65892770439667e+02";"1. Despertados (Efeito Indutor)"
"4103453";"CAFELANDIA";"PR";"Pequeno Porte I";"2,63341632615892e+01";"7,39172392276382e+01";"1. Despertados (Efeito Indutor)"
"4103479";"CAFEZAL DO SUL";"PR";"Pequeno Porte I";"1,16285467121001e+01";"7,20194092647459e+01";"1. Despertados (Efeito Indutor)"
"4103503";"CALIFORNIA";"PR";"Pequeno Porte I";"1,54974105263501e+00";"1,31069213500932e+02";"1. Despertados (Efeito Indutor)"
"4103602";"CAMBARA";"PR";"Pequeno Porte II";"4,13223642206866e+01";"4,12455854427564e+01";"2. Constantes (Sustentabilidade)"
"4103701";"CAMBE";"PR";"Grande Porte";"2,15932765450129e+01";"4,69581941378081e+01";"1. Despertados (Efeito Indutor)"
"4103909";"CAMPINA DA LAGOA";"PR";"Pequeno Porte I";"2,70172632529344e-01";"7,03499971548436e+00";"1. Despertados (Efeito Indutor)"
"4104006";"CAMPINA GRANDE DO SUL";"PR";"Pequeno Porte II";"3,67247563208523e+01";"3,40958266603382e+01";"2. Constantes (Sustentabilidade)"
"4104105";"CAMPO DO TENENTE";"PR";"Pequeno Porte I";"1,74159998375906e+01";"9,06793867264494e+00";"2. Constantes (Sustentabilidade)"
"4104204";"CAMPO LARGO";"PR";"Grande Porte";"3,24290718015506e+01";"3,71033953254226e+01";"2. Constantes (Sustentabilidade)"
"4104253";"CAMPO MAGRO";"PR";"Pequeno Porte II";"5,98960527218157e+00";"1,52599378185594e+01";"1. Despertados (Efeito Indutor)"
"4104303";"CAMPO MOURAO";"PR";"Médio Porte";"1,48818565924797e+01";"3,40332746127017e+01";"1. Despertados (Efeito Indutor)"
"4104402";"CANDIDO DE ABREU";"PR";"Pequeno Porte I";"8,44281772264303e+00";"9,69147621940653e+01";"1. Despertados (Efeito Indutor)"
"4104428";"CANDOI";"PR";"Pequeno Porte I";"2,51717728200372e+01";"1,81087521428317e+02";"1. Despertados (Efeito Indutor)"
"4104451";"CANTAGALO";"PR";"Pequeno Porte I";"0,00000000000000e+00";"2,32113154305022e+01";"1. Despertados (Efeito Indutor)"
"4104501";"CAPANEMA";"PR";"Pequeno Porte II";"1,16894521748576e+01";"2,99864903905202e+01";"1. Despertados (Efeito Indutor)"
"4104600";"CAPITAO LEONIDAS MARQUES";"PR";"Pequeno Porte I";"3,39736420036025e+01";"2,95110064794993e+01";"2. Constantes (Sustentabilidade)"
"4104709";"CARLOPOLIS";"PR";"Pequeno Porte I";"1,14202184484360e+01";"1,44006811248842e+01";"2. Constantes (Sustentabilidade)"
"4104808";"CASCAVEL";"PR";"Grande Porte";"1,86944494127581e+01";"1,26400715155222e+01";"2. Constantes (Sustentabilidade)"
"4104907";"CASTRO";"PR";"Médio Porte";"2,57533106483803e+01";"4,81313501134502e+01";"1. Despertados (Efeito Indutor)"
"4105003";"CATANDUVAS";"PR";"Pequeno Porte I";"4,38788753699601e+01";"1,34588961623685e+02";"1. Despertados (Efeito Indutor)"
"4105102";"CENTENARIO DO SUL";"PR";"Pequeno Porte I";"3,55633792761729e+01";"1,00740386058901e+02";"1. Despertados (Efeito Indutor)"
"4105201";"CERRO AZUL";"PR";"Pequeno Porte I";"9,70522319070366e-01";"8,67900133373132e+01";"1. Despertados (Efeito Indutor)"
"4105300";"CEU AZUL";"PR";"Pequeno Porte I";"3,97618259833774e+01";"6,33565739069588e+01";"1. Despertados (Efeito Indutor)"
"4105409";"CHOPINZINHO";"PR";"Pequeno Porte II";"1,87995809765281e+01";"3,23373991855595e+01";"1. Despertados (Efeito Indutor)"
"4105508";"CIANORTE";"PR";"Médio Porte";"2,28138480254358e+01";"2,54560312317284e+01";"2. Constantes (Sustentabilidade)"
"4105607";"CIDADE GAUCHA";"PR";"Pequeno Porte I";"6,25873426952844e+01";"7,40133612279569e+00";"4. Efeito Substituição (Retração Local)"
"4105706";"CLEVELANDIA";"PR";"Pequeno Porte I";"4,40401851225645e+00";"2,75214753804040e+01";"1. Despertados (Efeito Indutor)"
"4105805";"COLOMBO";"PR";"Grande Porte";"1,20501261672991e+01";"1,60103305428607e+01";"2. Constantes (Sustentabilidade)"
"4105904";"COLORADO";"PR";"Pequeno Porte II";"1,16487261810297e+01";"1,35549459774215e+01";"2. Constantes (Sustentabilidade)"
"4106001";"CONGONHINHAS";"PR";"Pequeno Porte I";"2,06845265150411e+01";"1,28545864700759e+02";"1. Despertados (Efeito Indutor)"
"4106100";"CONSELHEIRO MAIRINCK";"PR";"Pequeno Porte I";"0,00000000000000e+00";"1,24819039398828e+02";"1. Despertados (Efeito Indutor)"
"4106209";"CONTENDA";"PR";"Pequeno Porte I";"1,27732752148646e+01";"3,23958867631342e+01";"1. Despertados (Efeito Indutor)"
"4106308";"CORBELIA";"PR";"Pequeno Porte I";"1,31286457004943e+02";"5,38680199299856e+01";"4. Efeito Substituição (Retração Local)"
"4106407";"CORNELIO PROCOPIO";"PR";"Pequeno Porte II";"2,45137282936113e+01";"2,80122790116356e+01";"2. Constantes (Sustentabilidade)"
"4106456";"CORONEL DOMINGOS SOARES";"PR";"Pequeno Porte I";"2,00221076656601e+01";"3,83861841492601e+01";"1. Despertados (Efeito Indutor)"
"4106506";"CORONEL VIVIDA";"PR";"Pequeno Porte II";"2,11615586446645e+01";"2,80311494308843e+01";"2. Constantes (Sustentabilidade)"
"4106555";"CORUMBATAI DO SUL";"PR";"Pequeno Porte I";"0,00000000000000e+00";"2,89003996353073e+00";"2. Constantes (Sustentabilidade)"
"4106571";"CRUZEIRO DO IGUACU";"PR";"Pequeno Porte I";"5,96125305672076e+01";"6,62002716676029e+01";"2. Constantes (Sustentabilidade)"
"4106605";"CRUZEIRO DO OESTE";"PR";"Pequeno Porte II";"8,90285655364766e+00";"7,19281745346013e+00";"2. Constantes (Sustentabilidade)"
"4106704";"CRUZEIRO DO SUL";"PR";"Pequeno Porte I";"5,20530590349164e+01";"7,81200739659544e+01";"1. Despertados (Efeito Indutor)"
"4106803";"CRUZ MACHADO";"PR";"Pequeno Porte I";"1,50952672891478e+01";"2,64505262500237e+01";"1. Despertados (Efeito Indutor)"
"4106852";"CRUZMALTINA";"PR";"Pequeno Porte I";"5,13859274353537e+01";"9,70435712909586e+01";"1. Despertados (Efeito Indutor)"
"4106902";"CURITIBA";"PR";"Metrópole";"5,90584485121394e+01";"6,97312439002588e+01";"2. Constantes (Sustentabilidade)"
"4107009";"CURIUVA";"PR";"Pequeno Porte I";"1,41165899692412e+01";"0,00000000000000e+00";"4. Efeito Substituição (Retração Local)"
"4107108";"DIAMANTE DO NORTE";"PR";"Pequeno Porte I";"2,85474655827602e+01";"3,26362785950845e+01";"2. Constantes (Sustentabilidade)"
"4107124";"DIAMANTE DO SUL";"PR";"Pequeno Porte I";"4,03351719453277e-01";"2,58378895295136e+00";"2. Constantes (Sustentabilidade)"
"4107157";"DIAMANTE D'OESTE";"PR";"Pequeno Porte I";"1,13403360121854e+00";"7,13897862392855e+01";"1. Despertados (Efeito Indutor)"
"4107207";"DOIS VIZINHOS";"PR";"Pequeno Porte II";"2,65024110569820e+01";"3,34210797804910e+01";"2. Constantes (Sustentabilidade)"
"4107256";"DOURADINA";"PR";"Pequeno Porte I";"2,06817274006774e+00";"1,34584716216297e+01";"1. Despertados (Efeito Indutor)"
"4107306";"DOUTOR CAMARGO";"PR";"Pequeno Porte I";"1,05302483672031e+01";"1,53602786563881e+02";"1. Despertados (Efeito Indutor)"
"4107405";"ENEAS MARQUES";"PR";"Pequeno Porte I";"1,32255266417598e+00";"5,07582960587730e+01";"1. Despertados (Efeito Indutor)"
"4107504";"ENGENHEIRO BELTRAO";"PR";"Pequeno Porte I";"4,67169375439344e+01";"3,27510641140107e+01";"2. Constantes (Sustentabilidade)"
"4107546";"ESPIGAO ALTO DO IGUACU";"PR";"Pequeno Porte I";"3,88011751427149e+01";"4,83508448945831e+01";"2. Constantes (Sustentabilidade)"
"4107603";"FAXINAL";"PR";"Pequeno Porte I";"1,37890621619721e+01";"6,13913748469551e+01";"1. Despertados (Efeito Indutor)"
"4107652";"FAZENDA RIO GRANDE";"PR";"Grande Porte";"1,87262032407428e+01";"1,88885024939054e+01";"2. Constantes (Sustentabilidade)"
"4107702";"FENIX";"PR";"Pequeno Porte I";"9,93180541857475e-01";"2,00145794746968e+01";"1. Despertados (Efeito Indutor)"
"4107736";"FERNANDES PINHEIRO";"PR";"Pequeno Porte I";"5,68231619188092e+01";"6,88509471073669e+01";"2. Constantes (Sustentabilidade)"
"4107751";"FIGUEIRA";"PR";"Pequeno Porte I";"0,00000000000000e+00";"7,89324957654125e+00";"1. Despertados (Efeito Indutor)"
"4107850";"FLOR DA SERRA DO SUL";"PR";"Pequeno Porte I";"3,73500119739554e+01";"7,14185998062676e+01";"1. Despertados (Efeito Indutor)"
"4107900";"FLORESTA";"PR";"Pequeno Porte I";"0,00000000000000e+00";"4,05903518837254e+00";"2. Constantes (Sustentabilidade)"
"4108007";"FLORESTOPOLIS";"PR";"Pequeno Porte I";"0,00000000000000e+00";"6,37098295849036e+00";"1. Despertados (Efeito Indutor)"
"4108106";"FLORIDA";"PR";"Pequeno Porte I";"1,82115433867098e+01";"2,44078597201523e+01";"2. Constantes (Sustentabilidade)"
"4108304";"FOZ DO IGUACU";"PR";"Grande Porte";"3,03307640581176e+01";"1,33736108100454e+02";"1. Despertados (Efeito Indutor)"
"4108320";"FRANCISCO ALVES";"PR";"Pequeno Porte I";"0,00000000000000e+00";"1,49375645298827e+00";"2. Constantes (Sustentabilidade)"
"4108403";"FRANCISCO BELTRAO";"PR";"Médio Porte";"7,04537517034450e+01";"9,74301897660343e+01";"1. Despertados (Efeito Indutor)"
"4108502";"GENERAL CARNEIRO";"PR";"Pequeno Porte I";"1,33513728381448e+00";"7,09465272097651e+00";"1. Despertados (Efeito Indutor)"
"4108551";"GODOY MOREIRA";"PR";"Pequeno Porte I";"7,47010976536867e+00";"4,92772697043897e+01";"1. Despertados (Efeito Indutor)"
"4108601";"GOIOERE";"PR";"Pequeno Porte II";"3,01144468186351e+01";"7,68704149818712e+01";"1. Despertados (Efeito Indutor)"
"4108650";"GOIOXIM";"PR";"Pequeno Porte I";"1,00349279301857e+00";"5,60029969922030e+01";"1. Despertados (Efeito Indutor)"
"4108809";"GUAIRA";"PR";"Pequeno Porte II";"2,85642726941213e+01";"6,09875995783662e+01";"1. Despertados (Efeito Indutor)"
"4108908";"GUAIRACA";"PR";"Pequeno Porte I";"6,81952390015245e+01";"1,65396790927375e+01";"4. Efeito Substituição (Retração Local)"
"4108957";"GUAMIRANGA";"PR";"Pequeno Porte I";"4,01857265299153e-01";"4,03063803075307e+00";"2. Constantes (Sustentabilidade)"
"4109104";"GUAPOREMA";"PR";"Pequeno Porte I";"2,81514477845028e+01";"7,27956219871394e+01";"1. Despertados (Efeito Indutor)"
"4109203";"GUARACI";"PR";"Pequeno Porte I";"8,87576478569102e+01";"0,00000000000000e+00";"4. Efeito Substituição (Retração Local)"
"4109302";"GUARANIACU";"PR";"Pequeno Porte I";"8,87580070920733e+00";"6,98585075438114e+01";"1. Despertados (Efeito Indutor)"
"4109401";"GUARAPUAVA";"PR";"Grande Porte";"2,99354384777073e+01";"2,60914687770632e+01";"2. Constantes (Sustentabilidade)"
"4109609";"GUARATUBA";"PR";"Pequeno Porte II";"7,20633252348046e+01";"3,69365170128720e+01";"4. Efeito Substituição (Retração Local)"
"4109658";"HONORIO SERPA";"PR";"Pequeno Porte I";"5,89224410551321e+00";"1,86096772373852e+01";"1. Despertados (Efeito Indutor)"
"4109708";"IBAITI";"PR";"Pequeno Porte II";"2,03097982193081e+01";"9,32625390351306e+00";"4. Efeito Substituição (Retração Local)"
"4109757";"IBEMA";"PR";"Pequeno Porte I";"4,26260903932781e+01";"1,43208613208825e+02";"1. Despertados (Efeito Indutor)"
"4109807";"IBIPORA";"PR";"Médio Porte";"8,57188707628175e+01";"1,26814829021779e+02";"1. Despertados (Efeito Indutor)"
"4109906";"ICARAIMA";"PR";"Pequeno Porte I";"3,57007403170021e+01";"9,71624083240816e+01";"1. Despertados (Efeito Indutor)"
"4110003";"IGUARACU";"PR";"Pequeno Porte I";"0,00000000000000e+00";"1,12676492912462e+02";"1. Despertados (Efeito Indutor)"
"4110078";"IMBAU";"PR";"Pequeno Porte I";"1,36189012825737e-01";"5,97695509294303e+01";"1. Despertados (Efeito Indutor)"
"4110102";"IMBITUVA";"PR";"Pequeno Porte II";"1,33073945780557e+00";"2,86145323261173e+00";"2. Constantes (Sustentabilidade)"
"4110201";"INACIO MARTINS";"PR";"Pequeno Porte I";"1,65212465120149e+00";"7,76857446241678e-01";"2. Constantes (Sustentabilidade)"
"4110300";"INAJA";"PR";"Pequeno Porte I";"3,18921639806077e+01";"2,93196081203719e+01";"2. Constantes (Sustentabilidade)"
"4110409";"INDIANOPOLIS";"PR";"Pequeno Porte I";"8,92629028344077e+00";"2,18915868946415e+01";"1. Despertados (Efeito Indutor)"
"4110508";"IPIRANGA";"PR";"Pequeno Porte I";"2,37537718020135e+01";"1,91344389073009e+01";"2. Constantes (Sustentabilidade)"
"4110607";"IPORA";"PR";"Pequeno Porte I";"6,64492820217787e+00";"9,07979007997808e+00";"2. Constantes (Sustentabilidade)"
"4110706";"IRATI";"PR";"Médio Porte";"3,73275963329575e+01";"3,74162200566545e+01";"2. Constantes (Sustentabilidade)"
"4110805";"IRETAMA";"PR";"Pequeno Porte I";"8,51329497634165e+00";"5,17926925995657e+00";"2. Constantes (Sustentabilidade)"
"4110904";"ITAGUAJE";"PR";"Pequeno Porte I";"0,00000000000000e+00";"5,40132248647765e-01";"2. Constantes (Sustentabilidade)"
"4110953";"ITAIPULANDIA";"PR";"Pequeno Porte I";"1,38415102790745e+02";"1,28585219699671e+02";"2. Constantes (Sustentabilidade)"
"4111001";"ITAMBARACA";"PR";"Pequeno Porte I";"3,08554217644818e+00";"4,00440722507860e+01";"1. Despertados (Efeito Indutor)"
"4111100";"ITAMBE";"PR";"Pequeno Porte I";"1,09466921459211e+02";"1,20209902337323e+02";"2. Constantes (Sustentabilidade)"
"4111209";"ITAPEJARA D'OESTE";"PR";"Pequeno Porte I";"0,00000000000000e+00";"7,66523212654850e+01";"1. Despertados (Efeito Indutor)"
"4111258";"ITAPERUCU";"PR";"Pequeno Porte II";"1,37464741986408e+00";"8,67616071306558e-03";"2. Constantes (Sustentabilidade)"
"4111308";"ITAUNA DO SUL";"PR";"Pequeno Porte I";"1,57472086129563e+01";"4,66671391406007e-02";"4. Efeito Substituição (Retração Local)"
"4111407";"IVAI";"PR";"Pequeno Porte I";"9,31552066738334e+00";"0,00000000000000e+00";"4. Efeito Substituição (Retração Local)"
"4111506";"IVAIPORA";"PR";"Pequeno Porte II";"3,58942238722269e+01";"5,86302189239473e+01";"1. Despertados (Efeito Indutor)"
"4111555";"IVATE";"PR";"Pequeno Porte I";"2,41621507457034e+01";"8,18785183679943e+01";"1. Despertados (Efeito Indutor)"
"4111704";"JABOTI";"PR";"Pequeno Porte I";"0,00000000000000e+00";"7,10803541278604e+00";"1. Despertados (Efeito Indutor)"
"4111803";"JACAREZINHO";"PR";"Pequeno Porte II";"1,72946513597968e+01";"4,40551064998809e+01";"1. Despertados (Efeito Indutor)"
"4111902";"JAGUAPITA";"PR";"Pequeno Porte I";"4,68936377157448e+00";"4,54770597552121e+01";"1. Despertados (Efeito Indutor)"
"4112009";"JAGUARIAIVA";"PR";"Pequeno Porte II";"3,17158407985952e+01";"7,26635675156386e+01";"1. Despertados (Efeito Indutor)"
"4112108";"JANDAIA DO SUL";"PR";"Pequeno Porte II";"4,62186412665439e+00";"2,87849363447733e+01";"1. Despertados (Efeito Indutor)"
"4112207";"JANIOPOLIS";"PR";"Pequeno Porte I";"0,00000000000000e+00";"1,06811490531915e+02";"1. Despertados (Efeito Indutor)"
"4112306";"JAPIRA";"PR";"Pequeno Porte I";"9,41915940348375e+00";"2,15401914322882e+01";"1. Despertados (Efeito Indutor)"
"4112405";"JAPURA";"PR";"Pequeno Porte I";"1,19261827403432e+01";"1,20842231512418e+02";"1. Despertados (Efeito Indutor)"
"4112504";"JARDIM ALEGRE";"PR";"Pequeno Porte I";"0,00000000000000e+00";"5,12403634433752e+01";"1. Despertados (Efeito Indutor)"
"4112702";"JATAIZINHO";"PR";"Pequeno Porte I";"1,07881154688606e+02";"9,19245921736483e+01";"2. Constantes (Sustentabilidade)"
"4112751";"JESUITAS";"PR";"Pequeno Porte I";"7,13172919577729e+01";"2,27076470821551e+01";"4. Efeito Substituição (Retração Local)"
"4112900";"JUNDIAI DO SUL";"PR";"Pequeno Porte I";"4,35808523475374e-01";"1,19466479914018e+02";"1. Despertados (Efeito Indutor)"
"4113007";"JUSSARA";"PR";"Pequeno Porte I";"3,18568271210926e+01";"1,22322945116712e+02";"1. Despertados (Efeito Indutor)"
"4113106";"KALORE";"PR";"Pequeno Porte I";"9,80972396781504e+00";"1,01051666147246e+02";"1. Despertados (Efeito Indutor)"
"4113205";"LAPA";"PR";"Pequeno Porte II";"2,82582559317812e+01";"2,86073432235972e+01";"2. Constantes (Sustentabilidade)"
"4113254";"LARANJAL";"PR";"Pequeno Porte I";"2,01199388132470e+01";"3,88890651429064e+01";"1. Despertados (Efeito Indutor)"
"4113304";"LARANJEIRAS DO SUL";"PR";"Pequeno Porte II";"1,14507564313762e+01";"2,97824020006600e+00";"4. Efeito Substituição (Retração Local)"
"4113452";"LINDOESTE";"PR";"Pequeno Porte I";"1,92885182238780e+01";"2,89001826425412e+01";"1. Despertados (Efeito Indutor)"
"4113502";"LOANDA";"PR";"Pequeno Porte II";"9,85944566493798e+00";"8,67114093021203e+00";"2. Constantes (Sustentabilidade)"
"4113601";"LOBATO";"PR";"Pequeno Porte I";"7,49768121131037e+01";"3,33374677931291e+01";"4. Efeito Substituição (Retração Local)"
"4113700";"LONDRINA";"PR";"Grande Porte";"3,14307876119823e+01";"2,93118238759964e+01";"2. Constantes (Sustentabilidade)"
"4113759";"LUNARDELLI";"PR";"Pequeno Porte I";"0,00000000000000e+00";"1,76552297599831e+01";"1. Despertados (Efeito Indutor)"
"4113809";"LUPIONOPOLIS";"PR";"Pequeno Porte I";"2,43714956573440e+01";"5,22510218714772e+01";"1. Despertados (Efeito Indutor)"
"4113908";"MALLET";"PR";"Pequeno Porte I";"2,11696862216308e+01";"2,39635075253811e+01";"2. Constantes (Sustentabilidade)"
"4114005";"MAMBORE";"PR";"Pequeno Porte I";"4,14942087028348e+01";"9,61117213147023e+01";"1. Despertados (Efeito Indutor)"
"4114104";"MANDAGUACU";"PR";"Pequeno Porte II";"1,14514227169905e+01";"2,13376192202928e+01";"1. Despertados (Efeito Indutor)"
"4114203";"MANDAGUARI";"PR";"Pequeno Porte II";"2,29041830577577e+01";"7,42546889638337e+01";"1. Despertados (Efeito Indutor)"
"4114302";"MANDIRITUBA";"PR";"Pequeno Porte II";"5,21680829472298e+00";"3,21944796480002e+00";"2. Constantes (Sustentabilidade)"
"4114351";"MANFRINOPOLIS";"PR";"Pequeno Porte I";"1,40811394113420e+01";"3,59066154422754e+01";"1. Despertados (Efeito Indutor)"
"4114401";"MANGUEIRINHA";"PR";"Pequeno Porte I";"2,16352347009158e+00";"1,38143561034803e+01";"1. Despertados (Efeito Indutor)"
"4114500";"MANOEL RIBAS";"PR";"Pequeno Porte I";"0,00000000000000e+00";"9,55510492601146e+01";"1. Despertados (Efeito Indutor)"
"4114609";"MARECHAL CANDIDO RONDON";"PR";"Médio Porte";"5,26616053285258e+01";"1,68744323013586e+02";"1. Despertados (Efeito Indutor)"
"4114708";"MARIA HELENA";"PR";"Pequeno Porte I";"1,97765352521239e+01";"4,04649300006457e+01";"1. Despertados (Efeito Indutor)"
"4114807";"MARIALVA";"PR";"Pequeno Porte II";"2,19260344022334e+01";"3,40246211902844e+01";"1. Despertados (Efeito Indutor)"
"4114906";"MARILANDIA DO SUL";"PR";"Pequeno Porte I";"0,00000000000000e+00";"9,01533169465192e+01";"1. Despertados (Efeito Indutor)"
"4115002";"MARILENA";"PR";"Pequeno Porte I";"4,91048813323299e+00";"3,49649862163459e+01";"1. Despertados (Efeito Indutor)"
"4115200";"MARINGA";"PR";"Grande Porte";"3,72123803177090e+01";"4,31990592341626e+01";"2. Constantes (Sustentabilidade)"
"4115309";"MARIOPOLIS";"PR";"Pequeno Porte I";"8,60865910603524e+00";"1,77326386175796e+01";"1. Despertados (Efeito Indutor)"
"4115408";"MARMELEIRO";"PR";"Pequeno Porte I";"1,31940067521125e+01";"3,12411304606227e+01";"1. Despertados (Efeito Indutor)"
"4115457";"MARQUINHO";"PR";"Pequeno Porte I";"0,00000000000000e+00";"6,98658303730018e+00";"1. Despertados (Efeito Indutor)"
"4115507";"MARUMBI";"PR";"Pequeno Porte I";"1,99001996628576e+01";"9,39201261097550e+01";"1. Despertados (Efeito Indutor)"
"4115705";"MATINHOS";"PR";"Pequeno Porte II";"7,83462552293399e-01";"8,48901881645866e+00";"1. Despertados (Efeito Indutor)"
"4115739";"MATO RICO";"PR";"Pequeno Porte I";"4,55743615582234e+01";"4,49129081617875e+01";"2. Constantes (Sustentabilidade)"
"4115754";"MAUA DA SERRA";"PR";"Pequeno Porte I";"5,46326755034844e+00";"1,06558861641451e+02";"1. Despertados (Efeito Indutor)"
"4115804";"MEDIANEIRA";"PR";"Médio Porte";"1,47165572273184e+01";"2,32291042278491e+01";"1. Despertados (Efeito Indutor)"
"4115853";"MERCEDES";"PR";"Pequeno Porte I";"1,28268561900071e+02";"1,06867903278272e+02";"2. Constantes (Sustentabilidade)"
"4115903";"MIRADOR";"PR";"Pequeno Porte I";"2,89944312604760e+01";"1,66194234258586e+02";"1. Despertados (Efeito Indutor)"
"4116000";"MIRASELVA";"PR";"Pequeno Porte I";"0,00000000000000e+00";"1,95827390844705e+02";"1. Despertados (Efeito Indutor)"
"4116059";"MISSAL";"PR";"Pequeno Porte I";"5,87156881436261e+01";"7,72899452367259e+01";"1. Despertados (Efeito Indutor)"
"4116109";"MOREIRA SALES";"PR";"Pequeno Porte I";"2,73882177619720e+01";"1,50297015659955e+01";"4. Efeito Substituição (Retração Local)"
"4116208";"MORRETES";"PR";"Pequeno Porte I";"1,62609434844992e-01";"0,00000000000000e+00";"2. Constantes (Sustentabilidade)"
"4116307";"MUNHOZ DE MELO";"PR";"Pequeno Porte I";"8,90945795096993e+01";"1,55691513112040e+02";"1. Despertados (Efeito Indutor)"
"4116406";"NOSSA SENHORA DAS GRACAS";"PR";"Pequeno Porte I";"0,00000000000000e+00";"1,33490872742224e+02";"1. Despertados (Efeito Indutor)"
"4116505";"NOVA ALIANCA DO IVAI";"PR";"Pequeno Porte I";"1,05123925703651e+01";"0,00000000000000e+00";"4. Efeito Substituição (Retração Local)"
"4116604";"NOVA AMERICA DA COLINA";"PR";"Pequeno Porte I";"2,60584291717892e+00";"7,73987177496496e+00";"2. Constantes (Sustentabilidade)"
"4116703";"NOVA AURORA";"PR";"Pequeno Porte I";"2,06529805409169e+01";"5,05512933090244e+01";"1. Despertados (Efeito Indutor)"
"4116802";"NOVA CANTU";"PR";"Pequeno Porte I";"0,00000000000000e+00";"2,66646270927153e+00";"2. Constantes (Sustentabilidade)"
"4116901";"NOVA ESPERANCA";"PR";"Pequeno Porte II";"3,29968288729231e+01";"7,84548984621615e+01";"1. Despertados (Efeito Indutor)"
"4116950";"NOVA ESPERANCA DO SUDOESTE";"PR";"Pequeno Porte I";"3,55864349982298e+01";"5,37199250733398e+01";"1. Despertados (Efeito Indutor)"
"4117008";"NOVA FATIMA";"PR";"Pequeno Porte I";"2,80390934989421e+01";"1,98088590321440e+01";"2. Constantes (Sustentabilidade)"
"4117057";"NOVA LARANJEIRAS";"PR";"Pequeno Porte I";"3,93057649319739e+01";"9,47016044969515e+01";"1. Despertados (Efeito Indutor)"
"4117107";"NOVA LONDRINA";"PR";"Pequeno Porte I";"4,38906772175548e+01";"7,40556155184507e+01";"1. Despertados (Efeito Indutor)"
"4117206";"NOVA OLIMPIA";"PR";"Pequeno Porte I";"0,00000000000000e+00";"1,40043849290306e+02";"1. Despertados (Efeito Indutor)"
"4117214";"NOVA SANTA BARBARA";"PR";"Pequeno Porte I";"1,74551315956458e+01";"7,14126087310391e+01";"1. Despertados (Efeito Indutor)"
"4117255";"NOVA PRATA DO IGUACU";"PR";"Pequeno Porte I";"4,83246866359089e-01";"3,01792865414717e+01";"1. Despertados (Efeito Indutor)"
"4117271";"NOVA TEBAS";"PR";"Pequeno Porte I";"2,31109233459488e-01";"4,13288558840127e+01";"1. Despertados (Efeito Indutor)"
"4117305";"ORTIGUEIRA";"PR";"Pequeno Porte II";"0,00000000000000e+00";"1,46977916793152e+02";"1. Despertados (Efeito Indutor)"
"4117404";"OURIZONA";"PR";"Pequeno Porte I";"9,95719031656874e+01";"9,38119611486533e+01";"2. Constantes (Sustentabilidade)"
"4117453";"OURO VERDE DO OESTE";"PR";"Pequeno Porte I";"3,99686390690248e+01";"1,51635918184713e+02";"1. Despertados (Efeito Indutor)"
"4117503";"PAICANDU";"PR";"Pequeno Porte II";"8,36615933023522e+00";"1,95896321361337e+01";"1. Despertados (Efeito Indutor)"
"4117602";"PALMAS";"PR";"Pequeno Porte II";"2,21706794582523e+01";"1,58417486589782e+01";"2. Constantes (Sustentabilidade)"
"4117701";"PALMEIRA";"PR";"Pequeno Porte II";"5,41359842960551e+01";"5,97143977761869e+01";"2. Constantes (Sustentabilidade)"
"4117800";"PALMITAL";"PR";"Pequeno Porte I";"0,00000000000000e+00";"3,29757403460854e+01";"1. Despertados (Efeito Indutor)"
"4117909";"PALOTINA";"PR";"Pequeno Porte II";"3,00181271461122e+01";"6,38982869698508e+01";"1. Despertados (Efeito Indutor)"
"4118006";"PARAISO DO NORTE";"PR";"Pequeno Porte I";"5,38151313077457e+01";"1,14265612292111e+02";"1. Despertados (Efeito Indutor)"
"4118105";"PARANACITY";"PR";"Pequeno Porte I";"6,54062318631520e+00";"1,01354648636918e+01";"2. Constantes (Sustentabilidade)"
"4118204";"PARANAGUA";"PR";"Grande Porte";"2,17334387313985e+01";"2,45410680868616e+01";"2. Constantes (Sustentabilidade)"
"4118303";"PARANAPOEMA";"PR";"Pequeno Porte I";"6,96350371335911e+01";"1,80496619369731e+02";"1. Despertados (Efeito Indutor)"
"4118402";"PARANAVAI";"PR";"Médio Porte";"2,70417581305115e+01";"4,71026814142343e+01";"1. Despertados (Efeito Indutor)"
"4118501";"PATO BRANCO";"PR";"Médio Porte";"0,00000000000000e+00";"1,56597215551284e+01";"1. Despertados (Efeito Indutor)"
"4118600";"PAULA FREITAS";"PR";"Pequeno Porte I";"3,03415144670539e+01";"4,69988972976211e+01";"1. Despertados (Efeito Indutor)"
"4118709";"PAULO FRONTIN";"PR";"Pequeno Porte I";"8,15984278340259e-01";"5,44227196355486e-01";"2. Constantes (Sustentabilidade)"
"4118808";"PEABIRU";"PR";"Pequeno Porte I";"3,46523075851704e+01";"1,01579940117150e+02";"1. Despertados (Efeito Indutor)"
"4118857";"PEROBAL";"PR";"Pequeno Porte I";"1,86862284214683e+01";"2,00657920893508e+01";"2. Constantes (Sustentabilidade)"
"4118907";"PEROLA";"PR";"Pequeno Porte I";"2,55693705446948e+01";"7,71622275882227e+01";"1. Despertados (Efeito Indutor)"
"4119004";"PEROLA D'OESTE";"PR";"Pequeno Porte I";"1,19787711855957e+00";"6,18708614285076e+00";"2. Constantes (Sustentabilidade)"
"4119103";"PIEN";"PR";"Pequeno Porte I";"2,33924076694639e+01";"1,30518491080527e+02";"1. Despertados (Efeito Indutor)"
"4119152";"PINHAIS";"PR";"Grande Porte";"4,38575733675779e+00";"7,59945733297980e+00";"2. Constantes (Sustentabilidade)"
"4119202";"PINHALAO";"PR";"Pequeno Porte I";"6,21319252749403e+00";"3,73555514875242e+01";"1. Despertados (Efeito Indutor)"
"4119251";"PINHAL DE SAO BENTO";"PR";"Pequeno Porte I";"4,11910105766146e+01";"9,26425811847679e+01";"1. Despertados (Efeito Indutor)"
"4119301";"PINHAO";"PR";"Pequeno Porte II";"1,19196210596776e+01";"6,35233024620895e+01";"1. Despertados (Efeito Indutor)"
"4119400";"PIRAI DO SUL";"PR";"Pequeno Porte II";"6,25610758824600e+00";"4,01772997493177e+01";"1. Despertados (Efeito Indutor)"
"4119509";"PIRAQUARA";"PR";"Grande Porte";"3,76070847561305e+01";"2,62988546317393e+01";"2. Constantes (Sustentabilidade)"
"4119608";"PITANGA";"PR";"Pequeno Porte II";"2,06746246106798e+01";"1,86394915554316e+01";"2. Constantes (Sustentabilidade)"
"4119657";"PITANGUEIRAS";"PR";"Pequeno Porte I";"1,26002678742293e+02";"1,72222070315199e+02";"1. Despertados (Efeito Indutor)"
"4119707";"PLANALTINA DO PARANA";"PR";"Pequeno Porte I";"0,00000000000000e+00";"7,66773728076569e+01";"1. Despertados (Efeito Indutor)"
"4119806";"PLANALTO";"PR";"Pequeno Porte I";"3,80421780596433e+01";"6,82087073249815e+01";"1. Despertados (Efeito Indutor)"
"4119905";"PONTA GROSSA";"PR";"Grande Porte";"2,73965552546426e+01";"5,23817444326800e+01";"1. Despertados (Efeito Indutor)"
"4119954";"PONTAL DO PARANA";"PR";"Pequeno Porte II";"4,04931041950788e-01";"7,15014745906074e+00";"1. Despertados (Efeito Indutor)"
"4120002";"PORECATU";"PR";"Pequeno Porte I";"2,86403127392274e+01";"6,45382471346630e+01";"1. Despertados (Efeito Indutor)"
"4120101";"PORTO AMAZONAS";"PR";"Pequeno Porte I";"1,05079141407582e+02";"6,38118554252032e+01";"4. Efeito Substituição (Retração Local)"
"4120150";"PORTO BARREIRO";"PR";"Pequeno Porte I";"6,78018764633000e+00";"2,51229549671863e+01";"1. Despertados (Efeito Indutor)"
"4120200";"PORTO RICO";"PR";"Pequeno Porte I";"1,82819624485798e+01";"4,45865638054135e+01";"1. Despertados (Efeito Indutor)"
"4120358";"PRANCHITA";"PR";"Pequeno Porte I";"2,59185735465370e+01";"3,71171105788535e+01";"1. Despertados (Efeito Indutor)"
"4120408";"PRESIDENTE CASTELO BRANCO";"PR";"Pequeno Porte I";"0,00000000000000e+00";"1,69039713369970e+02";"1. Despertados (Efeito Indutor)"
"4120606";"PRUDENTOPOLIS";"PR";"Pequeno Porte II";"3,54097017775584e+01";"3,07445084517804e+01";"2. Constantes (Sustentabilidade)"
"4120655";"QUARTO CENTENARIO";"PR";"Pequeno Porte I";"1,23527029862542e+01";"1,18007691418099e+02";"1. Despertados (Efeito Indutor)"
"4120705";"QUATIGUA";"PR";"Pequeno Porte I";"1,34884564536675e+01";"6,54164205353531e+01";"1. Despertados (Efeito Indutor)"
"4120804";"QUATRO BARRAS";"PR";"Pequeno Porte II";"4,65299652719954e+01";"5,80587409241176e+01";"2. Constantes (Sustentabilidade)"
"4120903";"QUEDAS DO IGUACU";"PR";"Pequeno Porte II";"4,69397143696353e+01";"4,71040443137057e+01";"2. Constantes (Sustentabilidade)"
"4121000";"QUERENCIA DO NORTE";"PR";"Pequeno Porte I";"1,30593829902304e+01";"8,11660910923224e-01";"4. Efeito Substituição (Retração Local)"
"4121109";"QUINTA DO SOL";"PR";"Pequeno Porte I";"1,56611144769523e+00";"8,39390814316017e+00";"1. Despertados (Efeito Indutor)"
"4121257";"RAMILANDIA";"PR";"Pequeno Porte I";"3,15464846148424e+01";"6,58092461979200e+01";"1. Despertados (Efeito Indutor)"
"4121406";"REALEZA";"PR";"Pequeno Porte I";"2,62173720556670e+01";"1,48017649585189e+02";"1. Despertados (Efeito Indutor)"
"4121505";"REBOUCAS";"PR";"Pequeno Porte I";"3,57012242217623e+01";"7,34196135453211e+01";"1. Despertados (Efeito Indutor)"
"4121604";"RENASCENCA";"PR";"Pequeno Porte I";"3,74356260984957e+01";"1,66446968825975e+02";"1. Despertados (Efeito Indutor)"
"4121703";"RESERVA";"PR";"Pequeno Porte II";"2,89662967766074e+00";"4,32167856835033e+01";"1. Despertados (Efeito Indutor)"
"4121802";"RIBEIRAO CLARO";"PR";"Pequeno Porte I";"3,17394223900186e+01";"5,47788990343325e+01";"1. Despertados (Efeito Indutor)"
"4121901";"RIBEIRAO DO PINHAL";"PR";"Pequeno Porte I";"1,18571336753919e+01";"4,20778151439164e+01";"1. Despertados (Efeito Indutor)"
"4122008";"RIO AZUL";"PR";"Pequeno Porte I";"5,23448906485904e+01";"7,92036058188748e+01";"1. Despertados (Efeito Indutor)"
"4122107";"RIO BOM";"PR";"Pequeno Porte I";"1,85719008824070e+01";"2,89994191068895e+00";"4. Efeito Substituição (Retração Local)"
"4122156";"RIO BONITO DO IGUACU";"PR";"Pequeno Porte I";"3,18458681526590e+00";"5,88744730222923e+01";"1. Despertados (Efeito Indutor)"
"4122172";"RIO BRANCO DO IVAI";"PR";"Pequeno Porte I";"0,00000000000000e+00";"1,62151817475182e+02";"1. Despertados (Efeito Indutor)"
"4122206";"RIO BRANCO DO SUL";"PR";"Pequeno Porte II";"1,31165904790341e+01";"8,05385052365179e+00";"2. Constantes (Sustentabilidade)"
"4122305";"RIO NEGRO";"PR";"Pequeno Porte II";"4,88559366122768e+01";"3,70435990299995e+01";"2. Constantes (Sustentabilidade)"
"4122404";"ROLANDIA";"PR";"Médio Porte";"2,01541366074458e+01";"4,54706456809539e+01";"1. Despertados (Efeito Indutor)"
"4122503";"RONCADOR";"PR";"Pequeno Porte I";"1,04490338819667e-01";"7,16088486927665e+00";"1. Despertados (Efeito Indutor)"
"4122602";"RONDON";"PR";"Pequeno Porte I";"1,27801641627731e+01";"1,93274311122185e+02";"1. Despertados (Efeito Indutor)"
"4122701";"SABAUDIA";"PR";"Pequeno Porte I";"7,94909167424433e+00";"1,16869157100847e+02";"1. Despertados (Efeito Indutor)"
"4122800";"SALGADO FILHO";"PR";"Pequeno Porte I";"8,13548552892926e+00";"6,12798792172662e+01";"1. Despertados (Efeito Indutor)"
"4122909";"SALTO DO ITARARE";"PR";"Pequeno Porte I";"0,00000000000000e+00";"2,49078210083045e+01";"1. Despertados (Efeito Indutor)"
"4123006";"SALTO DO LONTRA";"PR";"Pequeno Porte I";"2,67177296066405e+01";"2,15713286936564e+01";"2. Constantes (Sustentabilidade)"
"4123105";"SANTA AMELIA";"PR";"Pequeno Porte I";"1,20937579654697e+01";"1,04008673389606e+02";"1. Despertados (Efeito Indutor)"
"4123204";"SANTA CECILIA DO PAVAO";"PR";"Pequeno Porte I";"4,67905284259323e+01";"1,69600916402798e+02";"1. Despertados (Efeito Indutor)"
"4123303";"SANTA CRUZ DE MONTE CASTELO";"PR";"Pequeno Porte I";"6,88676716722542e+00";"6,05046817777290e+00";"2. Constantes (Sustentabilidade)"
"4123402";"SANTA FE";"PR";"Pequeno Porte I";"0,00000000000000e+00";"1,26783671488058e+02";"1. Despertados (Efeito Indutor)"
"4123501";"SANTA HELENA";"PR";"Pequeno Porte II";"4,85504123501919e+01";"2,37223708429942e+01";"4. Efeito Substituição (Retração Local)"
"4123600";"SANTA INES";"PR";"Pequeno Porte I";"3,75401517783483e+01";"9,66930170184414e+01";"1. Despertados (Efeito Indutor)"
"4123709";"SANTA ISABEL DO IVAI";"PR";"Pequeno Porte I";"1,95402245351916e+01";"2,97838442881267e+01";"1. Despertados (Efeito Indutor)"
"4123808";"SANTA IZABEL DO OESTE";"PR";"Pequeno Porte I";"7,06849698184474e+00";"0,00000000000000e+00";"4. Efeito Substituição (Retração Local)"
"4123824";"SANTA LUCIA";"PR";"Pequeno Porte I";"4,08543031374203e+01";"1,86940407514468e+02";"1. Despertados (Efeito Indutor)"
"4123857";"SANTA MARIA DO OESTE";"PR";"Pequeno Porte I";"4,59232553436616e+00";"2,45313015101997e+01";"1. Despertados (Efeito Indutor)"
"4123907";"SANTA MARIANA";"PR";"Pequeno Porte I";"9,58448225932457e+01";"1,42879299828087e+02";"1. Despertados (Efeito Indutor)"
"4123956";"SANTA MONICA";"PR";"Pequeno Porte I";"2,79961927240985e+00";"2,73669033982098e+00";"2. Constantes (Sustentabilidade)"
"4124004";"SANTANA DO ITARARE";"PR";"Pequeno Porte I";"4,25891968127859e+00";"7,16200560079047e+00";"2. Constantes (Sustentabilidade)"
"4124020";"SANTA TEREZA DO OESTE";"PR";"Pequeno Porte I";"9,85412427957400e+00";"6,48056570930820e+01";"1. Despertados (Efeito Indutor)"
"4124053";"SANTA TEREZINHA DE ITAIPU";"PR";"Pequeno Porte II";"2,10324641602476e+01";"1,23038617199159e+02";"1. Despertados (Efeito Indutor)"
"4124103";"SANTO ANTONIO DA PLATINA";"PR";"Pequeno Porte II";"1,67722932630157e+01";"1,02027984517404e+01";"2. Constantes (Sustentabilidade)"
"4124202";"SANTO ANTONIO DO CAIUA";"PR";"Pequeno Porte I";"1,37082836965638e+02";"1,42466330764375e+02";"2. Constantes (Sustentabilidade)"
"4124400";"SANTO ANTONIO DO SUDOESTE";"PR";"Pequeno Porte II";"8,64278846584997e-01";"3,61183657176321e-02";"2. Constantes (Sustentabilidade)"
"4124608";"SAO CARLOS DO IVAI";"PR";"Pequeno Porte I";"2,28368667263991e+01";"1,29681219066849e+02";"1. Despertados (Efeito Indutor)"
"4124707";"SAO JERONIMO DA SERRA";"PR";"Pequeno Porte I";"4,43355321929374e+00";"4,64811611440910e+01";"1. Despertados (Efeito Indutor)"
"4124905";"SAO JOAO DO CAIUA";"PR";"Pequeno Porte I";"4,26936471356089e+00";"6,64874326277852e+00";"2. Constantes (Sustentabilidade)"
"4125001";"SAO JOAO DO IVAI";"PR";"Pequeno Porte I";"4,54186198153731e-01";"0,00000000000000e+00";"2. Constantes (Sustentabilidade)"
"4125100";"SAO JOAO DO TRIUNFO";"PR";"Pequeno Porte I";"1,24874160524061e+01";"8,82363880513249e+01";"1. Despertados (Efeito Indutor)"
"4125209";"SAO JORGE D'OESTE";"PR";"Pequeno Porte I";"2,00739878656004e+01";"2,36747346203627e+01";"2. Constantes (Sustentabilidade)"
"4125308";"SAO JORGE DO IVAI";"PR";"Pequeno Porte I";"7,94785450213497e+01";"1,19772343294387e+02";"1. Despertados (Efeito Indutor)"
"4125357";"SAO JORGE DO PATROCINIO";"PR";"Pequeno Porte I";"4,44460825423176e+00";"8,94650063590048e+00";"2. Constantes (Sustentabilidade)"
"4125407";"SAO JOSE DA BOA VISTA";"PR";"Pequeno Porte I";"5,25782747491095e+00";"2,37426647350993e+01";"1. Despertados (Efeito Indutor)"
"4125456";"SAO JOSE DAS PALMEIRAS";"PR";"Pequeno Porte I";"1,17393381928919e+02";"1,21371923736679e+02";"2. Constantes (Sustentabilidade)"
"4125506";"SAO JOSE DOS PINHAIS";"PR";"Grande Porte";"0,00000000000000e+00";"7,08801891227059e+01";"1. Despertados (Efeito Indutor)"
"4125605";"SAO MATEUS DO SUL";"PR";"Pequeno Porte II";"5,65086053837566e+00";"2,25935256944398e+01";"1. Despertados (Efeito Indutor)"
"4125704";"SAO MIGUEL DO IGUACU";"PR";"Pequeno Porte II";"4,94932914830973e+01";"3,18691904594953e+01";"4. Efeito Substituição (Retração Local)"
"4125753";"SAO PEDRO DO IGUACU";"PR";"Pequeno Porte I";"3,26411812839868e+01";"5,81623322959889e+01";"1. Despertados (Efeito Indutor)"
"4125803";"SAO PEDRO DO IVAI";"PR";"Pequeno Porte I";"1,97405041757337e+01";"1,78999310069855e+02";"1. Despertados (Efeito Indutor)"
"4125902";"SAO PEDRO DO PARANA";"PR";"Pequeno Porte I";"0,00000000000000e+00";"3,00113419250310e+01";"1. Despertados (Efeito Indutor)"
"4126108";"SAO TOME";"PR";"Pequeno Porte I";"1,73514118154178e+01";"8,51890122209887e+01";"1. Despertados (Efeito Indutor)"
"4126207";"SAPOPEMA";"PR";"Pequeno Porte I";"6,57405167555321e+00";"5,47001071694246e+01";"1. Despertados (Efeito Indutor)"
"4126256";"SARANDI";"PR";"Grande Porte";"6,47003827308909e+00";"2,04747556492585e+00";"2. Constantes (Sustentabilidade)"
"4126272";"SAUDADE DO IGUACU";"PR";"Pequeno Porte I";"6,46121148451114e+01";"8,56964227656701e+01";"1. Despertados (Efeito Indutor)"
"4126306";"SENGES";"PR";"Pequeno Porte I";"6,22620935269882e+01";"1,28301033702977e+02";"1. Despertados (Efeito Indutor)"
"4126355";"SERRANOPOLIS DO IGUACU";"PR";"Pequeno Porte I";"4,40100166418657e+01";"6,57425575449060e+01";"1. Despertados (Efeito Indutor)"
"4126405";"SERTANEJA";"PR";"Pequeno Porte I";"5,02974640842072e+01";"7,41358078807123e+01";"1. Despertados (Efeito Indutor)"
"4126603";"SIQUEIRA CAMPOS";"PR";"Pequeno Porte II";"1,65342333972791e+01";"3,07602515303342e+01";"1. Despertados (Efeito Indutor)"
"4126678";"TAMARANA";"PR";"Pequeno Porte I";"0,00000000000000e+00";"5,46165071692321e+01";"1. Despertados (Efeito Indutor)"
"4126702";"TAMBOARA";"PR";"Pequeno Porte I";"7,52766081809753e+00";"8,66904798250846e+00";"2. Constantes (Sustentabilidade)"
"4126801";"TAPEJARA";"PR";"Pequeno Porte I";"3,64512681912708e+01";"7,98818949421535e+01";"1. Despertados (Efeito Indutor)"
"4126900";"TAPIRA";"PR";"Pequeno Porte I";"7,62224026001809e+01";"3,13181671738962e+01";"4. Efeito Substituição (Retração Local)"
"4127007";"TEIXEIRA SOARES";"PR";"Pequeno Porte I";"4,60989756701250e+01";"4,07310255139133e+01";"2. Constantes (Sustentabilidade)"
"4127106";"TELEMACO BORBA";"PR";"Médio Porte";"1,77271179484350e+01";"8,68398371923255e+01";"1. Despertados (Efeito Indutor)"
"4127205";"TERRA BOA";"PR";"Pequeno Porte I";"0,00000000000000e+00";"2,79047290156010e+01";"1. Despertados (Efeito Indutor)"
"4127304";"TERRA RICA";"PR";"Pequeno Porte I";"8,45612725802571e+00";"8,53570709992256e+00";"2. Constantes (Sustentabilidade)"
"4127403";"TERRA ROXA";"PR";"Pequeno Porte I";"1,98867862572360e+01";"6,69142755717256e+01";"1. Despertados (Efeito Indutor)"
"4127502";"TIBAGI";"PR";"Pequeno Porte I";"6,69546374089125e+01";"6,60971543432490e+01";"2. Constantes (Sustentabilidade)"
"4127601";"TIJUCAS DO SUL";"PR";"Pequeno Porte I";"1,59029101012369e+01";"8,15927813451387e+01";"1. Despertados (Efeito Indutor)"
"4127700";"TOLEDO";"PR";"Grande Porte";"2,92237381534035e+01";"5,23579877753349e+01";"1. Despertados (Efeito Indutor)"
"4127809";"TOMAZINA";"PR";"Pequeno Porte I";"1,30477526075914e+01";"5,40903218964209e+01";"1. Despertados (Efeito Indutor)"
"4127858";"TRES BARRAS DO PARANA";"PR";"Pequeno Porte I";"1,69143520564743e+00";"1,25444125466853e+01";"1. Despertados (Efeito Indutor)"
"4127882";"TUNAS DO PARANA";"PR";"Pequeno Porte I";"1,18135858749525e+01";"2,61635636060762e+01";"1. Despertados (Efeito Indutor)"
"4127957";"TUPASSI";"PR";"Pequeno Porte I";"1,67209601663999e+01";"9,70631365062691e+01";"1. Despertados (Efeito Indutor)"
"4127965";"TURVO";"PR";"Pequeno Porte I";"2,03394450204341e+01";"3,43526163860887e+01";"1. Despertados (Efeito Indutor)"
"4128005";"UBIRATA";"PR";"Pequeno Porte II";"1,80378711956386e+01";"1,88324178076049e+01";"2. Constantes (Sustentabilidade)"
"4128104";"UMUARAMA";"PR";"Grande Porte";"1,48052698564255e+01";"2,55571404811834e+01";"1. Despertados (Efeito Indutor)"
"4128203";"UNIAO DA VITORIA";"PR";"Médio Porte";"1,47604722831173e+01";"1,30768757113785e+01";"2. Constantes (Sustentabilidade)"
"4128401";"URAI";"PR";"Pequeno Porte I";"8,27259267617729e+00";"5,79372067453641e+01";"1. Despertados (Efeito Indutor)"
"4128500";"WENCESLAU BRAZ";"PR";"Pequeno Porte I";"2,86296638055142e+01";"2,64097713252137e+01";"2. Constantes (Sustentabilidade)"
"4128534";"VENTANIA";"PR";"Pequeno Porte I";"1,12099590471863e+01";"9,57387611573889e+01";"1. Despertados (Efeito Indutor)"
"4128559";"VERA CRUZ DO OESTE";"PR";"Pequeno Porte I";"1,02918667546575e+01";"1,07743754229185e+01";"2. Constantes (Sustentabilidade)"
"4128609";"VERE";"PR";"Pequeno Porte I";"3,11829334155546e+01";"7,53703218019080e+01";"1. Despertados (Efeito Indutor)"
"4128633";"DOUTOR ULYSSES";"PR";"Pequeno Porte I";"0,00000000000000e+00";"4,48755254419996e+01";"1. Despertados (Efeito Indutor)"
"4128708";"VITORINO";"PR";"Pequeno Porte I";"6,49877153715196e+00";"8,77127387607613e+01";"1. Despertados (Efeito Indutor)"
"4200101";"ABELARDO LUZ";"SC";"Pequeno Porte I";"4,65810546460435e+01";"1,54394084803309e+01";"4. Efeito Substituição (Retração Local)"
"4200200";"AGROLANDIA";"SC";"Pequeno Porte I";"2,34141412530863e+01";"9,91146328722458e+01";"1. Despertados (Efeito Indutor)"
"4200309";"AGRONOMICA";"SC";"Pequeno Porte I";"4,20376849195767e+01";"6,15475480155949e+01";"1. Despertados (Efeito Indutor)"
"4200408";"AGUA DOCE";"SC";"Pequeno Porte I";"2,78595436684270e+01";"1,49700913355288e+02";"1. Despertados (Efeito Indutor)"
"4200507";"AGUAS DE CHAPECO";"SC";"Pequeno Porte I";"6,02770265916605e+00";"1,57069374851582e+01";"1. Despertados (Efeito Indutor)"
"4200556";"AGUAS FRIAS";"SC";"Pequeno Porte I";"7,24179644031031e+01";"5,11053984687066e+01";"4. Efeito Substituição (Retração Local)"
"4200606";"AGUAS MORNAS";"SC";"Pequeno Porte I";"0,00000000000000e+00";"2,83693037811371e+01";"1. Despertados (Efeito Indutor)"
"4200705";"ALFREDO WAGNER";"SC";"Pequeno Porte I";"6,04001919942973e-02";"8,10895021471488e+00";"1. Despertados (Efeito Indutor)"
"4200804";"ANCHIETA";"SC";"Pequeno Porte I";"2,67658362888449e+01";"8,31870079349925e+01";"1. Despertados (Efeito Indutor)"
"4200903";"ANGELINA";"SC";"Pequeno Porte I";"1,42447249453486e+01";"9,19123234487237e+00";"2. Constantes (Sustentabilidade)"
"4201000";"ANITA GARIBALDI";"SC";"Pequeno Porte I";"1,52074463687260e+01";"4,31296438610546e+01";"1. Despertados (Efeito Indutor)"
"4201109";"ANITAPOLIS";"SC";"Pequeno Porte I";"2,23047790543868e+01";"1,89095845165094e+01";"2. Constantes (Sustentabilidade)"
"4201208";"ANTONIO CARLOS";"SC";"Pequeno Porte I";"5,82999090347301e+01";"7,66608880094686e+01";"1. Despertados (Efeito Indutor)"
"4201257";"APIUNA";"SC";"Pequeno Porte I";"1,32513823601873e+01";"1,07309842736473e+01";"2. Constantes (Sustentabilidade)"
"4201273";"ARABUTA";"SC";"Pequeno Porte I";"7,45447642558701e+01";"8,71371094295247e+01";"2. Constantes (Sustentabilidade)"
"4201307";"ARAQUARI";"SC";"Pequeno Porte II";"1,44466466396787e+01";"5,18072359644036e+01";"1. Despertados (Efeito Indutor)"
"4201406";"ARARANGUA";"SC";"Médio Porte";"1,19965364764754e+01";"1,86558271956096e+01";"2. Constantes (Sustentabilidade)"
"4201505";"ARMAZEM";"SC";"Pequeno Porte I";"0,00000000000000e+00";"3,40273520768525e+00";"2. Constantes (Sustentabilidade)"
"4201653";"ARVOREDO";"SC";"Pequeno Porte I";"1,89943295027781e+01";"5,66690182124548e+00";"4. Efeito Substituição (Retração Local)"
"4201703";"ASCURRA";"SC";"Pequeno Porte I";"2,04747213304553e+01";"8,29667897854097e+01";"1. Despertados (Efeito Indutor)"
"4201802";"ATALANTA";"SC";"Pequeno Porte I";"4,71201140118855e+01";"1,58934349342934e+02";"1. Despertados (Efeito Indutor)"
"4201901";"AURORA";"SC";"Pequeno Porte I";"1,33758269140267e+01";"7,21671962972859e+01";"1. Despertados (Efeito Indutor)"
"4201950";"BALNEARIO ARROIO DO SILVA";"SC";"Pequeno Porte I";"1,33257921121325e+01";"2,31848654393048e+00";"4. Efeito Substituição (Retração Local)"
"4202008";"BALNEARIO CAMBORIU";"SC";"Grande Porte";"3,41213559202297e+01";"6,49897094858636e+01";"1. Despertados (Efeito Indutor)"
"4202057";"BALNEARIO BARRA DO SUL";"SC";"Pequeno Porte I";"1,20977359411246e+01";"5,98545665584517e+01";"1. Despertados (Efeito Indutor)"
"4202073";"BALNEARIO GAIVOTA";"SC";"Pequeno Porte I";"2,90266802978138e+01";"1,57278289796744e+01";"4. Efeito Substituição (Retração Local)"
"4202081";"BANDEIRANTE";"SC";"Pequeno Porte I";"7,35941369434643e+01";"1,45906090876418e+02";"1. Despertados (Efeito Indutor)"
"4202099";"BARRA BONITA";"SC";"Pequeno Porte I";"1,33059777672983e+01";"3,17027380390607e+01";"1. Despertados (Efeito Indutor)"
"4202107";"BARRA VELHA";"SC";"Pequeno Porte II";"1,03534902227381e+01";"5,61519519945805e+01";"1. Despertados (Efeito Indutor)"
"4202131";"BELA VISTA DO TOLDO";"SC";"Pequeno Porte I";"6,85416976616651e+01";"7,82916685166813e+01";"2. Constantes (Sustentabilidade)"
"4202206";"BENEDITO NOVO";"SC";"Pequeno Porte I";"3,11107325556884e+01";"4,19499667990187e+01";"2. Constantes (Sustentabilidade)"
"4202305";"BIGUACU";"SC";"Médio Porte";"1,15389230655792e+00";"7,68958339834118e+00";"1. Despertados (Efeito Indutor)"
"4202404";"BLUMENAU";"SC";"Grande Porte";"2,07384946383485e+01";"1,68829305998363e+01";"2. Constantes (Sustentabilidade)"
"4202438";"BOCAINA DO SUL";"SC";"Pequeno Porte I";"1,06289106231734e+02";"7,50966180254363e+00";"4. Efeito Substituição (Retração Local)"
"4202453";"BOMBINHAS";"SC";"Pequeno Porte II";"8,05804370404740e+01";"1,13216030726605e+02";"1. Despertados (Efeito Indutor)"
"4202503";"BOM JARDIM DA SERRA";"SC";"Pequeno Porte I";"5,08657426439725e+00";"0,00000000000000e+00";"2. Constantes (Sustentabilidade)"
"4202602";"BOM RETIRO";"SC";"Pequeno Porte I";"1,59457480690316e+00";"1,05276219093234e+01";"1. Despertados (Efeito Indutor)"
"4202701";"BOTUVERA";"SC";"Pequeno Porte I";"3,33423464472955e+01";"1,05439648519506e+02";"1. Despertados (Efeito Indutor)"
"4202800";"BRACO DO NORTE";"SC";"Pequeno Porte II";"1,17361178252152e+01";"1,88541916757870e+01";"2. Constantes (Sustentabilidade)"
"4202875";"BRUNOPOLIS";"SC";"Pequeno Porte I";"0,00000000000000e+00";"3,45088125146712e+01";"1. Despertados (Efeito Indutor)"
"4202909";"BRUSQUE";"SC";"Grande Porte";"2,40924177420781e+01";"2,46535455286369e+01";"2. Constantes (Sustentabilidade)"
"4203006";"CACADOR";"SC";"Médio Porte";"6,50901097124708e+01";"4,14060339085985e+00";"4. Efeito Substituição (Retração Local)"
"4203154";"CALMON";"SC";"Pequeno Porte I";"3,85449599545433e+01";"8,20289802270359e+01";"1. Despertados (Efeito Indutor)"
"4203204";"CAMBORIU";"SC";"Grande Porte";"1,23777870126321e+01";"3,49941228523696e+01";"1. Despertados (Efeito Indutor)"
"4203303";"CAMPO ALEGRE";"SC";"Pequeno Porte I";"6,48868169365251e+01";"1,16245622296762e+02";"1. Despertados (Efeito Indutor)"
"4203402";"CAMPO BELO DO SUL";"SC";"Pequeno Porte I";"9,33329994212075e+00";"2,58387095610718e+01";"1. Despertados (Efeito Indutor)"
"4203600";"CAMPOS NOVOS";"SC";"Pequeno Porte II";"2,84499729022937e+01";"3,91912470793425e+01";"1. Despertados (Efeito Indutor)"
"4203709";"CANELINHA";"SC";"Pequeno Porte I";"1,28726760589208e+01";"1,03910683313006e+01";"2. Constantes (Sustentabilidade)"
"4203808";"CANOINHAS";"SC";"Médio Porte";"2,00886854490586e+01";"1,66868420657314e+01";"2. Constantes (Sustentabilidade)"
"4203907";"CAPINZAL";"SC";"Pequeno Porte II";"4,29448878356460e+01";"6,06456249805129e+01";"1. Despertados (Efeito Indutor)"
"4203956";"CAPIVARI DE BAIXO";"SC";"Pequeno Porte II";"1,23348459696025e+01";"2,18663589017942e+01";"1. Despertados (Efeito Indutor)"
"4204004";"CATANDUVAS";"SC";"Pequeno Porte I";"1,15724078945985e+02";"1,33453559553258e+02";"2. Constantes (Sustentabilidade)"
"4204178";"CERRO NEGRO";"SC";"Pequeno Porte I";"3,67638950548313e+01";"6,37817492465199e+01";"1. Despertados (Efeito Indutor)"
"4204194";"CHAPADAO DO LAGEADO";"SC";"Pequeno Porte I";"2,93928105216343e+01";"6,27287045154283e+01";"1. Despertados (Efeito Indutor)"
"4204202";"CHAPECO";"SC";"Grande Porte";"4,22054608787970e+01";"5,24145972167776e+01";"2. Constantes (Sustentabilidade)"
"4204251";"COCAL DO SUL";"SC";"Pequeno Porte I";"3,13408718481358e+01";"7,93221320698495e+01";"1. Despertados (Efeito Indutor)"
"4204301";"CONCORDIA";"SC";"Médio Porte";"4,34811068521302e+01";"5,69325114436229e+01";"2. Constantes (Sustentabilidade)"
"4204400";"CORONEL FREITAS";"SC";"Pequeno Porte I";"4,87163360802518e+01";"1,03897413099674e+02";"1. Despertados (Efeito Indutor)"
"4204509";"CORUPA";"SC";"Pequeno Porte I";"4,84157417932004e+01";"2,98735132272772e+01";"4. Efeito Substituição (Retração Local)"
"4204558";"CORREIA PINTO";"SC";"Pequeno Porte I";"2,56099472420463e+01";"5,14542283277955e+01";"1. Despertados (Efeito Indutor)"
"4204608";"CRICIUMA";"SC";"Grande Porte";"1,34202635842786e+01";"1,61491250788415e+01";"2. Constantes (Sustentabilidade)"
"4204707";"CUNHA PORA";"SC";"Pequeno Porte I";"2,54056854106537e+01";"4,50958775097642e+01";"1. Despertados (Efeito Indutor)"
"4204756";"CUNHATAI";"SC";"Pequeno Porte I";"6,34043986521832e+01";"1,54766585359618e+02";"1. Despertados (Efeito Indutor)"
"4204806";"CURITIBANOS";"SC";"Pequeno Porte II";"3,23358965999688e+01";"2,72471913346791e+01";"2. Constantes (Sustentabilidade)"
"4204905";"DESCANSO";"SC";"Pequeno Porte I";"3,15605985280530e+01";"4,62099393639043e+01";"1. Despertados (Efeito Indutor)"
"4205001";"DIONISIO CERQUEIRA";"SC";"Pequeno Porte I";"1,76810284769767e+01";"4,81203446254857e+01";"1. Despertados (Efeito Indutor)"
"4205100";"DONA EMMA";"SC";"Pequeno Porte I";"1,08115923053998e+02";"6,18178587937868e+01";"4. Efeito Substituição (Retração Local)"
"4205159";"DOUTOR PEDRINHO";"SC";"Pequeno Porte I";"2,84269149207000e+01";"1,00673245525734e+02";"1. Despertados (Efeito Indutor)"
"4205175";"ENTRE RIOS";"SC";"Pequeno Porte I";"1,59477623844282e+01";"6,32929411621361e+01";"1. Despertados (Efeito Indutor)"
"4205209";"ERVAL VELHO";"SC";"Pequeno Porte I";"3,41669752968960e+01";"8,73873867353617e+01";"1. Despertados (Efeito Indutor)"
"4205308";"FAXINAL DOS GUEDES";"SC";"Pequeno Porte I";"2,54429964652537e+01";"8,73111250583233e+01";"1. Despertados (Efeito Indutor)"
"4205357";"FLOR DO SERTAO";"SC";"Pequeno Porte I";"5,79038024881111e+01";"4,35297923549172e+01";"2. Constantes (Sustentabilidade)"
"4205407";"FLORIANOPOLIS";"SC";"Grande Porte";"3,05749880843331e+01";"6,03948412367846e+01";"1. Despertados (Efeito Indutor)"
"4205456";"FORQUILHINHA";"SC";"Pequeno Porte II";"9,54044183888114e+00";"3,72405987802015e+00";"2. Constantes (Sustentabilidade)"
"4205506";"FRAIBURGO";"SC";"Pequeno Porte II";"6,12906606088479e+01";"8,47884046849015e+01";"1. Despertados (Efeito Indutor)"
"4205555";"FREI ROGERIO";"SC";"Pequeno Porte I";"1,20594081771982e+01";"9,03572201816677e+01";"1. Despertados (Efeito Indutor)"
"4205704";"GAROPABA";"SC";"Pequeno Porte II";"1,16345341993521e+01";"3,38409828432425e+01";"1. Despertados (Efeito Indutor)"
"4205803";"GARUVA";"SC";"Pequeno Porte I";"1,73384394088352e+01";"3,34214011337022e+01";"1. Despertados (Efeito Indutor)"
"4205902";"GASPAR";"SC";"Médio Porte";"1,00301741179706e+01";"4,65174519055285e+00";"2. Constantes (Sustentabilidade)"
"4206009";"GOVERNADOR CELSO RAMOS";"SC";"Pequeno Porte I";"0,00000000000000e+00";"1,56656207005019e+01";"1. Despertados (Efeito Indutor)"
"4206108";"GRAO-PARA";"SC";"Pequeno Porte I";"2,87749805157830e+01";"3,99677042771194e+01";"1. Despertados (Efeito Indutor)"
"4206207";"GRAVATAL";"SC";"Pequeno Porte I";"2,92765237118446e+00";"1,42819848088603e+01";"1. Despertados (Efeito Indutor)"
"4206306";"GUABIRUBA";"SC";"Pequeno Porte II";"4,35672353874356e+01";"8,45754600982937e+01";"1. Despertados (Efeito Indutor)"
"4206405";"GUARACIABA";"SC";"Pequeno Porte I";"3,02093016503946e+01";"2,71371132214991e+01";"2. Constantes (Sustentabilidade)"
"4206504";"GUARAMIRIM";"SC";"Pequeno Porte II";"2,16374540776182e+01";"2,62757349381482e+01";"2. Constantes (Sustentabilidade)"
"4206603";"GUARUJA DO SUL";"SC";"Pequeno Porte I";"3,56677004974344e+01";"9,29727409483572e+01";"1. Despertados (Efeito Indutor)"
"4206652";"GUATAMBU";"SC";"Pequeno Porte I";"1,16139879554070e+01";"1,40268740931989e+01";"2. Constantes (Sustentabilidade)"
"4206702";"HERVAL D'OESTE";"SC";"Pequeno Porte II";"3,94453512880179e+01";"4,85204374459519e+01";"2. Constantes (Sustentabilidade)"
"4206751";"IBIAM";"SC";"Pequeno Porte I";"9,75992621239005e+01";"1,82656600680862e+02";"1. Despertados (Efeito Indutor)"
"4206801";"IBICARE";"SC";"Pequeno Porte I";"1,80732823726379e+01";"1,77612576650745e+00";"4. Efeito Substituição (Retração Local)"
"4206900";"IBIRAMA";"SC";"Pequeno Porte I";"7,73704692626863e+01";"1,01935409500894e+02";"1. Despertados (Efeito Indutor)"
"4207007";"ICARA";"SC";"Médio Porte";"1,58906195817526e+01";"1,61737110296940e+01";"2. Constantes (Sustentabilidade)"
"4207106";"ILHOTA";"SC";"Pequeno Porte I";"3,96106209881531e+01";"3,86661887864764e+01";"2. Constantes (Sustentabilidade)"
"4207205";"IMARUI";"SC";"Pequeno Porte I";"8,69925279143658e-01";"1,28522545459012e+01";"1. Despertados (Efeito Indutor)"
"4207304";"IMBITUBA";"SC";"Médio Porte";"2,81280723640121e+01";"1,57662687914090e+01";"4. Efeito Substituição (Retração Local)"
"4207403";"IMBUIA";"SC";"Pequeno Porte I";"1,59122245130847e+01";"3,55554254877774e+01";"1. Despertados (Efeito Indutor)"
"4207502";"INDAIAL";"SC";"Médio Porte";"5,61307112800949e+01";"5,42819553797624e+01";"2. Constantes (Sustentabilidade)"
"4207650";"IPORA DO OESTE";"SC";"Pequeno Porte I";"1,28321736867454e+02";"9,81822780634129e+01";"2. Constantes (Sustentabilidade)"
"4207684";"IPUACU";"SC";"Pequeno Porte I";"1,84194365522315e+01";"2,20834109518701e+01";"2. Constantes (Sustentabilidade)"
"4207700";"IPUMIRIM";"SC";"Pequeno Porte I";"2,02449126279445e+01";"4,69775897786214e+01";"1. Despertados (Efeito Indutor)"
"4207759";"IRACEMINHA";"SC";"Pequeno Porte I";"1,86237610964242e+01";"2,71890620790692e+01";"2. Constantes (Sustentabilidade)"
"4207809";"IRANI";"SC";"Pequeno Porte I";"3,39265550439261e+01";"8,46443284295053e+01";"1. Despertados (Efeito Indutor)"
"4207858";"IRATI";"SC";"Pequeno Porte I";"2,47899114903202e+00";"8,77826054110641e+01";"1. Despertados (Efeito Indutor)"
"4207908";"IRINEOPOLIS";"SC";"Pequeno Porte I";"1,73260786647292e+01";"4,25153386848254e-01";"4. Efeito Substituição (Retração Local)"
"4208005";"ITA";"SC";"Pequeno Porte I";"1,05666672206925e+02";"1,22547908653330e+02";"2. Constantes (Sustentabilidade)"
"4208104";"ITAIOPOLIS";"SC";"Pequeno Porte II";"2,36361322013179e+01";"3,71767764052469e+01";"1. Despertados (Efeito Indutor)"
"4208203";"ITAJAI";"SC";"Grande Porte";"2,48092237475595e+01";"4,70580531393949e+01";"1. Despertados (Efeito Indutor)"
"4208302";"ITAPEMA";"SC";"Médio Porte";"4,16331776467416e+01";"4,50767060787578e+01";"2. Constantes (Sustentabilidade)"
"4208401";"ITAPIRANGA";"SC";"Pequeno Porte I";"8,69489009361357e+01";"1,06798558820943e+02";"2. Constantes (Sustentabilidade)"
"4208450";"ITAPOA";"SC";"Pequeno Porte II";"3,04680040800333e+01";"4,84666535703027e+01";"1. Despertados (Efeito Indutor)"
"4208500";"ITUPORANGA";"SC";"Pequeno Porte II";"1,87955129909965e+01";"2,34168959456104e+01";"2. Constantes (Sustentabilidade)"
"4208708";"JACINTO MACHADO";"SC";"Pequeno Porte I";"3,34690430507710e+01";"7,20351553738494e+01";"1. Despertados (Efeito Indutor)"
"4208807";"JAGUARUNA";"SC";"Pequeno Porte II";"2,71832217208083e+00";"9,52072964166783e+00";"1. Despertados (Efeito Indutor)"
"4208906";"JARAGUA DO SUL";"SC";"Grande Porte";"3,98705923577596e+01";"8,40197224685137e+01";"1. Despertados (Efeito Indutor)"
"4209003";"JOACABA";"SC";"Pequeno Porte II";"7,55772351723112e+00";"9,49468329537741e+01";"1. Despertados (Efeito Indutor)"
"4209102";"JOINVILLE";"SC";"Grande Porte";"3,52929053658725e+01";"5,71346565489039e+01";"1. Despertados (Efeito Indutor)"
"4209177";"JUPIA";"SC";"Pequeno Porte I";"9,22743994785316e+00";"1,29207926757788e+02";"1. Despertados (Efeito Indutor)"
"4209201";"LACERDOPOLIS";"SC";"Pequeno Porte I";"4,31766247002532e+01";"8,16981603580118e+01";"1. Despertados (Efeito Indutor)"
"4209300";"LAGES";"SC";"Grande Porte";"3,39340042615525e+01";"3,49141247549724e+01";"2. Constantes (Sustentabilidade)"
"4209409";"LAGUNA";"SC";"Pequeno Porte II";"6,03401639523787e+01";"6,44323512859144e+01";"2. Constantes (Sustentabilidade)"
"4209508";"LAURENTINO";"SC";"Pequeno Porte I";"1,58120042461174e+01";"1,05799190245096e+01";"2. Constantes (Sustentabilidade)"
"4209607";"LAURO MULLER";"SC";"Pequeno Porte I";"2,69111393023669e+01";"8,36623092182912e+00";"4. Efeito Substituição (Retração Local)"
"4209706";"LEBON REGIS";"SC";"Pequeno Porte I";"1,75845106873584e+01";"2,57755599290674e+01";"2. Constantes (Sustentabilidade)"
"4209805";"LEOBERTO LEAL";"SC";"Pequeno Porte I";"5,75958467826344e+00";"7,58043791489827e+01";"1. Despertados (Efeito Indutor)"
"4209854";"LINDOIA DO SUL";"SC";"Pequeno Porte I";"3,61949778280665e+01";"1,07460502086683e+02";"1. Despertados (Efeito Indutor)"
"4209904";"LONTRAS";"SC";"Pequeno Porte I";"1,74014516961987e+00";"1,32772911195463e+01";"1. Despertados (Efeito Indutor)"
"4210001";"LUIZ ALVES";"SC";"Pequeno Porte I";"2,08813912784693e+01";"2,84202517809313e+01";"2. Constantes (Sustentabilidade)"
"4210100";"MAFRA";"SC";"Médio Porte";"4,17051296633948e+01";"4,10037576298459e+01";"2. Constantes (Sustentabilidade)"
"4210209";"MAJOR GERCINO";"SC";"Pequeno Porte I";"2,45892634398343e+01";"2,80100636606633e+01";"2. Constantes (Sustentabilidade)"
"4210308";"MAJOR VIEIRA";"SC";"Pequeno Porte I";"0,00000000000000e+00";"4,19853730346572e+00";"2. Constantes (Sustentabilidade)"
"4210407";"MARACAJA";"SC";"Pequeno Porte I";"6,85178512502795e+00";"1,12832586110977e+02";"1. Despertados (Efeito Indutor)"
"4210506";"MARAVILHA";"SC";"Pequeno Porte II";"9,42688619034616e+01";"5,91132339015361e+01";"4. Efeito Substituição (Retração Local)"
"4210555";"MAREMA";"SC";"Pequeno Porte I";"1,43004599503837e+01";"1,45481898315857e+02";"1. Despertados (Efeito Indutor)"
"4210605";"MASSARANDUBA";"SC";"Pequeno Porte I";"3,52652992949406e+01";"9,12830263165854e+01";"1. Despertados (Efeito Indutor)"
"4210704";"MATOS COSTA";"SC";"Pequeno Porte I";"3,97395743931669e+01";"1,07471218142200e+02";"1. Despertados (Efeito Indutor)"
"4210803";"MELEIRO";"SC";"Pequeno Porte I";"3,99260823846309e+01";"1,33179170849229e+02";"1. Despertados (Efeito Indutor)"
"4210852";"MIRIM DOCE";"SC";"Pequeno Porte I";"8,06855655442863e+01";"1,41904397561339e+02";"1. Despertados (Efeito Indutor)"
"4210902";"MODELO";"SC";"Pequeno Porte I";"4,06514630571062e+01";"9,31053504507367e+01";"1. Despertados (Efeito Indutor)"
"4211009";"MONDAI";"SC";"Pequeno Porte I";"5,13854004198837e+01";"6,64874586572276e+01";"2. Constantes (Sustentabilidade)"
"4211058";"MONTE CARLO";"SC";"Pequeno Porte I";"1,08197147670285e+01";"1,53671789081595e+01";"2. Constantes (Sustentabilidade)"
"4211108";"MONTE CASTELO";"SC";"Pequeno Porte I";"0,00000000000000e+00";"2,00228796649792e+01";"1. Despertados (Efeito Indutor)"
"4211207";"MORRO DA FUMACA";"SC";"Pequeno Porte I";"1,26988946370278e+01";"4,97185261986395e+01";"1. Despertados (Efeito Indutor)"
"4211256";"MORRO GRANDE";"SC";"Pequeno Porte I";"3,18226053094283e+00";"4,16984950643318e+01";"1. Despertados (Efeito Indutor)"
"4211306";"NAVEGANTES";"SC";"Médio Porte";"4,16784252910354e+01";"3,94309714210698e+01";"2. Constantes (Sustentabilidade)"
"4211405";"NOVA ERECHIM";"SC";"Pequeno Porte I";"6,90027555056249e+01";"8,20824033576490e+01";"2. Constantes (Sustentabilidade)"
"4211454";"NOVA ITABERABA";"SC";"Pequeno Porte I";"1,42580430796513e+02";"1,59409259654926e+02";"2. Constantes (Sustentabilidade)"
"4211504";"NOVA TRENTO";"SC";"Pequeno Porte I";"8,87227608702524e+00";"3,07590560191968e+01";"1. Despertados (Efeito Indutor)"
"4211652";"NOVO HORIZONTE";"SC";"Pequeno Porte I";"5,68467826175722e+01";"1,34338331895608e+02";"1. Despertados (Efeito Indutor)"
"4211702";"ORLEANS";"SC";"Pequeno Porte II";"3,59706737164681e+01";"2,96114009817022e+01";"2. Constantes (Sustentabilidade)"
"4211751";"OTACILIO COSTA";"SC";"Pequeno Porte I";"2,50474301245112e+01";"3,87913438010276e+01";"1. Despertados (Efeito Indutor)"
"4211801";"OURO";"SC";"Pequeno Porte I";"2,25772982117512e+01";"8,93231073472681e+01";"1. Despertados (Efeito Indutor)"
"4211850";"OURO VERDE";"SC";"Pequeno Porte I";"0,00000000000000e+00";"3,22943296058559e+01";"1. Despertados (Efeito Indutor)"
"4211876";"PAIAL";"SC";"Pequeno Porte I";"1,55543271927176e-01";"1,70731827507993e+02";"1. Despertados (Efeito Indutor)"
"4211892";"PAINEL";"SC";"Pequeno Porte I";"4,94335383572417e+01";"3,41043323810067e+01";"4. Efeito Substituição (Retração Local)"
"4211900";"PALHOCA";"SC";"Grande Porte";"1,16006613872266e+01";"1,98780009734690e+01";"1. Despertados (Efeito Indutor)"
"4212007";"PALMA SOLA";"SC";"Pequeno Porte I";"4,96372333960498e+01";"0,00000000000000e+00";"4. Efeito Substituição (Retração Local)"
"4212056";"PALMEIRA";"SC";"Pequeno Porte I";"3,58173730548083e-02";"4,93359073536808e+01";"1. Despertados (Efeito Indutor)"
"4212106";"PALMITOS";"SC";"Pequeno Porte I";"1,72409753295314e+01";"3,87058780069028e+01";"1. Despertados (Efeito Indutor)"
"4212205";"PAPANDUVA";"SC";"Pequeno Porte I";"0,00000000000000e+00";"2,62631317591924e+01";"1. Despertados (Efeito Indutor)"
"4212239";"PARAISO";"SC";"Pequeno Porte I";"2,50865254588042e+01";"2,08064408782838e+01";"2. Constantes (Sustentabilidade)"
"4212254";"PASSO DE TORRES";"SC";"Pequeno Porte I";"2,32545281179238e+01";"4,08705167377457e+01";"1. Despertados (Efeito Indutor)"
"4212270";"PASSOS MAIA";"SC";"Pequeno Porte I";"1,89981977950172e+01";"9,92244335053856e+01";"1. Despertados (Efeito Indutor)"
"4212304";"PAULO LOPES";"SC";"Pequeno Porte I";"1,35452805995239e+00";"0,00000000000000e+00";"2. Constantes (Sustentabilidade)"
"4212403";"PEDRAS GRANDES";"SC";"Pequeno Porte I";"5,32814786183732e+00";"6,10948902932516e+01";"1. Despertados (Efeito Indutor)"
"4212502";"PENHA";"SC";"Pequeno Porte II";"2,86372078791613e+01";"2,70870898950072e+01";"2. Constantes (Sustentabilidade)"
"4212650";"PESCARIA BRAVA";"SC";"Pequeno Porte I";"3,01695670986724e+00";"0,00000000000000e+00";"2. Constantes (Sustentabilidade)"
"4212700";"PETROLANDIA";"SC";"Pequeno Porte I";"1,06992974748229e+01";"1,01383118377614e+01";"2. Constantes (Sustentabilidade)"
"4212809";"BALNEARIO PICARRAS";"SC";"Pequeno Porte II";"6,32016453434951e+01";"9,69617376704960e+01";"1. Despertados (Efeito Indutor)"
"4212908";"PINHALZINHO";"SC";"Pequeno Porte II";"4,39988710111505e+01";"6,53599906330876e+01";"1. Despertados (Efeito Indutor)"
"4213005";"PINHEIRO PRETO";"SC";"Pequeno Porte I";"3,44358655472956e+01";"1,44517761936945e+02";"1. Despertados (Efeito Indutor)"
"4213153";"PLANALTO ALEGRE";"SC";"Pequeno Porte I";"4,21918569910977e+01";"5,58709875792114e+01";"1. Despertados (Efeito Indutor)"
"4213203";"POMERODE";"SC";"Pequeno Porte II";"7,02893697905029e+01";"7,51218059473848e+01";"2. Constantes (Sustentabilidade)"
"4213302";"PONTE ALTA";"SC";"Pequeno Porte I";"1,03204474969219e+02";"1,62792743738506e+01";"4. Efeito Substituição (Retração Local)"
"4213351";"PONTE ALTA DO NORTE";"SC";"Pequeno Porte I";"1,61908940390984e+02";"1,37810846826135e+02";"2. Constantes (Sustentabilidade)"
"4213401";"PONTE SERRADA";"SC";"Pequeno Porte I";"1,16738079333057e+01";"5,79416176423710e+01";"1. Despertados (Efeito Indutor)"
"4213609";"PORTO UNIAO";"SC";"Pequeno Porte II";"3,07894228474207e+01";"3,32327582060441e+01";"2. Constantes (Sustentabilidade)"
"4213708";"POUSO REDONDO";"SC";"Pequeno Porte I";"6,84529360261500e+00";"1,96052084755299e+01";"1. Despertados (Efeito Indutor)"
"4213807";"PRAIA GRANDE";"SC";"Pequeno Porte I";"4,32362759832650e+01";"8,83418292791448e+01";"1. Despertados (Efeito Indutor)"
"4213906";"PRESIDENTE CASTELLO BRANCO";"SC";"Pequeno Porte I";"7,51714882176538e+01";"1,61677165411370e+02";"1. Despertados (Efeito Indutor)"
"4214003";"PRESIDENTE GETULIO";"SC";"Pequeno Porte II";"1,25576652757188e+01";"7,22048867969806e+00";"2. Constantes (Sustentabilidade)"
"4214102";"PRESIDENTE NEREU";"SC";"Pequeno Porte I";"2,63880923649368e+01";"9,96695805732867e+01";"1. Despertados (Efeito Indutor)"
"4214151";"PRINCESA";"SC";"Pequeno Porte I";"2,34774807968545e+01";"4,37415242296619e+01";"1. Despertados (Efeito Indutor)"
"4214201";"QUILOMBO";"SC";"Pequeno Porte I";"1,01280336789520e+01";"2,43770435014410e+01";"1. Despertados (Efeito Indutor)"
"4214300";"RANCHO QUEIMADO";"SC";"Pequeno Porte I";"6,41275715490348e+01";"1,35555424184806e+02";"1. Despertados (Efeito Indutor)"
"4214409";"RIO DAS ANTAS";"SC";"Pequeno Porte I";"1,19163597930611e+01";"2,74484295577098e+01";"1. Despertados (Efeito Indutor)"
"4214508";"RIO DO CAMPO";"SC";"Pequeno Porte I";"6,52283689364272e+01";"1,05978876428652e+02";"1. Despertados (Efeito Indutor)"
"4214607";"RIO DO OESTE";"SC";"Pequeno Porte I";"2,82769996487676e+01";"3,46169436776157e+01";"2. Constantes (Sustentabilidade)"
"4214706";"RIO DOS CEDROS";"SC";"Pequeno Porte I";"2,86234152065564e+01";"5,51314067728885e+01";"1. Despertados (Efeito Indutor)"
"4214805";"RIO DO SUL";"SC";"Médio Porte";"6,01996708144281e+01";"7,29141278861174e+01";"2. Constantes (Sustentabilidade)"
"4214904";"RIO FORTUNA";"SC";"Pequeno Porte I";"7,99637577999727e+00";"4,80520852694532e+00";"2. Constantes (Sustentabilidade)"
"4215000";"RIO NEGRINHO";"SC";"Pequeno Porte II";"8,78243059739289e+01";"8,98877553919017e+01";"2. Constantes (Sustentabilidade)"
"4215059";"RIO RUFINO";"SC";"Pequeno Porte I";"4,98931691614142e+00";"2,56594727395939e+00";"2. Constantes (Sustentabilidade)"
"4215075";"RIQUEZA";"SC";"Pequeno Porte I";"7,06303759899649e+01";"9,67168825542009e+01";"1. Despertados (Efeito Indutor)"
"4215109";"RODEIO";"SC";"Pequeno Porte I";"5,65855030123609e+01";"5,89597692519718e+01";"2. Constantes (Sustentabilidade)"
"4215307";"SALETE";"SC";"Pequeno Porte I";"1,29197865996559e+01";"3,43755815929327e+01";"1. Despertados (Efeito Indutor)"
"4215356";"SALTINHO";"SC";"Pequeno Porte I";"1,12929824205742e+00";"2,66379629318637e+01";"1. Despertados (Efeito Indutor)"
"4215406";"SALTO VELOSO";"SC";"Pequeno Porte I";"6,24836829818204e+01";"1,65976865345925e+02";"1. Despertados (Efeito Indutor)"
"4215455";"SANGAO";"SC";"Pequeno Porte I";"0,00000000000000e+00";"2,25249562326185e+01";"1. Despertados (Efeito Indutor)"
"4215505";"SANTA CECILIA";"SC";"Pequeno Porte I";"1,31858620431414e+00";"3,79733422744486e+01";"1. Despertados (Efeito Indutor)"
"4215554";"SANTA HELENA";"SC";"Pequeno Porte I";"8,53468055707544e+01";"1,83386167878260e+01";"4. Efeito Substituição (Retração Local)"
"4215604";"SANTA ROSA DE LIMA";"SC";"Pequeno Porte I";"1,00922691220640e+02";"1,81548422962459e+02";"1. Despertados (Efeito Indutor)"
"4215653";"SANTA ROSA DO SUL";"SC";"Pequeno Porte I";"1,33824996423522e+02";"2,66537333985744e+01";"4. Efeito Substituição (Retração Local)"
"4215679";"SANTA TEREZINHA";"SC";"Pequeno Porte I";"1,96244561333027e+00";"2,84871786862113e+01";"1. Despertados (Efeito Indutor)"
"4215687";"SANTA TEREZINHA DO PROGRESSO";"SC";"Pequeno Porte I";"3,82268089308799e-01";"4,44848437227207e+01";"1. Despertados (Efeito Indutor)"
"4215703";"SANTO AMARO DA IMPERATRIZ";"SC";"Pequeno Porte II";"2,10244997892504e+01";"2,90620900411487e+01";"2. Constantes (Sustentabilidade)"
"4215802";"SAO BENTO DO SUL";"SC";"Médio Porte";"5,20095620232405e+01";"6,30769183551973e+01";"2. Constantes (Sustentabilidade)"
"4215901";"SAO BONIFACIO";"SC";"Pequeno Porte I";"1,43749451234143e+01";"7,52671578669445e+01";"1. Despertados (Efeito Indutor)"
"4216008";"SAO CARLOS";"SC";"Pequeno Porte I";"4,36697184849725e+01";"1,02598320396522e+02";"1. Despertados (Efeito Indutor)"
"4216057";"SAO CRISTOVAO DO SUL";"SC";"Pequeno Porte I";"2,76664437692660e+01";"9,99538948189328e+01";"1. Despertados (Efeito Indutor)"
"4216107";"SAO DOMINGOS";"SC";"Pequeno Porte I";"2,11753559963484e+01";"1,44365235761135e+02";"1. Despertados (Efeito Indutor)"
"4216206";"SAO FRANCISCO DO SUL";"SC";"Médio Porte";"6,81187659202024e+01";"9,26619787606067e+01";"1. Despertados (Efeito Indutor)"
"4216255";"SAO JOAO DO OESTE";"SC";"Pequeno Porte I";"8,03925845398430e+01";"1,26651231312244e+02";"1. Despertados (Efeito Indutor)"
"4216305";"SAO JOAO BATISTA";"SC";"Pequeno Porte II";"2,48158441846979e+01";"3,08390710007084e+01";"2. Constantes (Sustentabilidade)"
"4216354";"SAO JOAO DO ITAPERIU";"SC";"Pequeno Porte I";"2,18770760096148e+01";"4,10943057335499e+01";"1. Despertados (Efeito Indutor)"
"4216404";"SAO JOAO DO SUL";"SC";"Pequeno Porte I";"1,88010149234413e+00";"5,49191915670288e+01";"1. Despertados (Efeito Indutor)"
"4216503";"SAO JOAQUIM";"SC";"Pequeno Porte II";"1,09575331448487e+01";"9,68976033006052e+00";"2. Constantes (Sustentabilidade)"
"4216602";"SAO JOSE";"SC";"Grande Porte";"2,31969400542663e+01";"1,93783530084425e+01";"2. Constantes (Sustentabilidade)"
"4216701";"SAO JOSE DO CEDRO";"SC";"Pequeno Porte I";"1,98793764985007e+02";"5,08698847750155e+01";"4. Efeito Substituição (Retração Local)"
"4216800";"SAO JOSE DO CERRITO";"SC";"Pequeno Porte I";"8,91834312221662e+00";"2,31751693224717e+01";"1. Despertados (Efeito Indutor)"
"4216909";"SAO LOURENCO DO OESTE";"SC";"Pequeno Porte II";"6,54266218695939e+01";"1,03435470913989e+02";"1. Despertados (Efeito Indutor)"
"4217006";"SAO LUDGERO";"SC";"Pequeno Porte I";"3,48477976598387e+01";"5,45447338893901e+01";"1. Despertados (Efeito Indutor)"
"4217105";"SAO MARTINHO";"SC";"Pequeno Porte I";"1,57829425145049e+01";"1,85601521867559e+02";"1. Despertados (Efeito Indutor)"
"4217154";"SAO MIGUEL DA BOA VISTA";"SC";"Pequeno Porte I";"2,91454134015861e+01";"1,31187853137361e+02";"1. Despertados (Efeito Indutor)"
"4217204";"SAO MIGUEL DO OESTE";"SC";"Pequeno Porte II";"3,71387901966901e+01";"7,00646793729648e+01";"1. Despertados (Efeito Indutor)"
"4217253";"SAO PEDRO DE ALCANTARA";"SC";"Pequeno Porte I";"7,33251851841054e+01";"1,25493544751138e+02";"1. Despertados (Efeito Indutor)"
"4217303";"SAUDADES";"SC";"Pequeno Porte I";"1,71411616557284e+01";"5,07863442069320e+01";"1. Despertados (Efeito Indutor)"
"4217402";"SCHROEDER";"SC";"Pequeno Porte II";"2,80511609885088e+01";"4,53365567446122e+01";"1. Despertados (Efeito Indutor)"
"4217501";"SEARA";"SC";"Pequeno Porte I";"9,75784470354031e+01";"1,38649834126245e+02";"1. Despertados (Efeito Indutor)"
"4217550";"SERRA ALTA";"SC";"Pequeno Porte I";"2,40645476634337e+01";"6,57339824789939e+01";"1. Despertados (Efeito Indutor)"
"4217600";"SIDEROPOLIS";"SC";"Pequeno Porte I";"1,09438481005385e+01";"9,62827277902570e+01";"1. Despertados (Efeito Indutor)"
"4217709";"SOMBRIO";"SC";"Pequeno Porte II";"4,09210456919685e+01";"4,45423252609554e+01";"2. Constantes (Sustentabilidade)"
"4217758";"SUL BRASIL";"SC";"Pequeno Porte I";"4,03477116537783e+01";"9,23030740664668e+01";"1. Despertados (Efeito Indutor)"
"4217808";"TAIO";"SC";"Pequeno Porte I";"3,98084355637227e+01";"9,00876754598418e+01";"1. Despertados (Efeito Indutor)"
"4217907";"TANGARA";"SC";"Pequeno Porte I";"2,47898299086337e+01";"5,26427403664057e+01";"1. Despertados (Efeito Indutor)"
"4217956";"TIGRINHOS";"SC";"Pequeno Porte I";"2,23742334561285e+01";"3,65635125545214e+01";"1. Despertados (Efeito Indutor)"
"4218004";"TIJUCAS";"SC";"Médio Porte";"3,55995632369210e+01";"2,36779215769887e+01";"2. Constantes (Sustentabilidade)"
"4218103";"TIMBE DO SUL";"SC";"Pequeno Porte I";"1,50228460266446e+01";"5,41692847755880e+01";"1. Despertados (Efeito Indutor)"
"4218251";"TIMBO GRANDE";"SC";"Pequeno Porte I";"2,61426143624623e+01";"5,22142090479440e+01";"1. Despertados (Efeito Indutor)"
"4218301";"TRES BARRAS";"SC";"Pequeno Porte I";"1,92015120532768e+01";"3,38993212283909e+01";"1. Despertados (Efeito Indutor)"
"4218350";"TREVISO";"SC";"Pequeno Porte I";"1,24839858442042e+02";"8,78442996990280e+01";"4. Efeito Substituição (Retração Local)"
"4218400";"TREZE DE MAIO";"SC";"Pequeno Porte I";"3,23934584005630e-02";"1,48108307478261e+01";"1. Despertados (Efeito Indutor)"
"4218608";"TROMBUDO CENTRAL";"SC";"Pequeno Porte I";"1,16372814389302e+02";"6,29804202592681e+01";"4. Efeito Substituição (Retração Local)"
"4218707";"TUBARAO";"SC";"Grande Porte";"2,90962116996256e+01";"2,63479112822978e+01";"2. Constantes (Sustentabilidade)"
"4218806";"TURVO";"SC";"Pequeno Porte I";"1,95287420021897e+02";"1,00367779431502e+02";"4. Efeito Substituição (Retração Local)"
"4218855";"UNIAO DO OESTE";"SC";"Pequeno Porte I";"2,06927466243721e+01";"1,33611479077952e+02";"1. Despertados (Efeito Indutor)"
"4218905";"URUBICI";"SC";"Pequeno Porte I";"3,10293754868183e+01";"2,64854568865447e+01";"2. Constantes (Sustentabilidade)"
"4218954";"URUPEMA";"SC";"Pequeno Porte I";"6,43653102423158e+01";"5,87997955051968e+01";"2. Constantes (Sustentabilidade)"
"4219002";"URUSSANGA";"SC";"Pequeno Porte II";"6,88356033525509e+01";"7,32333414046315e+01";"2. Constantes (Sustentabilidade)"
"4219150";"VARGEM";"SC";"Pequeno Porte I";"3,04293193443596e+01";"3,07607827783186e+01";"2. Constantes (Sustentabilidade)"
"4219200";"VIDAL RAMOS";"SC";"Pequeno Porte I";"2,69481874407437e+01";"2,67075254273201e+01";"2. Constantes (Sustentabilidade)"
"4219309";"VIDEIRA";"SC";"Médio Porte";"9,42063985196700e+01";"1,07481512811750e+02";"2. Constantes (Sustentabilidade)"
"4219358";"VITOR MEIRELES";"SC";"Pequeno Porte I";"6,59790080701641e+01";"5,74066769874563e+01";"2. Constantes (Sustentabilidade)"
"4219507";"XANXERE";"SC";"Médio Porte";"1,77542174172364e+01";"2,89754148388813e+01";"1. Despertados (Efeito Indutor)"
"4219606";"XAVANTINA";"SC";"Pequeno Porte I";"1,20532467974860e+01";"3,64718578599681e+01";"1. Despertados (Efeito Indutor)"
"4219705";"XAXIM";"SC";"Pequeno Porte II";"8,88377869188279e+00";"2,45849837614859e+01";"1. Despertados (Efeito Indutor)"
"4219853";"ZORTEA";"SC";"Pequeno Porte I";"6,68380636843156e+01";"1,46421069383995e+02";"1. Despertados (Efeito Indutor)"
"4220000";"BALNEARIO RINCAO";"SC";"Pequeno Porte I";"1,34106014713668e+01";"1,12016587300224e+01";"2. Constantes (Sustentabilidade)"
"4300034";"ACEGUA";"RS";"Pequeno Porte I";"2,38820450894899e+01";"1,20474885657168e+02";"1. Despertados (Efeito Indutor)"
"4300059";"AGUA SANTA";"RS";"Pequeno Porte I";"1,77190671078065e+01";"0,00000000000000e+00";"4. Efeito Substituição (Retração Local)"
"4300109";"AGUDO";"RS";"Pequeno Porte I";"2,30025877869832e+01";"3,43681007533017e+01";"1. Despertados (Efeito Indutor)"
"4300208";"AJURICABA";"RS";"Pequeno Porte I";"9,87763404794603e+01";"7,85662139232256e+01";"2. Constantes (Sustentabilidade)"
"4300307";"ALECRIM";"RS";"Pequeno Porte I";"3,86556515009129e+01";"1,06439609464906e+01";"4. Efeito Substituição (Retração Local)"
"4300406";"ALEGRETE";"RS";"Médio Porte";"5,65498033043624e+01";"5,13363203281554e+01";"2. Constantes (Sustentabilidade)"
"4300455";"ALEGRIA";"RS";"Pequeno Porte I";"9,25410517524354e+01";"9,66566191808193e+01";"2. Constantes (Sustentabilidade)"
"4300604";"ALVORADA";"RS";"Grande Porte";"2,02642810431536e+01";"1,41864510352316e+01";"2. Constantes (Sustentabilidade)"
"4300638";"AMARAL FERRADOR";"RS";"Pequeno Porte I";"4,99261176072738e+00";"2,52533218236847e+01";"1. Despertados (Efeito Indutor)"
"4300646";"AMETISTA DO SUL";"RS";"Pequeno Porte I";"1,64716924455613e+01";"2,64501846702492e+01";"1. Despertados (Efeito Indutor)"
"4300661";"ANDRE DA ROCHA";"RS";"Pequeno Porte I";"7,76218503740836e+01";"2,62462866057853e+01";"4. Efeito Substituição (Retração Local)"
"4300703";"ANTA GORDA";"RS";"Pequeno Porte I";"2,51187332123195e+01";"7,75032451721212e+01";"1. Despertados (Efeito Indutor)"
"4300802";"ANTONIO PRADO";"RS";"Pequeno Porte I";"3,64718690545981e+01";"6,61734249915545e+01";"1. Despertados (Efeito Indutor)"
"4300851";"ARAMBARE";"RS";"Pequeno Porte I";"2,30917474128764e+01";"1,26137285532491e+01";"4. Efeito Substituição (Retração Local)"
"4300877";"ARARICA";"RS";"Pequeno Porte I";"5,93649868603175e+01";"9,32754607085294e+01";"1. Despertados (Efeito Indutor)"
"4301008";"ARROIO DO MEIO";"RS";"Pequeno Porte II";"2,48349848548040e+01";"2,11450502725889e+01";"2. Constantes (Sustentabilidade)"
"4301057";"ARROIO DO SAL";"RS";"Pequeno Porte I";"1,77329444445594e+02";"1,84409365752655e+02";"2. Constantes (Sustentabilidade)"
"4301073";"ARROIO DO PADRE";"RS";"Pequeno Porte I";"3,15839526054113e+01";"1,94154478700220e+02";"1. Despertados (Efeito Indutor)"
"4301107";"ARROIO DOS RATOS";"RS";"Pequeno Porte I";"1,67155682972502e+01";"1,12143056179570e+01";"2. Constantes (Sustentabilidade)"
"4301206";"ARROIO DO TIGRE";"RS";"Pequeno Porte I";"1,29259289692272e+01";"7,11183977695949e+00";"2. Constantes (Sustentabilidade)"
"4301305";"ARROIO GRANDE";"RS";"Pequeno Porte I";"1,57826490885553e+01";"4,78815224078954e+01";"1. Despertados (Efeito Indutor)"
"4301404";"ARVOREZINHA";"RS";"Pequeno Porte I";"2,10371779702905e+01";"6,16206951641578e+01";"1. Despertados (Efeito Indutor)"
"4301503";"AUGUSTO PESTANA";"RS";"Pequeno Porte I";"3,15571338277357e+01";"6,64955590144018e+01";"1. Despertados (Efeito Indutor)"
"4301602";"BAGE";"RS";"Grande Porte";"1,72524787124849e+01";"7,35354941555200e+00";"4. Efeito Substituição (Retração Local)"
"4301636";"BALNEARIO PINHAL";"RS";"Pequeno Porte I";"1,41901082277248e+01";"1,46138843578153e+01";"2. Constantes (Sustentabilidade)"
"4301651";"BARAO";"RS";"Pequeno Porte I";"4,51875882773386e+01";"1,02569850435627e+02";"1. Despertados (Efeito Indutor)"
"4301800";"BARRACAO";"RS";"Pequeno Porte I";"1,91046209709465e+01";"0,00000000000000e+00";"4. Efeito Substituição (Retração Local)"
"4301859";"BARRA DO GUARITA";"RS";"Pequeno Porte I";"0,00000000000000e+00";"1,27171856818052e+01";"1. Despertados (Efeito Indutor)"
"4301875";"BARRA DO QUARAI";"RS";"Pequeno Porte I";"6,09265635552098e+00";"0,00000000000000e+00";"2. Constantes (Sustentabilidade)"
"4301909";"BARRA DO RIBEIRO";"RS";"Pequeno Porte I";"1,17988312008630e+01";"3,61943831693323e+01";"1. Despertados (Efeito Indutor)"
"4301925";"BARRA DO RIO AZUL";"RS";"Pequeno Porte I";"3,05716056098494e+01";"8,99708714681885e+01";"1. Despertados (Efeito Indutor)"
"4302006";"BARROS CASSAL";"RS";"Pequeno Porte I";"2,08079475085345e+00";"1,15864025807386e+01";"1. Despertados (Efeito Indutor)"
"4302055";"BENJAMIN CONSTANT DO SUL";"RS";"Pequeno Porte I";"5,09054170326594e+01";"0,00000000000000e+00";"4. Efeito Substituição (Retração Local)"
"4302105";"BENTO GONCALVES";"RS";"Grande Porte";"4,94354873141157e+01";"1,01114626368485e+02";"1. Despertados (Efeito Indutor)"
"4302154";"BOA VISTA DAS MISSOES";"RS";"Pequeno Porte I";"6,35470281121133e+01";"1,52586299198094e+02";"1. Despertados (Efeito Indutor)"
"4302204";"BOA VISTA DO BURICA";"RS";"Pequeno Porte I";"9,14349686880475e+01";"9,99245648573711e+01";"2. Constantes (Sustentabilidade)"
"4302220";"BOA VISTA DO CADEADO";"RS";"Pequeno Porte I";"1,10547723018975e+01";"1,22833520680748e+02";"1. Despertados (Efeito Indutor)"
"4302238";"BOA VISTA DO INCRA";"RS";"Pequeno Porte I";"1,07075437354304e+02";"1,22404741683739e+02";"2. Constantes (Sustentabilidade)"
"4302253";"BOA VISTA DO SUL";"RS";"Pequeno Porte I";"8,85622671993357e+01";"1,64043197237909e+02";"1. Despertados (Efeito Indutor)"
"4302303";"BOM JESUS";"RS";"Pequeno Porte I";"6,05492398320673e-02";"2,03735334182513e+01";"1. Despertados (Efeito Indutor)"
"4302352";"BOM PRINCIPIO";"RS";"Pequeno Porte I";"8,03101931821978e+01";"1,45292597405944e+02";"1. Despertados (Efeito Indutor)"
"4302378";"BOM PROGRESSO";"RS";"Pequeno Porte I";"2,55466154352589e+01";"1,49949738372518e+01";"4. Efeito Substituição (Retração Local)"
"4302402";"BOM RETIRO DO SUL";"RS";"Pequeno Porte I";"1,91003949516579e+01";"6,94151465406594e+01";"1. Despertados (Efeito Indutor)"
"4302451";"BOQUEIRAO DO LEAO";"RS";"Pequeno Porte I";"0,00000000000000e+00";"1,49469052034498e+00";"2. Constantes (Sustentabilidade)"
"4302584";"BOZANO";"RS";"Pequeno Porte I";"7,20751899686597e-02";"1,12460846153484e+01";"1. Despertados (Efeito Indutor)"
"4302600";"BRAGA";"RS";"Pequeno Porte I";"2,01924005785688e+01";"4,97495403565723e+01";"1. Despertados (Efeito Indutor)"
"4302659";"BROCHIER";"RS";"Pequeno Porte I";"3,76537348028227e+01";"1,05167183924621e+02";"1. Despertados (Efeito Indutor)"
"4302709";"BUTIA";"RS";"Pequeno Porte I";"2,78190923650534e+01";"2,97835334548262e+01";"2. Constantes (Sustentabilidade)"
"4302808";"CACAPAVA DO SUL";"RS";"Pequeno Porte II";"1,85854982631840e+01";"2,37965772531671e+01";"2. Constantes (Sustentabilidade)"
"4302907";"CACEQUI";"RS";"Pequeno Porte I";"5,65008586884683e+00";"0,00000000000000e+00";"2. Constantes (Sustentabilidade)"
"4303004";"CACHOEIRA DO SUL";"RS";"Médio Porte";"1,25768475064348e+01";"1,22271149406678e+01";"2. Constantes (Sustentabilidade)"
"4303103";"CACHOEIRINHA";"RS";"Grande Porte";"3,42108306957708e+01";"3,90427813404071e+01";"2. Constantes (Sustentabilidade)"
"4303202";"CACIQUE DOBLE";"RS";"Pequeno Porte I";"1,52807979571557e+01";"0,00000000000000e+00";"4. Efeito Substituição (Retração Local)"
"4303301";"CAIBATE";"RS";"Pequeno Porte I";"9,10763393997038e+01";"1,99753331477054e+02";"1. Despertados (Efeito Indutor)"
"4303400";"CAICARA";"RS";"Pequeno Porte I";"2,69992107333647e+01";"3,05338479621864e+01";"2. Constantes (Sustentabilidade)"
"4303509";"CAMAQUA";"RS";"Médio Porte";"1,20212446687383e+01";"2,27446161907687e+01";"1. Despertados (Efeito Indutor)"
"4303558";"CAMARGO";"RS";"Pequeno Porte I";"8,01823271392752e+01";"1,16865656447331e+02";"1. Despertados (Efeito Indutor)"
"4303608";"CAMBARA DO SUL";"RS";"Pequeno Porte I";"0,00000000000000e+00";"3,51007016930754e+00";"2. Constantes (Sustentabilidade)"
"4303673";"CAMPESTRE DA SERRA";"RS";"Pequeno Porte I";"1,60139370179714e+02";"0,00000000000000e+00";"4. Efeito Substituição (Retração Local)"
"4303707";"CAMPINA DAS MISSOES";"RS";"Pequeno Porte I";"1,58939734125719e+01";"1,15848462355374e+02";"1. Despertados (Efeito Indutor)"
"4303806";"CAMPINAS DO SUL";"RS";"Pequeno Porte I";"3,36174250176421e+01";"1,35155079527019e+02";"1. Despertados (Efeito Indutor)"
"4303905";"CAMPO BOM";"RS";"Médio Porte";"6,23516106421764e+01";"1,33129946125089e+02";"1. Despertados (Efeito Indutor)"
"4304002";"CAMPO NOVO";"RS";"Pequeno Porte I";"2,96921982980357e+01";"5,07817485493040e+01";"1. Despertados (Efeito Indutor)"
"4304200";"CANDELARIA";"RS";"Pequeno Porte II";"2,05389393978075e+00";"2,34758307341409e+01";"1. Despertados (Efeito Indutor)"
"4304309";"CANDIDO GODOI";"RS";"Pequeno Porte I";"3,39094212652930e+00";"2,19663082220259e+01";"1. Despertados (Efeito Indutor)"
"4304358";"CANDIOTA";"RS";"Pequeno Porte I";"6,23994734034950e+00";"1,36839602182655e+02";"1. Despertados (Efeito Indutor)"
"4304408";"CANELA";"RS";"Pequeno Porte II";"2,14053503798887e+01";"1,82677465522115e+01";"2. Constantes (Sustentabilidade)"
"4304507";"CANGUCU";"RS";"Pequeno Porte II";"2,00484659371652e+01";"7,71821978899888e+00";"4. Efeito Substituição (Retração Local)"
"4304606";"CANOAS";"RS";"Grande Porte";"5,38880222319368e+01";"1,65291549194483e+01";"4. Efeito Substituição (Retração Local)"
"4304614";"CANUDOS DO VALE";"RS";"Pequeno Porte I";"1,94605875684475e+01";"1,55802003723527e+02";"1. Despertados (Efeito Indutor)"
"4304630";"CAPAO DA CANOA";"RS";"Médio Porte";"1,26296202546253e+01";"4,23983166778946e+01";"1. Despertados (Efeito Indutor)"
"4304663";"CAPAO DO LEAO";"RS";"Pequeno Porte II";"4,11674026411976e+01";"7,33344506323773e+01";"1. Despertados (Efeito Indutor)"
"4304671";"CAPIVARI DO SUL";"RS";"Pequeno Porte I";"6,40397440772981e+01";"9,70550492104546e+01";"1. Despertados (Efeito Indutor)"
"4304689";"CAPELA DE SANTANA";"RS";"Pequeno Porte I";"1,89908265656887e+01";"6,86547041374332e+01";"1. Despertados (Efeito Indutor)"
"4304705";"CARAZINHO";"RS";"Médio Porte";"2,64883506344596e+01";"4,96182742173448e+01";"1. Despertados (Efeito Indutor)"
"4304713";"CARAA";"RS";"Pequeno Porte I";"7,15666382872835e-01";"1,48007812995767e+01";"1. Despertados (Efeito Indutor)"
"4304804";"CARLOS BARBOSA";"RS";"Pequeno Porte II";"5,11277096357201e+01";"5,60628081914791e+01";"2. Constantes (Sustentabilidade)"
"4304903";"CASCA";"RS";"Pequeno Porte I";"4,90677576445667e+01";"7,62432456651512e+01";"1. Despertados (Efeito Indutor)"
"4304952";"CASEIROS";"RS";"Pequeno Porte I";"3,35874511738768e+01";"5,57210937302413e+01";"1. Despertados (Efeito Indutor)"
"4305009";"CATUIPE";"RS";"Pequeno Porte I";"1,20312212537156e+01";"1,48679067363148e+01";"2. Constantes (Sustentabilidade)"
"4305108";"CAXIAS DO SUL";"RS";"Grande Porte";"3,59885970523465e+01";"3,70995736658015e+01";"2. Constantes (Sustentabilidade)"
"4305116";"CENTENARIO";"RS";"Pequeno Porte I";"1,27670412583948e+01";"0,00000000000000e+00";"4. Efeito Substituição (Retração Local)"
"4305124";"CERRITO";"RS";"Pequeno Porte I";"4,27449442634500e+01";"1,23984896677313e+02";"1. Despertados (Efeito Indutor)"
"4305132";"CERRO BRANCO";"RS";"Pequeno Porte I";"1,93974269820291e+01";"2,47655962606826e+01";"2. Constantes (Sustentabilidade)"
"4305157";"CERRO GRANDE";"RS";"Pequeno Porte I";"0,00000000000000e+00";"2,63536986278744e+00";"2. Constantes (Sustentabilidade)"
"4305173";"CERRO GRANDE DO SUL";"RS";"Pequeno Porte I";"1,52443616217377e+01";"1,02173954444947e+01";"2. Constantes (Sustentabilidade)"
"4305207";"CERRO LARGO";"RS";"Pequeno Porte I";"4,04574300494539e+01";"4,00449217716774e+01";"2. Constantes (Sustentabilidade)"
"4305306";"CHAPADA";"RS";"Pequeno Porte I";"4,88818910932266e+01";"7,46303368057813e+01";"1. Despertados (Efeito Indutor)"
"4305355";"CHARQUEADAS";"RS";"Pequeno Porte II";"5,99590322735171e+01";"5,33731751821453e+01";"2. Constantes (Sustentabilidade)"
"4305371";"CHARRUA";"RS";"Pequeno Porte I";"1,96532888619731e+01";"1,02247677547890e+02";"1. Despertados (Efeito Indutor)"
"4305405";"CHIAPETTA";"RS";"Pequeno Porte I";"2,52840684894430e+01";"7,67475031501967e+01";"1. Despertados (Efeito Indutor)"
"4305439";"CHUI";"RS";"Pequeno Porte I";"0,00000000000000e+00";"7,64422059736534e+00";"1. Despertados (Efeito Indutor)"
"4305447";"CHUVISCA";"RS";"Pequeno Porte I";"5,55479116952875e+01";"1,61817842158452e+02";"1. Despertados (Efeito Indutor)"
"4305454";"CIDREIRA";"RS";"Pequeno Porte I";"1,01226897417048e+01";"2,34709582430802e+00";"4. Efeito Substituição (Retração Local)"
"4305504";"CIRIACO";"RS";"Pequeno Porte I";"3,41716918288397e-01";"0,00000000000000e+00";"2. Constantes (Sustentabilidade)"
"4305603";"COLORADO";"RS";"Pequeno Porte I";"9,00160055563926e+00";"1,54874062651118e+01";"2. Constantes (Sustentabilidade)"
"4305702";"CONDOR";"RS";"Pequeno Porte I";"1,25326275749004e+01";"1,04589447393069e+01";"2. Constantes (Sustentabilidade)"
"4305801";"CONSTANTINA";"RS";"Pequeno Porte I";"1,28005352546352e+01";"2,35773569712667e+01";"1. Despertados (Efeito Indutor)"
"4305835";"COQUEIRO BAIXO";"RS";"Pequeno Porte I";"5,80746551353121e+00";"1,78499019041401e+02";"1. Despertados (Efeito Indutor)"
"4305850";"COQUEIROS DO SUL";"RS";"Pequeno Porte I";"4,68016059441570e+01";"1,62776257136812e+02";"1. Despertados (Efeito Indutor)"
"4305900";"CORONEL BICACO";"RS";"Pequeno Porte I";"2,34103124660880e+01";"2,51538829629802e+01";"2. Constantes (Sustentabilidade)"
"4305934";"CORONEL PILAR";"RS";"Pequeno Porte I";"4,78337595791579e+01";"1,24550464442805e+02";"1. Despertados (Efeito Indutor)"
"4305975";"COXILHA";"RS";"Pequeno Porte I";"1,02317889879526e+02";"1,34937381377825e+02";"1. Despertados (Efeito Indutor)"
"4306007";"CRISSIUMAL";"RS";"Pequeno Porte I";"3,47438194735846e+01";"8,80865075343623e+01";"1. Despertados (Efeito Indutor)"
"4306056";"CRISTAL";"RS";"Pequeno Porte I";"4,56405024070851e+01";"4,50012304316536e+01";"2. Constantes (Sustentabilidade)"
"4306072";"CRISTAL DO SUL";"RS";"Pequeno Porte I";"4,11647581344223e+00";"1,29911357686433e+02";"1. Despertados (Efeito Indutor)"
"4306106";"CRUZ ALTA";"RS";"Médio Porte";"1,94134326063428e+01";"1,67534201237280e+01";"2. Constantes (Sustentabilidade)"
"4306130";"CRUZALTENSE";"RS";"Pequeno Porte I";"1,22864233895900e+02";"4,65074779000366e+01";"4. Efeito Substituição (Retração Local)"
"4306205";"CRUZEIRO DO SUL";"RS";"Pequeno Porte I";"3,10167169973866e+01";"1,27353016520581e+01";"4. Efeito Substituição (Retração Local)"
"4306304";"DAVID CANABARRO";"RS";"Pequeno Porte I";"8,09571554170025e+01";"5,81395864471255e+01";"4. Efeito Substituição (Retração Local)"
"4306320";"DERRUBADAS";"RS";"Pequeno Porte I";"3,68209109195204e+01";"1,62755657317054e+02";"1. Despertados (Efeito Indutor)"
"4306353";"DEZESSEIS DE NOVEMBRO";"RS";"Pequeno Porte I";"0,00000000000000e+00";"4,59846028255476e+01";"1. Despertados (Efeito Indutor)"
"4306379";"DILERMANDO DE AGUIAR";"RS";"Pequeno Porte I";"2,64066253032041e+01";"9,70125607102561e+01";"1. Despertados (Efeito Indutor)"
"4306403";"DOIS IRMAOS";"RS";"Pequeno Porte II";"3,34202645415546e+01";"4,79253704273548e+01";"1. Despertados (Efeito Indutor)"
"4306429";"DOIS IRMAOS DAS MISSOES";"RS";"Pequeno Porte I";"1,62486232396725e+00";"7,50885190991770e+01";"1. Despertados (Efeito Indutor)"
"4306452";"DOIS LAJEADOS";"RS";"Pequeno Porte I";"1,98840066062443e+01";"1,63365366642804e+02";"1. Despertados (Efeito Indutor)"
"4306502";"DOM FELICIANO";"RS";"Pequeno Porte I";"3,78661885900606e+01";"7,59760386985892e+01";"1. Despertados (Efeito Indutor)"
"4306551";"DOM PEDRO DE ALCANTARA";"RS";"Pequeno Porte I";"6,05127765896124e-02";"5,45229649583311e+01";"1. Despertados (Efeito Indutor)"
"4306601";"DOM PEDRITO";"RS";"Pequeno Porte II";"4,47790920750048e+01";"6,59540379632803e+01";"1. Despertados (Efeito Indutor)"
"4306700";"DONA FRANCISCA";"RS";"Pequeno Porte I";"1,18607519818058e+01";"1,42451504650197e+02";"1. Despertados (Efeito Indutor)"
"4306734";"DOUTOR MAURICIO CARDOSO";"RS";"Pequeno Porte I";"1,21599182907753e+02";"1,90922140448993e+02";"1. Despertados (Efeito Indutor)"
"4306759";"DOUTOR RICARDO";"RS";"Pequeno Porte I";"9,33071169044252e+01";"1,75771297996356e+02";"1. Despertados (Efeito Indutor)"
"4306767";"ELDORADO DO SUL";"RS";"Pequeno Porte II";"2,11983418168249e+01";"2,92173903659107e+01";"2. Constantes (Sustentabilidade)"
"4306809";"ENCANTADO";"RS";"Pequeno Porte II";"1,83715784553028e+01";"5,23528483439464e+01";"1. Despertados (Efeito Indutor)"
"4306908";"ENCRUZILHADA DO SUL";"RS";"Pequeno Porte II";"1,25795071594116e+01";"3,48600418570452e+01";"1. Despertados (Efeito Indutor)"
"4306924";"ENGENHO VELHO";"RS";"Pequeno Porte I";"1,53020049582479e+00";"2,87315472391097e+01";"1. Despertados (Efeito Indutor)"
"4306932";"ENTRE-IJUIS";"RS";"Pequeno Porte I";"2,02300880372177e+01";"3,51041889220877e+01";"1. Despertados (Efeito Indutor)"
"4306957";"ENTRE RIOS DO SUL";"RS";"Pequeno Porte I";"2,96251709692768e+01";"0,00000000000000e+00";"4. Efeito Substituição (Retração Local)"
"4306973";"EREBANGO";"RS";"Pequeno Porte I";"1,07988897755144e+01";"8,22412733581083e+01";"1. Despertados (Efeito Indutor)"
"4307005";"ERECHIM";"RS";"Grande Porte";"5,46629017676369e+01";"1,32363907584192e+02";"1. Despertados (Efeito Indutor)"
"4307054";"ERNESTINA";"RS";"Pequeno Porte I";"0,00000000000000e+00";"5,79304307797852e+01";"1. Despertados (Efeito Indutor)"
"4307203";"ERVAL GRANDE";"RS";"Pequeno Porte I";"8,35273328371120e+00";"0,00000000000000e+00";"4. Efeito Substituição (Retração Local)"
"4307302";"ERVAL SECO";"RS";"Pequeno Porte I";"1,73180127192419e+01";"2,07874115089162e+01";"2. Constantes (Sustentabilidade)"
"4307450";"ESPERANCA DO SUL";"RS";"Pequeno Porte I";"7,82834972504313e+01";"1,46600776366474e+02";"1. Despertados (Efeito Indutor)"
"4307500";"ESPUMOSO";"RS";"Pequeno Porte I";"4,99281772751645e+01";"9,37503296757931e+01";"1. Despertados (Efeito Indutor)"
"4307559";"ESTACAO";"RS";"Pequeno Porte I";"1,83565111177651e+01";"5,87576653205371e+01";"1. Despertados (Efeito Indutor)"
"4307609";"ESTANCIA VELHA";"RS";"Pequeno Porte II";"1,39288350544689e+01";"3,84624403867533e+01";"1. Despertados (Efeito Indutor)"
"4307708";"ESTEIO";"RS";"Médio Porte";"1,43479228506944e+01";"5,19824042866188e+01";"1. Despertados (Efeito Indutor)"
"4307807";"ESTRELA";"RS";"Pequeno Porte II";"8,95324492437030e+01";"7,90433998786257e+01";"2. Constantes (Sustentabilidade)"
"4307815";"ESTRELA VELHA";"RS";"Pequeno Porte I";"4,76536159129125e+01";"1,12073909617042e+02";"1. Despertados (Efeito Indutor)"
"4307831";"EUGENIO DE CASTRO";"RS";"Pequeno Porte I";"1,82856587162112e+01";"1,63060425953193e+01";"2. Constantes (Sustentabilidade)"
"4307906";"FARROUPILHA";"RS";"Médio Porte";"1,97983994040018e+01";"2,52630504486312e+01";"2. Constantes (Sustentabilidade)"
"4308003";"FAXINAL DO SOTURNO";"RS";"Pequeno Porte I";"2,38666880164430e+01";"2,39515693273572e+01";"2. Constantes (Sustentabilidade)"
"4308052";"FAXINALZINHO";"RS";"Pequeno Porte I";"4,33740193859073e+00";"0,00000000000000e+00";"2. Constantes (Sustentabilidade)"
"4308078";"FAZENDA VILANOVA";"RS";"Pequeno Porte I";"6,93268331776645e+00";"6,26993871894951e+01";"1. Despertados (Efeito Indutor)"
"4308102";"FELIZ";"RS";"Pequeno Porte I";"3,96330221674314e+01";"4,15511455714949e+01";"2. Constantes (Sustentabilidade)"
"4308201";"FLORES DA CUNHA";"RS";"Pequeno Porte II";"7,72055534834899e+01";"6,70720674511832e+01";"2. Constantes (Sustentabilidade)"
"4308250";"FLORIANO PEIXOTO";"RS";"Pequeno Porte I";"1,33287649997282e+01";"1,28964703173636e+02";"1. Despertados (Efeito Indutor)"
"4308300";"FONTOURA XAVIER";"RS";"Pequeno Porte I";"1,32155570596540e+01";"9,06784596045727e-01";"4. Efeito Substituição (Retração Local)"
"4308409";"FORMIGUEIRO";"RS";"Pequeno Porte I";"1,39938815604837e+01";"2,44404501247464e+01";"1. Despertados (Efeito Indutor)"
"4308458";"FORTALEZA DOS VALOS";"RS";"Pequeno Porte I";"4,00040130443740e+01";"6,59659093991825e+01";"1. Despertados (Efeito Indutor)"
"4308508";"FREDERICO WESTPHALEN";"RS";"Pequeno Porte II";"1,90684317287962e+00";"1,07170667958204e+01";"1. Despertados (Efeito Indutor)"
"4308607";"GARIBALDI";"RS";"Pequeno Porte II";"4,11112925050585e+01";"4,09099805771248e+01";"2. Constantes (Sustentabilidade)"
"4308656";"GARRUCHOS";"RS";"Pequeno Porte I";"2,14740225527676e+01";"5,05734574492138e+01";"1. Despertados (Efeito Indutor)"
"4308805";"GENERAL CAMARA";"RS";"Pequeno Porte I";"1,69374795268045e+01";"5,92896982150263e+01";"1. Despertados (Efeito Indutor)"
"4308854";"GENTIL";"RS";"Pequeno Porte I";"5,07942085547398e+01";"1,33869007358582e+02";"1. Despertados (Efeito Indutor)"
"4308904";"GETULIO VARGAS";"RS";"Pequeno Porte I";"3,03318841598998e+01";"3,13552867331906e+01";"2. Constantes (Sustentabilidade)"
"4309001";"GIRUA";"RS";"Pequeno Porte I";"8,66133974696789e+01";"1,50473484443636e+02";"1. Despertados (Efeito Indutor)"
"4309050";"GLORINHA";"RS";"Pequeno Porte I";"1,48464504762212e+01";"6,28121847545155e+01";"1. Despertados (Efeito Indutor)"
"4309100";"GRAMADO";"RS";"Pequeno Porte II";"1,55108563518720e+02";"1,14103315868769e+02";"4. Efeito Substituição (Retração Local)"
"4309126";"GRAMADO DOS LOUREIROS";"RS";"Pequeno Porte I";"4,19380041344467e+01";"0,00000000000000e+00";"4. Efeito Substituição (Retração Local)"
"4309159";"GRAMADO XAVIER";"RS";"Pequeno Porte I";"1,03785715692763e+01";"9,72477568555982e+01";"1. Despertados (Efeito Indutor)"
"4309209";"GRAVATAI";"RS";"Grande Porte";"9,78379799942907e+00";"8,00232320996589e+00";"2. Constantes (Sustentabilidade)"
"4309308";"GUAIBA";"RS";"Médio Porte";"1,49507810862211e+01";"5,07778760763436e+01";"1. Despertados (Efeito Indutor)"
"4309407";"GUAPORE";"RS";"Pequeno Porte II";"4,13790330040747e+01";"6,62980058575282e+01";"1. Despertados (Efeito Indutor)"
"4309506";"GUARANI DAS MISSOES";"RS";"Pequeno Porte I";"2,23909290533484e+01";"1,15073745286086e+01";"4. Efeito Substituição (Retração Local)"
"4309555";"HARMONIA";"RS";"Pequeno Porte I";"8,70561282831532e+01";"1,75006577245398e+02";"1. Despertados (Efeito Indutor)"
"4309571";"HERVEIRAS";"RS";"Pequeno Porte I";"3,84554678735675e+00";"0,00000000000000e+00";"2. Constantes (Sustentabilidade)"
"4309605";"HORIZONTINA";"RS";"Pequeno Porte I";"5,38954071974336e+01";"1,11762182957383e+02";"1. Despertados (Efeito Indutor)"
"4309654";"HULHA NEGRA";"RS";"Pequeno Porte I";"1,72459808922242e+01";"2,65742940623232e+01";"1. Despertados (Efeito Indutor)"
"4309753";"IBARAMA";"RS";"Pequeno Porte I";"3,88294351445847e+01";"7,08988774160219e+01";"1. Despertados (Efeito Indutor)"
"4309803";"IBIACA";"RS";"Pequeno Porte I";"3,01629424387470e+01";"0,00000000000000e+00";"4. Efeito Substituição (Retração Local)"
"4309902";"IBIRAIARAS";"RS";"Pequeno Porte I";"1,31020741050302e+01";"5,70363477037563e+01";"1. Despertados (Efeito Indutor)"
"4309951";"IBIRAPUITA";"RS";"Pequeno Porte I";"3,53710733345582e+01";"6,57484399227004e+01";"1. Despertados (Efeito Indutor)"
"4310009";"IBIRUBA";"RS";"Pequeno Porte II";"7,39196251885354e+01";"1,00331194960692e+02";"1. Despertados (Efeito Indutor)"
"4310108";"IGREJINHA";"RS";"Pequeno Porte II";"1,21261569681769e+01";"1,82839698775229e+01";"2. Constantes (Sustentabilidade)"
"4310207";"IJUI";"RS";"Médio Porte";"3,35135932500813e+01";"2,84632760709084e+01";"2. Constantes (Sustentabilidade)"
"4310306";"ILOPOLIS";"RS";"Pequeno Porte I";"2,84150565886473e+01";"1,04052308775046e+02";"1. Despertados (Efeito Indutor)"
"4310330";"IMBE";"RS";"Pequeno Porte II";"5,50717102593153e+01";"1,14531197778232e+01";"4. Efeito Substituição (Retração Local)"
"4310405";"INDEPENDENCIA";"RS";"Pequeno Porte I";"8,11689320115344e+01";"1,47337457930742e+02";"1. Despertados (Efeito Indutor)"
"4310413";"INHACORA";"RS";"Pequeno Porte I";"4,88526510633523e+01";"2,81604500630844e+01";"4. Efeito Substituição (Retração Local)"
"4310439";"IPE";"RS";"Pequeno Porte I";"3,10839907962797e+01";"5,89756473737478e+01";"1. Despertados (Efeito Indutor)"
"4310504";"IRAI";"RS";"Pequeno Porte I";"1,59521240505221e+01";"2,53950320451064e+01";"1. Despertados (Efeito Indutor)"
"4310538";"ITAARA";"RS";"Pequeno Porte I";"1,27484477514335e+01";"1,84564972697091e+01";"2. Constantes (Sustentabilidade)"
"4310553";"ITACURUBI";"RS";"Pequeno Porte I";"0,00000000000000e+00";"1,75588607212139e+02";"1. Despertados (Efeito Indutor)"
"4310579";"ITAPUCA";"RS";"Pequeno Porte I";"4,35857626036340e+01";"1,47782369858421e+02";"1. Despertados (Efeito Indutor)"
"4310603";"ITAQUI";"RS";"Pequeno Porte II";"1,52981542046316e+01";"2,11577433933365e+01";"2. Constantes (Sustentabilidade)"
"4310652";"ITATI";"RS";"Pequeno Porte I";"1,83159799208717e+01";"1,75869429006834e+01";"2. Constantes (Sustentabilidade)"
"4310702";"ITATIBA DO SUL";"RS";"Pequeno Porte I";"2,55311514614958e+01";"0,00000000000000e+00";"4. Efeito Substituição (Retração Local)"
"4310751";"IVORA";"RS";"Pequeno Porte I";"8,59114331374446e+01";"1,65381165185334e+02";"1. Despertados (Efeito Indutor)"
"4310801";"IVOTI";"RS";"Pequeno Porte II";"2,70227132270689e+01";"4,89424429943201e+01";"1. Despertados (Efeito Indutor)"
"4310876";"JACUIZINHO";"RS";"Pequeno Porte I";"2,96411452547037e+01";"4,95864203252192e+01";"1. Despertados (Efeito Indutor)"
"4311007";"JAGUARAO";"RS";"Pequeno Porte II";"6,44874357691885e+01";"8,75077063754472e+01";"1. Despertados (Efeito Indutor)"
"4311106";"JAGUARI";"RS";"Pequeno Porte I";"1,51690118055993e+01";"1,24696232150045e+01";"2. Constantes (Sustentabilidade)"
"4311122";"JAQUIRANA";"RS";"Pequeno Porte I";"1,56862487456050e+01";"0,00000000000000e+00";"4. Efeito Substituição (Retração Local)"
"4311130";"JARI";"RS";"Pequeno Porte I";"1,63837032620466e+00";"2,82378042215760e+01";"1. Despertados (Efeito Indutor)"
"4311155";"JOIA";"RS";"Pequeno Porte I";"1,03608870817272e+01";"7,32301228163126e+01";"1. Despertados (Efeito Indutor)"
"4311205";"JULIO DE CASTILHOS";"RS";"Pequeno Porte I";"3,46052855882903e+01";"2,26275975492755e+01";"4. Efeito Substituição (Retração Local)"
"4311239";"LAGOA BONITA DO SUL";"RS";"Pequeno Porte I";"1,98337802931872e+01";"1,26776327898152e+02";"1. Despertados (Efeito Indutor)"
"4311304";"LAGOA VERMELHA";"RS";"Pequeno Porte II";"1,42653189415304e+01";"9,32052309606109e+01";"1. Despertados (Efeito Indutor)"
"4311403";"LAJEADO";"RS";"Médio Porte";"4,35340186432446e+01";"4,95095413013579e+01";"2. Constantes (Sustentabilidade)"
"4311502";"LAVRAS DO SUL";"RS";"Pequeno Porte I";"1,09769890952944e+00";"4,18836893566816e+01";"1. Despertados (Efeito Indutor)"
"4311601";"LIBERATO SALZANO";"RS";"Pequeno Porte I";"2,13835489747495e+01";"4,95445129011020e+01";"1. Despertados (Efeito Indutor)"
"4311627";"LINDOLFO COLLOR";"RS";"Pequeno Porte I";"2,39510266055078e+01";"9,10525411962777e+01";"1. Despertados (Efeito Indutor)"
"4311700";"MACHADINHO";"RS";"Pequeno Porte I";"3,29672160937220e+01";"1,36410510362572e+02";"1. Despertados (Efeito Indutor)"
"4311718";"MACAMBARA";"RS";"Pequeno Porte I";"1,68031312222481e+01";"1,00746762109495e+02";"1. Despertados (Efeito Indutor)"
"4311734";"MAMPITUBA";"RS";"Pequeno Porte I";"3,26609432930248e+00";"5,55580855556435e+01";"1. Despertados (Efeito Indutor)"
"4311759";"MANOEL VIANA";"RS";"Pequeno Porte I";"3,40757866279889e+01";"4,37631596956083e+01";"2. Constantes (Sustentabilidade)"
"4311775";"MAQUINE";"RS";"Pequeno Porte I";"1,25016359741817e+01";"5,84222045596827e+00";"2. Constantes (Sustentabilidade)"
"4311791";"MARATA";"RS";"Pequeno Porte I";"1,82467376462287e+02";"8,52571318997442e+01";"4. Efeito Substituição (Retração Local)"
"4311809";"MARAU";"RS";"Pequeno Porte II";"2,97818666208679e+01";"7,44528915494165e+01";"1. Despertados (Efeito Indutor)"
"4311908";"MARCELINO RAMOS";"RS";"Pequeno Porte I";"1,86836284292262e+01";"2,81316454102213e+00";"4. Efeito Substituição (Retração Local)"
"4312054";"MARQUES DE SOUZA";"RS";"Pequeno Porte I";"3,16260646297993e+01";"1,01212601225787e+02";"1. Despertados (Efeito Indutor)"
"4312138";"MATO CASTELHANO";"RS";"Pequeno Porte I";"0,00000000000000e+00";"1,22265907583183e+01";"1. Despertados (Efeito Indutor)"
"4312153";"MATO LEITAO";"RS";"Pequeno Porte I";"2,88384946151440e+01";"1,49653899760052e+02";"1. Despertados (Efeito Indutor)"
"4312203";"MAXIMILIANO DE ALMEIDA";"RS";"Pequeno Porte I";"1,79978375290512e+01";"7,84180314719193e+01";"1. Despertados (Efeito Indutor)"
"4312252";"MINAS DO LEAO";"RS";"Pequeno Porte I";"5,45932202078013e+00";"5,99996579760635e+01";"1. Despertados (Efeito Indutor)"
"4312302";"MIRAGUAI";"RS";"Pequeno Porte I";"1,50893226301482e+01";"1,78203565876775e+01";"2. Constantes (Sustentabilidade)"
"4312351";"MONTAURI";"RS";"Pequeno Porte I";"6,35458003999628e+01";"1,94253413615792e+02";"1. Despertados (Efeito Indutor)"
"4312401";"MONTENEGRO";"RS";"Médio Porte";"7,76066391250368e+01";"1,03909514655368e+02";"1. Despertados (Efeito Indutor)"
"4312427";"MORMACO";"RS";"Pequeno Porte I";"3,16949761200201e+01";"1,59669401451236e+01";"4. Efeito Substituição (Retração Local)"
"4312443";"MORRINHOS DO SUL";"RS";"Pequeno Porte I";"0,00000000000000e+00";"2,95874034564061e+01";"1. Despertados (Efeito Indutor)"
"4312450";"MORRO REDONDO";"RS";"Pequeno Porte I";"1,44618595946320e+01";"3,74242782842679e+01";"1. Despertados (Efeito Indutor)"
"4312476";"MORRO REUTER";"RS";"Pequeno Porte I";"2,63268764296301e+01";"6,37514734508929e+01";"1. Despertados (Efeito Indutor)"
"4312500";"MOSTARDAS";"RS";"Pequeno Porte I";"1,10968440374836e+01";"1,01491208552767e+01";"2. Constantes (Sustentabilidade)"
"4312609";"MUCUM";"RS";"Pequeno Porte I";"3,18930717604341e+01";"5,55734876491475e+01";"1. Despertados (Efeito Indutor)"
"4312617";"MUITOS CAPOES";"RS";"Pequeno Porte I";"3,69985662821595e+01";"1,49158255197895e+02";"1. Despertados (Efeito Indutor)"
"4312625";"MULITERNO";"RS";"Pequeno Porte I";"1,96694185023712e+02";"0,00000000000000e+00";"4. Efeito Substituição (Retração Local)"
"4312658";"NAO-ME-TOQUE";"RS";"Pequeno Porte I";"4,54890540116276e+01";"6,51826811590789e+01";"1. Despertados (Efeito Indutor)"
"4312708";"NONOAI";"RS";"Pequeno Porte I";"1,25238040798005e+01";"0,00000000000000e+00";"4. Efeito Substituição (Retração Local)"
"4312757";"NOVA ALVORADA";"RS";"Pequeno Porte I";"1,65970400389330e+01";"6,69147577844507e+01";"1. Despertados (Efeito Indutor)"
"4312807";"NOVA ARACA";"RS";"Pequeno Porte I";"2,71115632855719e+01";"6,48371387622413e+01";"1. Despertados (Efeito Indutor)"
"4312906";"NOVA BASSANO";"RS";"Pequeno Porte I";"2,90091938112685e+01";"5,21295911450218e+01";"1. Despertados (Efeito Indutor)"
"4313003";"NOVA BRESCIA";"RS";"Pequeno Porte I";"1,21764423027700e+01";"1,45406956633994e+02";"1. Despertados (Efeito Indutor)"
"4313037";"NOVA ESPERANCA DO SUL";"RS";"Pequeno Porte I";"7,47058035449342e+01";"1,17062801193798e+02";"1. Despertados (Efeito Indutor)"
"4313060";"NOVA HARTZ";"RS";"Pequeno Porte II";"1,57241248418367e+01";"3,13830635841262e+01";"1. Despertados (Efeito Indutor)"
"4313086";"NOVA PADUA";"RS";"Pequeno Porte I";"3,32070280848610e+00";"1,82834824802583e+02";"1. Despertados (Efeito Indutor)"
"4313102";"NOVA PALMA";"RS";"Pequeno Porte I";"1,13032222184707e+02";"3,94463580169644e+01";"4. Efeito Substituição (Retração Local)"
"4313201";"NOVA PETROPOLIS";"RS";"Pequeno Porte II";"5,29172855848080e+01";"8,99466973024710e+01";"1. Despertados (Efeito Indutor)"
"4313300";"NOVA PRATA";"RS";"Pequeno Porte II";"3,01373888679942e+01";"6,27766118289804e+01";"1. Despertados (Efeito Indutor)"
"4313334";"NOVA RAMADA";"RS";"Pequeno Porte I";"7,29065424969231e+01";"1,54314052169346e+02";"1. Despertados (Efeito Indutor)"
"4313359";"NOVA ROMA DO SUL";"RS";"Pequeno Porte I";"4,67149083471441e+01";"3,43993932255060e+01";"2. Constantes (Sustentabilidade)"
"4313375";"NOVA SANTA RITA";"RS";"Pequeno Porte II";"1,38754831036227e+01";"6,79105513656339e+01";"1. Despertados (Efeito Indutor)"
"4313391";"NOVO CABRAIS";"RS";"Pequeno Porte I";"2,80300418282717e+01";"1,10868814016909e+02";"1. Despertados (Efeito Indutor)"
"4313409";"NOVO HAMBURGO";"RS";"Grande Porte";"2,83735107178229e+01";"3,63109504733935e+01";"2. Constantes (Sustentabilidade)"
"4313425";"NOVO MACHADO";"RS";"Pequeno Porte I";"9,84016995810286e+01";"1,99056483076385e+02";"1. Despertados (Efeito Indutor)"
"4313490";"NOVO BARREIRO";"RS";"Pequeno Porte I";"1,02521137051453e+00";"3,76845194239063e+01";"1. Despertados (Efeito Indutor)"
"4313508";"OSORIO";"RS";"Pequeno Porte II";"1,76907732127601e+01";"9,41535845731057e+00";"2. Constantes (Sustentabilidade)"
"4313607";"PAIM FILHO";"RS";"Pequeno Porte I";"2,47512701433230e+01";"0,00000000000000e+00";"4. Efeito Substituição (Retração Local)"
"4313656";"PALMARES DO SUL";"RS";"Pequeno Porte I";"1,17710042225465e+01";"4,84527200516142e-01";"4. Efeito Substituição (Retração Local)"
"4313706";"PALMEIRA DAS MISSOES";"RS";"Pequeno Porte II";"2,98809396326757e+01";"7,76587708027008e+01";"1. Despertados (Efeito Indutor)"
"4313805";"PALMITINHO";"RS";"Pequeno Porte I";"1,18718678533103e+01";"4,17364054766864e+01";"1. Despertados (Efeito Indutor)"
"4313904";"PANAMBI";"RS";"Pequeno Porte II";"5,39822805127141e+01";"6,48624549291473e+01";"2. Constantes (Sustentabilidade)"
"4313953";"PANTANO GRANDE";"RS";"Pequeno Porte I";"1,21457665601723e+01";"1,29412604394095e+01";"2. Constantes (Sustentabilidade)"
"4314001";"PARAI";"RS";"Pequeno Porte I";"7,11503927478121e+01";"9,54146256669599e+01";"1. Despertados (Efeito Indutor)"
"4314027";"PARAISO DO SUL";"RS";"Pequeno Porte I";"6,85158018212421e+01";"9,69487493373165e+01";"1. Despertados (Efeito Indutor)"
"4314035";"PARECI NOVO";"RS";"Pequeno Porte I";"6,25526685162624e+01";"1,36302478636458e+02";"1. Despertados (Efeito Indutor)"
"4314050";"PAROBE";"RS";"Médio Porte";"2,66000820517963e+01";"5,58352210964385e+01";"1. Despertados (Efeito Indutor)"
"4314068";"PASSA SETE";"RS";"Pequeno Porte I";"4,16091714869495e+01";"4,38003996128469e+01";"2. Constantes (Sustentabilidade)"
"4314076";"PASSO DO SOBRADO";"RS";"Pequeno Porte I";"3,47601498688186e+00";"1,51288685387522e+02";"1. Despertados (Efeito Indutor)"
"4314100";"PASSO FUNDO";"RS";"Grande Porte";"1,38765304013290e+01";"2,91250281967330e+01";"1. Despertados (Efeito Indutor)"
"4314134";"PAULO BENTO";"RS";"Pequeno Porte I";"3,75564820811353e+01";"1,76018255159062e+02";"1. Despertados (Efeito Indutor)"
"4314159";"PAVERAMA";"RS";"Pequeno Porte I";"1,28442199813900e+01";"2,04522965696284e+01";"1. Despertados (Efeito Indutor)"
"4314209";"PEDRO OSORIO";"RS";"Pequeno Porte I";"7,77088377531639e+01";"1,76736917245590e+02";"1. Despertados (Efeito Indutor)"
"4314308";"PEJUCARA";"RS";"Pequeno Porte I";"4,68683432257533e+01";"6,82239171506210e+01";"1. Despertados (Efeito Indutor)"
"4314407";"PELOTAS";"RS";"Grande Porte";"2,23380886372068e+01";"2,94638841201137e+01";"2. Constantes (Sustentabilidade)"
"4314456";"PINHAL";"RS";"Pequeno Porte I";"3,68162852890947e+01";"1,02823836558642e+02";"1. Despertados (Efeito Indutor)"
"4314464";"PINHAL DA SERRA";"RS";"Pequeno Porte I";"2,26470170044916e+01";"0,00000000000000e+00";"4. Efeito Substituição (Retração Local)"
"4314472";"PINHAL GRANDE";"RS";"Pequeno Porte I";"8,70878061090453e+01";"1,13325662513340e+02";"1. Despertados (Efeito Indutor)"
"4314498";"PINHEIRINHO DO VALE";"RS";"Pequeno Porte I";"6,28975385974781e+00";"0,00000000000000e+00";"4. Efeito Substituição (Retração Local)"
"4314506";"PINHEIRO MACHADO";"RS";"Pequeno Porte I";"3,31828734269308e+00";"9,14122707828397e+00";"1. Despertados (Efeito Indutor)"
"4314548";"PINTO BANDEIRA";"RS";"Pequeno Porte I";"5,69349003388127e+00";"2,37301032602651e+00";"2. Constantes (Sustentabilidade)"
"4314605";"PIRATINI";"RS";"Pequeno Porte I";"1,82220798059210e+01";"1,33868144769382e+02";"1. Despertados (Efeito Indutor)"
"4314753";"POCO DAS ANTAS";"RS";"Pequeno Porte I";"7,30807727854878e+01";"1,22016179784223e+02";"1. Despertados (Efeito Indutor)"
"4314779";"PONTAO";"RS";"Pequeno Porte I";"1,93596179804297e+00";"1,14962295399310e+02";"1. Despertados (Efeito Indutor)"
"4314803";"PORTAO";"RS";"Pequeno Porte II";"5,73660723961490e+00";"1,34603225576606e+01";"1. Despertados (Efeito Indutor)"
"4314902";"PORTO ALEGRE";"RS";"Metrópole";"3,03855809517032e+01";"3,69590053518163e+01";"2. Constantes (Sustentabilidade)"
"4315008";"PORTO LUCENA";"RS";"Pequeno Porte I";"3,87836293505434e+01";"6,46788990825688e-02";"4. Efeito Substituição (Retração Local)"
"4315057";"PORTO MAUA";"RS";"Pequeno Porte I";"1,50261548733872e+01";"4,76289784788713e+01";"1. Despertados (Efeito Indutor)"
"4315073";"PORTO VERA CRUZ";"RS";"Pequeno Porte I";"1,54138736797862e+02";"4,90175288191287e+01";"4. Efeito Substituição (Retração Local)"
"4315107";"PORTO XAVIER";"RS";"Pequeno Porte I";"5,51983454077982e+01";"1,00474740104702e+02";"1. Despertados (Efeito Indutor)"
"4315131";"POUSO NOVO";"RS";"Pequeno Porte I";"8,30062184597628e+01";"1,46602181890011e+02";"1. Despertados (Efeito Indutor)"
"4315149";"PRESIDENTE LUCENA";"RS";"Pequeno Porte I";"1,16745893350523e+01";"8,38280921688455e+01";"1. Despertados (Efeito Indutor)"
"4315156";"PROGRESSO";"RS";"Pequeno Porte I";"2,58896899576045e+00";"1,36505578274253e+01";"1. Despertados (Efeito Indutor)"
"4315172";"PROTASIO ALVES";"RS";"Pequeno Porte I";"1,79436745093576e+01";"3,34303469426262e+01";"1. Despertados (Efeito Indutor)"
"4315305";"QUARAI";"RS";"Pequeno Porte II";"1,36390487342461e+00";"6,54433948917385e+00";"2. Constantes (Sustentabilidade)"
"4315321";"QUEVEDOS";"RS";"Pequeno Porte I";"4,65809839636224e+01";"7,71832580416423e+01";"1. Despertados (Efeito Indutor)"
"4315354";"QUINZE DE NOVEMBRO";"RS";"Pequeno Porte I";"3,58866978274300e+01";"1,38075217102642e+02";"1. Despertados (Efeito Indutor)"
"4315404";"REDENTORA";"RS";"Pequeno Porte I";"4,46533929165426e-01";"1,51223900593642e+01";"1. Despertados (Efeito Indutor)"
"4315503";"RESTINGA SECA";"RS";"Pequeno Porte I";"3,08013504639658e+01";"4,00373962951847e+01";"2. Constantes (Sustentabilidade)"
"4315552";"RIO DOS INDIOS";"RS";"Pequeno Porte I";"2,02502492633668e+01";"0,00000000000000e+00";"4. Efeito Substituição (Retração Local)"
"4315602";"RIO GRANDE";"RS";"Grande Porte";"1,99773990949203e+01";"2,81214010242960e+00";"4. Efeito Substituição (Retração Local)"
"4315701";"RIO PARDO";"RS";"Pequeno Porte II";"6,73301117048518e-01";"5,86165488241412e+00";"1. Despertados (Efeito Indutor)"
"4315750";"RIOZINHO";"RS";"Pequeno Porte I";"2,63293989683331e+01";"1,69809116944035e+02";"1. Despertados (Efeito Indutor)"
"4315800";"ROCA SALES";"RS";"Pequeno Porte I";"3,54925139244888e+01";"2,76687852566172e+01";"2. Constantes (Sustentabilidade)"
"4315909";"RODEIO BONITO";"RS";"Pequeno Porte I";"6,11919435837876e+01";"1,29474721148360e+02";"1. Despertados (Efeito Indutor)"
"4316006";"ROLANTE";"RS";"Pequeno Porte II";"2,72112274849657e+01";"2,98903917952176e+01";"2. Constantes (Sustentabilidade)"
"4316105";"RONDA ALTA";"RS";"Pequeno Porte I";"4,53248911310491e+01";"9,73048962899576e+01";"1. Despertados (Efeito Indutor)"
"4316204";"RONDINHA";"RS";"Pequeno Porte I";"7,77827761194879e+01";"1,32162893444842e+02";"1. Despertados (Efeito Indutor)"
"4316303";"ROQUE GONZALES";"RS";"Pequeno Porte I";"1,32764451739459e+02";"7,04552550458828e+01";"4. Efeito Substituição (Retração Local)"
"4316402";"ROSARIO DO SUL";"RS";"Pequeno Porte II";"3,49083605964791e+01";"2,10544964795920e+01";"4. Efeito Substituição (Retração Local)"
"4316428";"SAGRADA FAMILIA";"RS";"Pequeno Porte I";"2,05716324092685e+01";"1,20422616189874e+02";"1. Despertados (Efeito Indutor)"
"4316436";"SALDANHA MARINHO";"RS";"Pequeno Porte I";"7,88799745734872e+01";"6,29483484193544e+01";"2. Constantes (Sustentabilidade)"
"4316451";"SALTO DO JACUI";"RS";"Pequeno Porte I";"2,67216055141375e+01";"5,15277414465551e+01";"1. Despertados (Efeito Indutor)"
"4316477";"SALVADOR DAS MISSOES";"RS";"Pequeno Porte I";"1,94417888278465e+01";"1,22327538706237e+02";"1. Despertados (Efeito Indutor)"
"4316600";"SANANDUVA";"RS";"Pequeno Porte I";"2,01343384758728e+01";"0,00000000000000e+00";"4. Efeito Substituição (Retração Local)"
"4316733";"SANTA CECILIA DO SUL";"RS";"Pequeno Porte I";"6,50218640865340e+00";"0,00000000000000e+00";"4. Efeito Substituição (Retração Local)"
"4316758";"SANTA CLARA DO SUL";"RS";"Pequeno Porte I";"2,79375162639017e+01";"8,28618101174308e+01";"1. Despertados (Efeito Indutor)"
"4316808";"SANTA CRUZ DO SUL";"RS";"Grande Porte";"2,71167779718572e+01";"4,34824821587668e+01";"1. Despertados (Efeito Indutor)"
"4316907";"SANTA MARIA";"RS";"Grande Porte";"1,12650353434818e+01";"4,46259975143276e+01";"1. Despertados (Efeito Indutor)"
"4316956";"SANTA MARIA DO HERVAL";"RS";"Pequeno Porte I";"2,01164583487204e+01";"3,79594997341958e+01";"1. Despertados (Efeito Indutor)"
"4316972";"SANTA MARGARIDA DO SUL";"RS";"Pequeno Porte I";"2,12574479968516e+01";"6,83881249248683e+01";"1. Despertados (Efeito Indutor)"
"4317004";"SANTANA DA BOA VISTA";"RS";"Pequeno Porte I";"3,79314525549881e+01";"3,70937813091890e+01";"2. Constantes (Sustentabilidade)"
"4317103";"SANT'ANA DO LIVRAMENTO";"RS";"Médio Porte";"7,35034912748798e+00";"1,81928137174941e+01";"1. Despertados (Efeito Indutor)"
"4317202";"SANTA ROSA";"RS";"Médio Porte";"7,42324808340517e+01";"2,84610625839385e+01";"4. Efeito Substituição (Retração Local)"
"4317251";"SANTA TEREZA";"RS";"Pequeno Porte I";"0,00000000000000e+00";"1,29450728342730e+01";"1. Despertados (Efeito Indutor)"
"4317301";"SANTA VITORIA DO PALMAR";"RS";"Pequeno Porte II";"2,37669996157361e+01";"3,47272044150352e+01";"1. Despertados (Efeito Indutor)"
"4317400";"SANTIAGO";"RS";"Pequeno Porte II";"2,14299922741581e+01";"1,99897556534187e+01";"2. Constantes (Sustentabilidade)"
"4317558";"SANTO ANTONIO DO PALMA";"RS";"Pequeno Porte I";"4,99185205325051e+01";"1,44581804484206e+02";"1. Despertados (Efeito Indutor)"
"4317608";"SANTO ANTONIO DA PATRULHA";"RS";"Pequeno Porte II";"1,33160856452908e+01";"3,47520548392834e+01";"1. Despertados (Efeito Indutor)"
"4317707";"SANTO ANTONIO DAS MISSOES";"RS";"Pequeno Porte I";"2,81378612813320e+01";"4,71452427614872e+01";"1. Despertados (Efeito Indutor)"
"4317756";"SANTO ANTONIO DO PLANALTO";"RS";"Pequeno Porte I";"9,37521480722902e+01";"1,73002989720602e+02";"1. Despertados (Efeito Indutor)"
"4317806";"SANTO AUGUSTO";"RS";"Pequeno Porte I";"5,47013357294786e+01";"4,80933756970423e+01";"2. Constantes (Sustentabilidade)"
"4317905";"SANTO CRISTO";"RS";"Pequeno Porte I";"5,87843804457958e+01";"7,37950930040526e+01";"2. Constantes (Sustentabilidade)"
"4317954";"SANTO EXPEDITO DO SUL";"RS";"Pequeno Porte I";"6,13876495243536e+00";"0,00000000000000e+00";"2. Constantes (Sustentabilidade)"
"4318002";"SAO BORJA";"RS";"Médio Porte";"1,85008597784161e+01";"1,80992882058195e+01";"2. Constantes (Sustentabilidade)"
"4318101";"SAO FRANCISCO DE ASSIS";"RS";"Pequeno Porte I";"1,51135450957426e+01";"2,34257875241767e+01";"1. Despertados (Efeito Indutor)"
"4318200";"SAO FRANCISCO DE PAULA";"RS";"Pequeno Porte II";"2,01005405423356e+01";"8,44825826737872e+01";"1. Despertados (Efeito Indutor)"
"4318309";"SAO GABRIEL";"RS";"Médio Porte";"0,00000000000000e+00";"1,98064788692636e+01";"1. Despertados (Efeito Indutor)"
"4318408";"SAO JERONIMO";"RS";"Pequeno Porte II";"1,52493791811590e+01";"1,04354924194784e+01";"2. Constantes (Sustentabilidade)"
"4318424";"SAO JOAO DA URTIGA";"RS";"Pequeno Porte I";"1,46156595637134e+01";"2,27803041496670e+01";"1. Despertados (Efeito Indutor)"
"4318432";"SAO JOAO DO POLESINE";"RS";"Pequeno Porte I";"1,26356692098478e+02";"1,97969839151207e+02";"1. Despertados (Efeito Indutor)"
"4318440";"SAO JORGE";"RS";"Pequeno Porte I";"4,30885880535304e+00";"1,79217538323773e+02";"1. Despertados (Efeito Indutor)"
"4318465";"SAO JOSE DO HERVAL";"RS";"Pequeno Porte I";"2,59991381092976e+01";"1,30247988791489e+02";"1. Despertados (Efeito Indutor)"
"4318481";"SAO JOSE DO HORTENCIO";"RS";"Pequeno Porte I";"1,83406034097780e+01";"1,79359969732630e+02";"1. Despertados (Efeito Indutor)"
"4318499";"SAO JOSE DO INHACORA";"RS";"Pequeno Porte I";"1,21296004747523e+02";"1,62110479886279e+02";"1. Despertados (Efeito Indutor)"
"4318507";"SAO JOSE DO NORTE";"RS";"Pequeno Porte II";"6,96850695168366e+01";"5,71315571783565e+01";"2. Constantes (Sustentabilidade)"
"4318606";"SAO JOSE DO OURO";"RS";"Pequeno Porte I";"1,43386448180491e+01";"0,00000000000000e+00";"4. Efeito Substituição (Retração Local)"
"4318622";"SAO JOSE DOS AUSENTES";"RS";"Pequeno Porte I";"1,37999563169771e+01";"9,59294673176977e+00";"2. Constantes (Sustentabilidade)"
"4318705";"SAO LEOPOLDO";"RS";"Grande Porte";"1,18145532330789e+01";"2,52893126618091e+01";"1. Despertados (Efeito Indutor)"
"4318804";"SAO LOURENCO DO SUL";"RS";"Pequeno Porte II";"1,95868015639245e+01";"1,46532247315755e+01";"2. Constantes (Sustentabilidade)"
"4319000";"SAO MARCOS";"RS";"Pequeno Porte II";"3,70154148402249e+01";"3,02412678206120e+01";"2. Constantes (Sustentabilidade)"
"4319109";"SAO MARTINHO";"RS";"Pequeno Porte I";"9,38104426729770e+01";"9,91777891246035e+01";"2. Constantes (Sustentabilidade)"
"4319125";"SAO MARTINHO DA SERRA";"RS";"Pequeno Porte I";"2,56081712676035e+01";"2,25733227488753e+01";"2. Constantes (Sustentabilidade)"
"4319158";"SAO MIGUEL DAS MISSOES";"RS";"Pequeno Porte I";"9,83619626937997e+01";"1,05192464185895e+02";"2. Constantes (Sustentabilidade)"
"4319307";"SAO PAULO DAS MISSOES";"RS";"Pequeno Porte I";"5,40093973875318e+01";"5,61741500318186e+01";"2. Constantes (Sustentabilidade)"
"4319372";"SAO PEDRO DO BUTIA";"RS";"Pequeno Porte I";"0,00000000000000e+00";"7,64907786348395e+00";"1. Despertados (Efeito Indutor)"
"4319406";"SAO PEDRO DO SUL";"RS";"Pequeno Porte I";"2,45033725506332e+01";"2,60397512560388e+01";"2. Constantes (Sustentabilidade)"
"4319505";"SAO SEBASTIAO DO CAI";"RS";"Pequeno Porte II";"4,23704540071273e+01";"6,50437532840694e+01";"1. Despertados (Efeito Indutor)"
"4319604";"SAO SEPE";"RS";"Pequeno Porte II";"7,22607234862034e+01";"1,22358946706629e+02";"1. Despertados (Efeito Indutor)"
"4319703";"SAO VALENTIM";"RS";"Pequeno Porte I";"6,90341846765944e+00";"0,00000000000000e+00";"4. Efeito Substituição (Retração Local)"
"4319802";"SAO VICENTE DO SUL";"RS";"Pequeno Porte I";"1,17080753149433e+01";"5,10289281735044e+00";"2. Constantes (Sustentabilidade)"
"4319901";"SAPIRANGA";"RS";"Médio Porte";"3,98694620433255e+01";"5,78783573244215e+01";"1. Despertados (Efeito Indutor)"
"4320008";"SAPUCAIA DO SUL";"RS";"Grande Porte";"7,87882990392909e+00";"9,50622395774704e+00";"2. Constantes (Sustentabilidade)"
"4320107";"SARANDI";"RS";"Pequeno Porte II";"4,69396725113859e+01";"5,16034682683026e+01";"2. Constantes (Sustentabilidade)"
"4320206";"SEBERI";"RS";"Pequeno Porte I";"1,10477416974203e+01";"3,43925614452647e+01";"1. Despertados (Efeito Indutor)"
"4320230";"SEDE NOVA";"RS";"Pequeno Porte I";"9,36196150743705e+01";"1,78870660672525e+02";"1. Despertados (Efeito Indutor)"
"4320263";"SEGREDO";"RS";"Pequeno Porte I";"1,87202459341617e+01";"7,22476956853658e+01";"1. Despertados (Efeito Indutor)"
"4320305";"SELBACH";"RS";"Pequeno Porte I";"1,48507816233434e+01";"7,68217969938781e+00";"2. Constantes (Sustentabilidade)"
"4320321";"SENADOR SALGADO FILHO";"RS";"Pequeno Porte I";"4,73198953620950e+01";"6,44441898811819e+01";"1. Despertados (Efeito Indutor)"
"4320354";"SENTINELA DO SUL";"RS";"Pequeno Porte I";"1,14922090834510e+01";"7,92367158303512e+01";"1. Despertados (Efeito Indutor)"
"4320404";"SERAFINA CORREA";"RS";"Pequeno Porte I";"2,74662278552044e+01";"1,74651932067783e+02";"1. Despertados (Efeito Indutor)"
"4320453";"SERIO";"RS";"Pequeno Porte I";"7,30772523373855e-01";"1,98948710175314e-01";"2. Constantes (Sustentabilidade)"
"4320503";"SERTAO";"RS";"Pequeno Porte I";"1,01542059234750e+01";"1,53359770736523e+01";"2. Constantes (Sustentabilidade)"
"4320552";"SERTAO SANTANA";"RS";"Pequeno Porte I";"5,49788454983732e+00";"1,94328408112409e+01";"1. Despertados (Efeito Indutor)"
"4320602";"SEVERIANO DE ALMEIDA";"RS";"Pequeno Porte I";"4,66455925323704e+01";"1,95081526337770e+02";"1. Despertados (Efeito Indutor)"
"4320651";"SILVEIRA MARTINS";"RS";"Pequeno Porte I";"2,36969278440864e+01";"0,00000000000000e+00";"4. Efeito Substituição (Retração Local)"
"4320677";"SINIMBU";"RS";"Pequeno Porte I";"2,06219626293357e+01";"7,13964455944984e+00";"4. Efeito Substituição (Retração Local)"
"4320701";"SOBRADINHO";"RS";"Pequeno Porte I";"3,06780874149019e+01";"3,13960470919114e+01";"2. Constantes (Sustentabilidade)"
"4320800";"SOLEDADE";"RS";"Pequeno Porte II";"2,65661316706827e+01";"2,32514583682298e+01";"2. Constantes (Sustentabilidade)"
"4320859";"TABAI";"RS";"Pequeno Porte I";"0,00000000000000e+00";"2,33133465484682e+00";"2. Constantes (Sustentabilidade)"
"4320909";"TAPEJARA";"RS";"Pequeno Porte II";"7,56099283183825e+01";"8,12429530042116e+01";"2. Constantes (Sustentabilidade)"
"4321006";"TAPERA";"RS";"Pequeno Porte I";"8,02816582359414e+01";"1,12180315257459e+02";"1. Despertados (Efeito Indutor)"
"4321105";"TAPES";"RS";"Pequeno Porte I";"2,61145470994191e+01";"5,69012781600642e+01";"1. Despertados (Efeito Indutor)"
"4321204";"TAQUARA";"RS";"Médio Porte";"2,82069309759972e+01";"7,41390481908037e+01";"1. Despertados (Efeito Indutor)"
"4321303";"TAQUARI";"RS";"Pequeno Porte II";"1,55680538116461e+01";"8,89922086243843e+01";"1. Despertados (Efeito Indutor)"
"4321329";"TAQUARUCU DO SUL";"RS";"Pequeno Porte I";"5,98497936522545e+01";"1,17932027791362e+02";"1. Despertados (Efeito Indutor)"
"4321402";"TENENTE PORTELA";"RS";"Pequeno Porte I";"2,55412515162217e+01";"4,10605733697284e+01";"1. Despertados (Efeito Indutor)"
"4321436";"TERRA DE AREIA";"RS";"Pequeno Porte I";"5,98716193063153e+01";"5,88804825844949e+01";"2. Constantes (Sustentabilidade)"
"4321451";"TEUTONIA";"RS";"Pequeno Porte II";"2,14449307868542e+01";"6,84890211123939e+01";"1. Despertados (Efeito Indutor)"
"4321469";"TIO HUGO";"RS";"Pequeno Porte I";"2,12467159486503e+01";"3,57911657927972e+01";"1. Despertados (Efeito Indutor)"
"4321477";"TIRADENTES DO SUL";"RS";"Pequeno Porte I";"3,64043881766062e+00";"9,26340133235750e+01";"1. Despertados (Efeito Indutor)"
"4321493";"TOROPI";"RS";"Pequeno Porte I";"4,54465900905127e+01";"4,74489391593435e+01";"2. Constantes (Sustentabilidade)"
"4321501";"TORRES";"RS";"Pequeno Porte II";"1,29049111687945e+01";"3,29461866980380e+01";"1. Despertados (Efeito Indutor)"
"4321600";"TRAMANDAI";"RS";"Médio Porte";"1,13863132254934e+01";"9,81339672459004e+00";"2. Constantes (Sustentabilidade)"
"4321626";"TRAVESSEIRO";"RS";"Pequeno Porte I";"7,98025097428607e+00";"1,42265596201605e+02";"1. Despertados (Efeito Indutor)"
"4321667";"TRES CACHOEIRAS";"RS";"Pequeno Porte I";"1,09606954531568e+01";"6,42224328785245e+00";"2. Constantes (Sustentabilidade)"
"4321709";"TRES COROAS";"RS";"Pequeno Porte II";"2,10982070445016e+01";"4,37551343117432e+01";"1. Despertados (Efeito Indutor)"
"4321808";"TRES DE MAIO";"RS";"Pequeno Porte II";"1,01837933107484e+02";"7,86782716549110e+01";"2. Constantes (Sustentabilidade)"
"4321832";"TRES FORQUILHAS";"RS";"Pequeno Porte I";"2,68696865219034e+01";"3,33680366678085e+01";"2. Constantes (Sustentabilidade)"
"4321907";"TRES PASSOS";"RS";"Pequeno Porte II";"1,90294572434290e+01";"2,89544067785765e+01";"1. Despertados (Efeito Indutor)"
"4321956";"TRINDADE DO SUL";"RS";"Pequeno Porte I";"7,60874486743992e-01";"0,00000000000000e+00";"2. Constantes (Sustentabilidade)"
"4322004";"TRIUNFO";"RS";"Pequeno Porte II";"3,11395094170910e+01";"9,64688525893517e+01";"1. Despertados (Efeito Indutor)"
"4322103";"TUCUNDUVA";"RS";"Pequeno Porte I";"1,05937228260116e+02";"8,38461469353861e+01";"2. Constantes (Sustentabilidade)"
"4322152";"TUNAS";"RS";"Pequeno Porte I";"0,00000000000000e+00";"6,12502208405306e+00";"1. Despertados (Efeito Indutor)"
"4322186";"TUPANCI DO SUL";"RS";"Pequeno Porte I";"1,50238294263810e+01";"0,00000000000000e+00";"4. Efeito Substituição (Retração Local)"
"4322202";"TUPANCIRETA";"RS";"Pequeno Porte II";"4,52044010021816e+01";"3,71519841423219e+01";"2. Constantes (Sustentabilidade)"
"4322301";"TUPARENDI";"RS";"Pequeno Porte I";"1,86248106535861e+01";"3,79354866560368e+01";"1. Despertados (Efeito Indutor)"
"4322327";"TURUCU";"RS";"Pequeno Porte I";"3,31819726375485e+00";"7,34706073679976e+01";"1. Despertados (Efeito Indutor)"
"4322343";"UBIRETAMA";"RS";"Pequeno Porte I";"2,27360067403857e+01";"6,17745061567146e+01";"1. Despertados (Efeito Indutor)"
"4322376";"UNISTALDA";"RS";"Pequeno Porte I";"1,09555436211064e+02";"3,41176226120554e+01";"4. Efeito Substituição (Retração Local)"
"4322400";"URUGUAIANA";"RS";"Grande Porte";"1,04091408166411e+01";"1,06722956248534e+01";"2. Constantes (Sustentabilidade)"
"4322509";"VACARIA";"RS";"Médio Porte";"2,00377007335564e+01";"3,02861299235447e+01";"1. Despertados (Efeito Indutor)"
"4322525";"VALE VERDE";"RS";"Pequeno Porte I";"1,99290450695423e+01";"1,60197208406513e+02";"1. Despertados (Efeito Indutor)"
"4322533";"VALE DO SOL";"RS";"Pequeno Porte I";"3,18969101019891e+01";"2,85151503527965e+01";"2. Constantes (Sustentabilidade)"
"4322541";"VALE REAL";"RS";"Pequeno Porte I";"3,30761408225862e+01";"1,53048709160410e+01";"4. Efeito Substituição (Retração Local)"
"4322608";"VENANCIO AIRES";"RS";"Médio Porte";"2,73546095259126e+01";"5,48818776010155e+01";"1. Despertados (Efeito Indutor)"
"4322707";"VERA CRUZ";"RS";"Pequeno Porte II";"1,99996607180444e+01";"3,93327208970273e+01";"1. Despertados (Efeito Indutor)"
"4322806";"VERANOPOLIS";"RS";"Pequeno Porte II";"6,34828077332035e+01";"4,72035831427510e+01";"2. Constantes (Sustentabilidade)"
"4322905";"VIADUTOS";"RS";"Pequeno Porte I";"1,33444877148511e+01";"4,22805509564028e+01";"1. Despertados (Efeito Indutor)"
"4323002";"VIAMAO";"RS";"Grande Porte";"1,63445487834191e+01";"2,01751589799489e+01";"2. Constantes (Sustentabilidade)"
"4323101";"VICENTE DUTRA";"RS";"Pequeno Porte I";"2,73478342941824e+00";"4,73556658530197e+01";"1. Despertados (Efeito Indutor)"
"4323200";"VICTOR GRAEFF";"RS";"Pequeno Porte I";"4,94867956560948e+01";"1,29597151947591e+02";"1. Despertados (Efeito Indutor)"
"4323309";"VILA FLORES";"RS";"Pequeno Porte I";"7,83720540333620e+01";"1,55578532121739e+02";"1. Despertados (Efeito Indutor)"
"4323358";"VILA LANGARO";"RS";"Pequeno Porte I";"5,87016452822764e+01";"0,00000000000000e+00";"4. Efeito Substituição (Retração Local)"
"4323408";"VILA MARIA";"RS";"Pequeno Porte I";"2,70203983739573e+01";"1,18279757570650e+02";"1. Despertados (Efeito Indutor)"
"4323457";"VILA NOVA DO SUL";"RS";"Pequeno Porte I";"2,58213271886742e+01";"6,16896181614228e+01";"1. Despertados (Efeito Indutor)"
"4323507";"VISTA ALEGRE";"RS";"Pequeno Porte I";"3,00979003167273e+01";"1,95940011878138e+02";"1. Despertados (Efeito Indutor)"
"4323705";"VISTA GAUCHA";"RS";"Pequeno Porte I";"1,20721680324250e+00";"7,35176266290677e+01";"1. Despertados (Efeito Indutor)"
"4323754";"VITORIA DAS MISSOES";"RS";"Pequeno Porte I";"1,90822787539701e+01";"9,07566504434783e+00";"4. Efeito Substituição (Retração Local)"
"4323804";"XANGRI-LA";"RS";"Pequeno Porte I";"1,10495797758534e+01";"5,80265650421722e+01";"1. Despertados (Efeito Indutor)"
"5000203";"AGUA CLARA";"MS";"Pequeno Porte I";"6,62392037496586e+01";"1,84955678222983e+02";"1. Despertados (Efeito Indutor)"
"5000609";"AMAMBAI";"MS";"Pequeno Porte II";"4,68194036792842e+01";"3,86045358527329e+01";"2. Constantes (Sustentabilidade)"
"5000708";"ANASTACIO";"MS";"Pequeno Porte II";"3,03090424180808e+01";"1,62553523401190e+02";"1. Despertados (Efeito Indutor)"
"5000807";"ANAURILANDIA";"MS";"Pequeno Porte I";"7,35193072353289e+00";"3,62043191738513e+01";"1. Despertados (Efeito Indutor)"
"5000856";"ANGELICA";"MS";"Pequeno Porte I";"3,09058016388494e+00";"4,70934359453937e+01";"1. Despertados (Efeito Indutor)"
"5000906";"ANTONIO JOAO";"MS";"Pequeno Porte I";"3,09861516631606e+00";"4,90084729256456e+01";"1. Despertados (Efeito Indutor)"
"5001003";"APARECIDA DO TABOADO";"MS";"Pequeno Porte II";"2,46370758272201e+01";"1,20385842324923e+02";"1. Despertados (Efeito Indutor)"
"5001102";"AQUIDAUANA";"MS";"Pequeno Porte II";"3,02600231011463e+01";"1,28928691605751e+02";"1. Despertados (Efeito Indutor)"
"5001243";"ARAL MOREIRA";"MS";"Pequeno Porte I";"8,41175215386388e+01";"6,67873899014882e+01";"2. Constantes (Sustentabilidade)"
"5001904";"BATAGUASSU";"MS";"Pequeno Porte II";"1,06403390971253e+01";"1,85297696718437e+01";"1. Despertados (Efeito Indutor)"
"5002001";"BATAYPORA";"MS";"Pequeno Porte I";"1,27787589750960e+01";"8,75269656348119e+01";"1. Despertados (Efeito Indutor)"
"5002100";"BELA VISTA";"MS";"Pequeno Porte II";"0,00000000000000e+00";"1,21279985368094e+01";"1. Despertados (Efeito Indutor)"
"5002159";"BODOQUENA";"MS";"Pequeno Porte I";"6,65582767970561e+01";"7,70545295521130e+01";"2. Constantes (Sustentabilidade)"
"5002209";"BONITO";"MS";"Pequeno Porte II";"6,92773045203524e+00";"1,26043606383515e+01";"2. Constantes (Sustentabilidade)"
"5002407";"CAARAPO";"MS";"Pequeno Porte II";"1,39252210807822e+01";"1,57138182288746e+01";"2. Constantes (Sustentabilidade)"
"5002605";"CAMAPUA";"MS";"Pequeno Porte I";"1,59295078277523e+01";"1,56845599287528e+02";"1. Despertados (Efeito Indutor)"
"5002704";"CAMPO GRANDE";"MS";"Grande Porte";"3,44235595946321e+01";"2,38460750566920e+01";"2. Constantes (Sustentabilidade)"
"5002803";"CARACOL";"MS";"Pequeno Porte I";"9,21693119544132e+01";"1,01680165361637e+02";"2. Constantes (Sustentabilidade)"
"5002902";"CASSILANDIA";"MS";"Pequeno Porte II";"3,69711829599732e+01";"1,50068395121466e+02";"1. Despertados (Efeito Indutor)"
"5002951";"CHAPADAO DO SUL";"MS";"Pequeno Porte II";"2,53456744094026e+00";"6,80194453286433e+01";"1. Despertados (Efeito Indutor)"
"5003157";"CORONEL SAPUCAIA";"MS";"Pequeno Porte I";"6,20657536363781e-02";"2,66011900837714e+01";"1. Despertados (Efeito Indutor)"
"5003207";"CORUMBA";"MS";"Médio Porte";"1,41185754176668e+02";"1,80935214802353e+02";"1. Despertados (Efeito Indutor)"
"5003256";"COSTA RICA";"MS";"Pequeno Porte II";"1,18878479972320e+02";"1,33300839432379e+02";"2. Constantes (Sustentabilidade)"
"5003306";"COXIM";"MS";"Pequeno Porte II";"2,44327855112008e+00";"3,91900077005387e+01";"1. Despertados (Efeito Indutor)"
"5003454";"DEODAPOLIS";"MS";"Pequeno Porte I";"1,53712976815817e+02";"1,27384280754140e+02";"2. Constantes (Sustentabilidade)"
"5003504";"DOURADINA";"MS";"Pequeno Porte I";"2,91081300987489e+01";"9,39698747545878e+01";"1. Despertados (Efeito Indutor)"
"5003702";"DOURADOS";"MS";"Grande Porte";"9,33679422882107e+00";"2,18908815016017e+01";"1. Despertados (Efeito Indutor)"
"5003751";"ELDORADO";"MS";"Pequeno Porte I";"9,62237055972838e+00";"4,82272148900511e+01";"1. Despertados (Efeito Indutor)"
"5003801";"FATIMA DO SUL";"MS";"Pequeno Porte II";"9,32851744114401e+00";"9,47607830187903e-02";"4. Efeito Substituição (Retração Local)"
"5003900";"FIGUEIRAO";"MS";"Pequeno Porte I";"2,53205702271419e+01";"8,42802452177860e+01";"1. Despertados (Efeito Indutor)"
"5004007";"GLORIA DE DOURADOS";"MS";"Pequeno Porte I";"3,04592696268876e+01";"1,99600718904483e+02";"1. Despertados (Efeito Indutor)"
"5004106";"GUIA LOPES DA LAGUNA";"MS";"Pequeno Porte I";"2,73233711095443e+01";"4,43138884022046e+01";"1. Despertados (Efeito Indutor)"
"5004304";"IGUATEMI";"MS";"Pequeno Porte I";"0,00000000000000e+00";"3,62108922363847e-01";"2. Constantes (Sustentabilidade)"
"5004403";"INOCENCIA";"MS";"Pequeno Porte I";"1,21847647475050e+01";"1,71474439876570e+02";"1. Despertados (Efeito Indutor)"
"5004601";"ITAQUIRAI";"MS";"Pequeno Porte I";"1,87517968936542e+01";"7,67049638301775e+01";"1. Despertados (Efeito Indutor)"
"5004700";"IVINHEMA";"MS";"Pequeno Porte II";"1,68725556670526e+01";"1,09009400399486e+02";"1. Despertados (Efeito Indutor)"
"5004908";"JARAGUARI";"MS";"Pequeno Porte I";"1,08691859919305e+02";"1,82476145118364e+01";"4. Efeito Substituição (Retração Local)"
"5005004";"JARDIM";"MS";"Pequeno Porte II";"0,00000000000000e+00";"4,51247449268949e+01";"1. Despertados (Efeito Indutor)"
"5005103";"JATEI";"MS";"Pequeno Porte I";"0,00000000000000e+00";"1,42610247630153e+01";"1. Despertados (Efeito Indutor)"
"5005152";"JUTI";"MS";"Pequeno Porte I";"0,00000000000000e+00";"1,52324570656908e+01";"1. Despertados (Efeito Indutor)"
"5005202";"LADARIO";"MS";"Pequeno Porte II";"6,86669746927937e+01";"1,63558345637295e+02";"1. Despertados (Efeito Indutor)"
"5005400";"MARACAJU";"MS";"Pequeno Porte II";"6,32657397975486e+01";"1,25635352854793e+02";"1. Despertados (Efeito Indutor)"
"5005608";"MIRANDA";"MS";"Pequeno Porte II";"2,51701135903682e+00";"2,43176574294113e+00";"2. Constantes (Sustentabilidade)"
"5005681";"MUNDO NOVO";"MS";"Pequeno Porte I";"0,00000000000000e+00";"3,34636699088519e+01";"1. Despertados (Efeito Indutor)"
"5005707";"NAVIRAI";"MS";"Médio Porte";"1,28693753618069e+01";"5,33992481718747e+01";"1. Despertados (Efeito Indutor)"
"5005806";"NIOAQUE";"MS";"Pequeno Porte I";"9,97051024410925e+00";"7,25051609414410e+01";"1. Despertados (Efeito Indutor)"
"5006002";"NOVA ALVORADA DO SUL";"MS";"Pequeno Porte II";"1,04415980957128e+01";"1,07646680526194e+01";"2. Constantes (Sustentabilidade)"
"5006200";"NOVA ANDRADINA";"MS";"Pequeno Porte II";"1,02671100466939e+01";"5,73069279826884e+01";"1. Despertados (Efeito Indutor)"
"5006309";"PARANAIBA";"MS";"Pequeno Porte II";"2,47041994825265e+01";"9,87718817135249e+01";"1. Despertados (Efeito Indutor)"
"5006358";"PARANHOS";"MS";"Pequeno Porte I";"1,13241187702005e+01";"4,14635905433148e+00";"2. Constantes (Sustentabilidade)"
"5006408";"PEDRO GOMES";"MS";"Pequeno Porte I";"3,46890677906170e+00";"2,61977907890204e+00";"2. Constantes (Sustentabilidade)"
"5006606";"PONTA PORA";"MS";"Médio Porte";"6,28297131937935e+00";"4,54336354363987e+00";"2. Constantes (Sustentabilidade)"
"5006903";"PORTO MURTINHO";"MS";"Pequeno Porte I";"4,04593958380744e+00";"7,36591740015185e+01";"1. Despertados (Efeito Indutor)"
"5007109";"RIBAS DO RIO PARDO";"MS";"Pequeno Porte II";"2,24600963913601e+00";"1,10060484302788e+02";"1. Despertados (Efeito Indutor)"
"5007208";"RIO BRILHANTE";"MS";"Pequeno Porte II";"4,12312793868745e-01";"9,13730170979560e+01";"1. Despertados (Efeito Indutor)"
"5007307";"RIO NEGRO";"MS";"Pequeno Porte I";"9,13918415430266e+00";"5,09728861367445e+01";"1. Despertados (Efeito Indutor)"
"5007406";"RIO VERDE DE MATO GROSSO";"MS";"Pequeno Porte I";"1,82458646719359e+00";"2,37460470932443e+01";"1. Despertados (Efeito Indutor)"
"5007505";"ROCHEDO";"MS";"Pequeno Porte I";"0,00000000000000e+00";"9,92585745503994e+01";"1. Despertados (Efeito Indutor)"
"5007703";"SETE QUEDAS";"MS";"Pequeno Porte I";"3,89206025830762e-01";"2,53977280122685e+01";"1. Despertados (Efeito Indutor)"
"5007901";"SIDROLANDIA";"MS";"Pequeno Porte II";"6,86403015596084e+00";"1,55506714973847e+01";"1. Despertados (Efeito Indutor)"
"5007950";"TACURU";"MS";"Pequeno Porte I";"0,00000000000000e+00";"4,41867196399368e+00";"2. Constantes (Sustentabilidade)"
"5008008";"TERENOS";"MS";"Pequeno Porte I";"1,25827809283180e+01";"8,90714398859297e+01";"1. Despertados (Efeito Indutor)"
"5008305";"TRES LAGOAS";"MS";"Grande Porte";"5,46586424421147e+01";"7,12077788619387e+01";"1. Despertados (Efeito Indutor)"
"5008404";"VICENTINA";"MS";"Pequeno Porte I";"0,00000000000000e+00";"8,01059228123903e-01";"2. Constantes (Sustentabilidade)"
"5100201";"AGUA BOA";"MT";"Pequeno Porte II";"3,51548347098264e+01";"1,61044893963282e+02";"1. Despertados (Efeito Indutor)"
"5100250";"ALTA FLORESTA";"MT";"Médio Porte";"3,77896978397515e+01";"8,30607798501451e+01";"1. Despertados (Efeito Indutor)"
"5100300";"ALTO ARAGUAIA";"MT";"Pequeno Porte I";"1,27021783921345e+01";"6,52053170591575e+01";"1. Despertados (Efeito Indutor)"
"5100607";"ALTO TAQUARI";"MT";"Pequeno Porte I";"1,30327898212864e+01";"7,21479191961604e+01";"1. Despertados (Efeito Indutor)"
"5100805";"APIACAS";"MT";"Pequeno Porte I";"1,25124706347253e+01";"4,28934042770209e+01";"1. Despertados (Efeito Indutor)"
"5101001";"ARAGUAIANA";"MT";"Pequeno Porte I";"1,09552235464095e+01";"1,96661472747231e+02";"1. Despertados (Efeito Indutor)"
"5101209";"ARAGUAINHA";"MT";"Pequeno Porte I";"3,59660737564215e+01";"1,27292199212341e+02";"1. Despertados (Efeito Indutor)"
"5101258";"ARAPUTANGA";"MT";"Pequeno Porte I";"1,81093227316247e+01";"1,96756903966088e+02";"1. Despertados (Efeito Indutor)"
"5101407";"ARIPUANA";"MT";"Pequeno Porte II";"9,79130582617257e+00";"4,95950102133143e+01";"1. Despertados (Efeito Indutor)"
"5101605";"BARAO DE MELGACO";"MT";"Pequeno Porte I";"5,63487824824431e+01";"3,77343375819493e+01";"4. Efeito Substituição (Retração Local)"
"5101704";"BARRA DO BUGRES";"MT";"Pequeno Porte II";"1,20852019625994e+01";"8,35772954480517e+01";"1. Despertados (Efeito Indutor)"
"5101803";"BARRA DO GARCAS";"MT";"Médio Porte";"1,79413490116498e+01";"6,05101811475008e+01";"1. Despertados (Efeito Indutor)"
"5101902";"BRASNORTE";"MT";"Pequeno Porte I";"2,45475556325327e+01";"8,61109549941816e+01";"1. Despertados (Efeito Indutor)"
"5102603";"CAMPINAPOLIS";"MT";"Pequeno Porte I";"1,08940594375037e+01";"1,01353449939020e+02";"1. Despertados (Efeito Indutor)"
"5102637";"CAMPO NOVO DO PARECIS";"MT";"Pequeno Porte II";"8,10755387873437e+01";"1,64010274153642e+02";"1. Despertados (Efeito Indutor)"
"5102678";"CAMPO VERDE";"MT";"Pequeno Porte II";"2,13742193701738e+01";"7,20693327181173e+01";"1. Despertados (Efeito Indutor)"
"5102702";"CANARANA";"MT";"Pequeno Porte II";"3,36906800528545e+01";"1,18763167570242e+02";"1. Despertados (Efeito Indutor)"
"5102793";"CARLINDA";"MT";"Pequeno Porte I";"9,02012631355573e+00";"1,45082075901140e+02";"1. Despertados (Efeito Indutor)"
"5102850";"CASTANHEIRA";"MT";"Pequeno Porte I";"0,00000000000000e+00";"6,37898184445700e+00";"1. Despertados (Efeito Indutor)"
"5103205";"COLIDER";"MT";"Pequeno Porte II";"0,00000000000000e+00";"5,22059837047566e+01";"1. Despertados (Efeito Indutor)"
"5103254";"COLNIZA";"MT";"Pequeno Porte II";"1,53176840734917e+00";"4,17286351112896e+01";"1. Despertados (Efeito Indutor)"
"5103304";"COMODORO";"MT";"Pequeno Porte I";"5,25724210547889e+00";"6,73959726874371e+01";"1. Despertados (Efeito Indutor)"
"5103353";"CONFRESA";"MT";"Pequeno Porte II";"1,01828344174837e+01";"6,00192647695314e+01";"1. Despertados (Efeito Indutor)"
"5103379";"COTRIGUACU";"MT";"Pequeno Porte I";"2,04541850741052e+01";"0,00000000000000e+00";"4. Efeito Substituição (Retração Local)"
"5103403";"CUIABA";"MT";"Grande Porte";"4,19816851859557e+01";"3,95161755652483e+01";"2. Constantes (Sustentabilidade)"
"5103858";"GAUCHA DO NORTE";"MT";"Pequeno Porte I";"9,83914360790452e+00";"1,30335313671783e+02";"1. Despertados (Efeito Indutor)"
"5103908";"GENERAL CARNEIRO";"MT";"Pequeno Porte I";"2,56805919533853e-02";"2,71563175819223e+01";"1. Despertados (Efeito Indutor)"
"5104104";"GUARANTA DO NORTE";"MT";"Pequeno Porte II";"5,24779806033097e+01";"1,08524916984004e+02";"1. Despertados (Efeito Indutor)"
"5104526";"IPIRANGA DO NORTE";"MT";"Pequeno Porte I";"0,00000000000000e+00";"1,17241925423739e+02";"1. Despertados (Efeito Indutor)"
"5104542";"ITANHANGA";"MT";"Pequeno Porte I";"2,53223615697636e+01";"2,78598688706013e+01";"2. Constantes (Sustentabilidade)"
"5104609";"ITIQUIRA";"MT";"Pequeno Porte I";"3,31257163564448e+00";"1,43532755352554e+02";"1. Despertados (Efeito Indutor)"
"5104807";"JACIARA";"MT";"Pequeno Porte II";"2,49512849604645e+01";"1,19562936435189e+02";"1. Despertados (Efeito Indutor)"
"5105002";"JAURU";"MT";"Pequeno Porte I";"2,74853359087100e+00";"7,32895356398689e+01";"1. Despertados (Efeito Indutor)"
"5105101";"JUARA";"MT";"Pequeno Porte II";"1,24889371109334e+01";"1,06506511399487e+01";"2. Constantes (Sustentabilidade)"
"5105150";"JUINA";"MT";"Pequeno Porte II";"4,00086853168193e+01";"3,30182454036804e+01";"2. Constantes (Sustentabilidade)"
"5105176";"JURUENA";"MT";"Pequeno Porte I";"4,71940314231914e+00";"7,22465049269342e-02";"2. Constantes (Sustentabilidade)"
"5105200";"JUSCIMEIRA";"MT";"Pequeno Porte I";"0,00000000000000e+00";"1,77082779546111e+02";"1. Despertados (Efeito Indutor)"
"5105259";"LUCAS DO RIO VERDE";"MT";"Médio Porte";"5,16314038317405e+01";"1,21837328610437e+02";"1. Despertados (Efeito Indutor)"
"5105309";"LUCIARA";"MT";"Pequeno Porte I";"1,37650820829710e+02";"1,34552078826154e+02";"2. Constantes (Sustentabilidade)"
"5105606";"MATUPA";"MT";"Pequeno Porte II";"2,11994155717922e+01";"1,52781633987965e+02";"1. Despertados (Efeito Indutor)"
"5105622";"MIRASSOL D'OESTE";"MT";"Pequeno Porte II";"4,36430523394320e+00";"1,41715931938713e+02";"1. Despertados (Efeito Indutor)"
"5105903";"NOBRES";"MT";"Pequeno Porte I";"0,00000000000000e+00";"9,12250753196830e+01";"1. Despertados (Efeito Indutor)"
"5106000";"NORTELANDIA";"MT";"Pequeno Porte I";"1,52531354847938e+01";"1,29238934226359e+02";"1. Despertados (Efeito Indutor)"
"5106109";"NOSSA SENHORA DO LIVRAMENTO";"MT";"Pequeno Porte I";"8,57356864658816e+01";"1,77143981771193e+02";"1. Despertados (Efeito Indutor)"
"5106158";"NOVA BANDEIRANTES";"MT";"Pequeno Porte I";"1,45303713409918e+00";"7,40360793879172e+01";"1. Despertados (Efeito Indutor)"
"5106174";"NOVA NAZARE";"MT";"Pequeno Porte I";"1,91182801640191e+01";"7,89809551012888e+01";"1. Despertados (Efeito Indutor)"
"5106216";"NOVA CANAA DO NORTE";"MT";"Pequeno Porte I";"7,96722466776005e+00";"8,71203041595191e+01";"1. Despertados (Efeito Indutor)"
"5106224";"NOVA MUTUM";"MT";"Médio Porte";"3,23805794085774e+01";"5,11180789576892e+01";"1. Despertados (Efeito Indutor)"
"5106232";"NOVA OLIMPIA";"MT";"Pequeno Porte I";"1,57415422605552e+01";"1,86698063828723e+01";"2. Constantes (Sustentabilidade)"
"5106257";"NOVA XAVANTINA";"MT";"Pequeno Porte II";"1,54359999704404e+01";"7,03017950286577e+01";"1. Despertados (Efeito Indutor)"
"5106265";"NOVO MUNDO";"MT";"Pequeno Porte I";"7,92606000115475e-02";"4,43821548013028e+01";"1. Despertados (Efeito Indutor)"
"5106273";"NOVO HORIZONTE DO NORTE";"MT";"Pequeno Porte I";"1,39461484668607e+02";"1,62725798232661e+02";"2. Constantes (Sustentabilidade)"
"5106281";"NOVO SAO JOAQUIM";"MT";"Pequeno Porte I";"0,00000000000000e+00";"1,47052841203904e+02";"1. Despertados (Efeito Indutor)"
"5106299";"PARANAITA";"MT";"Pequeno Porte I";"3,60610676137493e+01";"3,32172087872112e+01";"2. Constantes (Sustentabilidade)"
"5106307";"PARANATINGA";"MT";"Pequeno Porte II";"1,33748499118329e+01";"5,65116844204491e+01";"1. Despertados (Efeito Indutor)"
"5106372";"PEDRA PRETA";"MT";"Pequeno Porte I";"2,75945414357237e+00";"1,65298414424887e+02";"1. Despertados (Efeito Indutor)"
"5106422";"PEIXOTO DE AZEVEDO";"MT";"Pequeno Porte II";"9,75176038349290e+00";"2,55648411289107e+01";"1. Despertados (Efeito Indutor)"
"5106505";"POCONE";"MT";"Pequeno Porte II";"5,12160832279809e+01";"1,45381092000398e+02";"1. Despertados (Efeito Indutor)"
"5106653";"PONTAL DO ARAGUAIA";"MT";"Pequeno Porte I";"1,32942582103041e+01";"1,23171158438371e+01";"2. Constantes (Sustentabilidade)"
"5106752";"PONTES E LACERDA";"MT";"Médio Porte";"2,06253179459305e+01";"6,26258687746327e+01";"1. Despertados (Efeito Indutor)"
"5106778";"PORTO ALEGRE DO NORTE";"MT";"Pequeno Porte I";"1,67240227131659e+01";"1,13575413565223e+02";"1. Despertados (Efeito Indutor)"
"5106802";"PORTO DOS GAUCHOS";"MT";"Pequeno Porte I";"1,31078185175226e+01";"1,76673040910455e+02";"1. Despertados (Efeito Indutor)"
"5106851";"PORTO ESTRELA";"MT";"Pequeno Porte I";"9,22574059200404e+01";"2,48629726479780e+00";"4. Efeito Substituição (Retração Local)"
"5107008";"POXOREU";"MT";"Pequeno Porte II";"3,05192846115481e+01";"9,04545300679505e+01";"1. Despertados (Efeito Indutor)"
"5107040";"PRIMAVERA DO LESTE";"MT";"Médio Porte";"7,12578753770184e+01";"1,31316690848131e+02";"1. Despertados (Efeito Indutor)"
"5107107";"SAO JOSE DOS QUATRO MARCOS";"MT";"Pequeno Porte I";"2,64136512386880e+01";"1,35337462469685e+02";"1. Despertados (Efeito Indutor)"
"5107180";"RIBEIRAO CASCALHEIRA";"MT";"Pequeno Porte I";"8,49955579730778e+01";"4,03624555379066e+01";"4. Efeito Substituição (Retração Local)"
"5107305";"SAO JOSE DO RIO CLARO";"MT";"Pequeno Porte I";"3,88164848450355e+00";"5,41900193921277e+00";"2. Constantes (Sustentabilidade)"
"5107404";"SAO PEDRO DA CIPA";"MT";"Pequeno Porte I";"0,00000000000000e+00";"1,16632011372297e+01";"1. Despertados (Efeito Indutor)"
"5107602";"RONDONOPOLIS";"MT";"Grande Porte";"2,19264206951443e+01";"9,50447882859610e+01";"1. Despertados (Efeito Indutor)"
"5107701";"ROSARIO OESTE";"MT";"Pequeno Porte I";"3,56831930406880e+01";"8,84804130012995e+01";"1. Despertados (Efeito Indutor)"
"5107776";"SANTA TEREZINHA";"MT";"Pequeno Porte I";"3,63667482436893e+00";"1,72910610847815e+00";"2. Constantes (Sustentabilidade)"
"5107792";"SANTO ANTONIO DO LESTE";"MT";"Pequeno Porte I";"3,09512802765161e+01";"1,38703651549528e+02";"1. Despertados (Efeito Indutor)"
"5107800";"SANTO ANTONIO DE LEVERGER";"MT";"Pequeno Porte I";"0,00000000000000e+00";"1,42797267848715e+02";"1. Despertados (Efeito Indutor)"
"5107859";"SAO FELIX DO ARAGUAIA";"MT";"Pequeno Porte I";"1,43969923830097e+01";"1,56842275754996e+01";"2. Constantes (Sustentabilidade)"
"5107875";"SAPEZAL";"MT";"Pequeno Porte II";"9,33967676949832e+01";"9,72102255314568e+01";"2. Constantes (Sustentabilidade)"
"5107909";"SINOP";"MT";"Grande Porte";"3,69224266929979e+01";"8,26045856567646e+01";"1. Despertados (Efeito Indutor)"
"5107925";"SORRISO";"MT";"Grande Porte";"3,05019368865031e+01";"7,94096724525869e+01";"1. Despertados (Efeito Indutor)"
"5107941";"TABAPORA";"MT";"Pequeno Porte I";"4,04704155425635e+00";"5,55866337555754e+01";"1. Despertados (Efeito Indutor)"
"5107958";"TANGARA DA SERRA";"MT";"Grande Porte";"1,41646477355031e+01";"1,77283310141678e+01";"2. Constantes (Sustentabilidade)"
"5108006";"TAPURAH";"MT";"Pequeno Porte I";"4,78071727239552e+01";"7,28560009442956e+01";"1. Despertados (Efeito Indutor)"
"5108055";"TERRA NOVA DO NORTE";"MT";"Pequeno Porte I";"3,64029531418637e+00";"9,52828898135176e+01";"1. Despertados (Efeito Indutor)"
"5108402";"VARZEA GRANDE";"MT";"Grande Porte";"3,74769455727104e+01";"2,19454590671578e+01";"4. Efeito Substituição (Retração Local)"
"5108501";"VERA";"MT";"Pequeno Porte I";"4,81434004704901e+01";"1,78863917177167e+02";"1. Despertados (Efeito Indutor)"
"5108808";"NOVA GUARITA";"MT";"Pequeno Porte I";"0,00000000000000e+00";"1,16968420006493e+02";"1. Despertados (Efeito Indutor)"
"5108907";"NOVA MARINGA";"MT";"Pequeno Porte I";"0,00000000000000e+00";"1,38413659282891e+02";"1. Despertados (Efeito Indutor)"
"5108956";"NOVA MONTE VERDE";"MT";"Pequeno Porte I";"2,24351526518921e+01";"1,15905659676955e+02";"1. Despertados (Efeito Indutor)"
"5200050";"ABADIA DE GOIAS";"GO";"Pequeno Porte I";"0,00000000000000e+00";"1,49781237120640e+00";"2. Constantes (Sustentabilidade)"
"5200100";"ABADIANIA";"GO";"Pequeno Porte I";"9,65998771950612e+00";"1,81017726876641e+02";"1. Despertados (Efeito Indutor)"
"5200134";"ACREUNA";"GO";"Pequeno Porte II";"3,00216203688162e+01";"2,61895585154548e+01";"2. Constantes (Sustentabilidade)"
"5200175";"AGUA FRIA DE GOIAS";"GO";"Pequeno Porte I";"0,00000000000000e+00";"1,00928542591845e-02";"2. Constantes (Sustentabilidade)"
"5200209";"AGUA LIMPA";"GO";"Pequeno Porte I";"0,00000000000000e+00";"9,98737950857874e+01";"1. Despertados (Efeito Indutor)"
"5200258";"AGUAS LINDAS DE GOIAS";"GO";"Grande Porte";"7,74268592784211e+00";"2,43942592716541e+01";"1. Despertados (Efeito Indutor)"
"5200308";"ALEXANIA";"GO";"Pequeno Porte II";"1,58030796073035e+01";"0,00000000000000e+00";"4. Efeito Substituição (Retração Local)"
"5200605";"ALTO PARAISO DE GOIAS";"GO";"Pequeno Porte I";"5,88304680744909e+01";"5,22464709813706e+01";"2. Constantes (Sustentabilidade)"
"5200803";"ALVORADA DO NORTE";"GO";"Pequeno Porte I";"0,00000000000000e+00";"1,63642900327323e-01";"2. Constantes (Sustentabilidade)"
"5200829";"AMARALINA";"GO";"Pequeno Porte I";"4,81296011398792e+00";"5,91709381387218e+00";"2. Constantes (Sustentabilidade)"
"5201108";"ANAPOLIS";"GO";"Grande Porte";"4,02794048736763e+01";"1,27959881406351e+01";"4. Efeito Substituição (Retração Local)"
"5201306";"ANICUNS";"GO";"Pequeno Porte I";"3,75651465027977e-03";"0,00000000000000e+00";"2. Constantes (Sustentabilidade)"
"5201405";"APARECIDA DE GOIANIA";"GO";"Grande Porte";"1,37980970718668e-02";"1,36811556463669e+01";"1. Despertados (Efeito Indutor)"
"5201454";"APARECIDA DO RIO DOCE";"GO";"Pequeno Porte I";"0,00000000000000e+00";"9,11851772440788e+01";"1. Despertados (Efeito Indutor)"
"5201504";"APORE";"GO";"Pequeno Porte I";"7,03566383046781e+00";"2,99885643029485e+01";"1. Despertados (Efeito Indutor)"
"5201603";"ARACU";"GO";"Pequeno Porte I";"0,00000000000000e+00";"7,19972733200305e+01";"1. Despertados (Efeito Indutor)"
"5201702";"ARAGARCAS";"GO";"Pequeno Porte I";"5,63226004701372e-01";"9,97391944425902e+00";"1. Despertados (Efeito Indutor)"
"5201801";"ARAGOIANIA";"GO";"Pequeno Porte I";"1,32311707980418e+01";"1,76724562334171e+01";"2. Constantes (Sustentabilidade)"
"5202155";"ARAGUAPAZ";"GO";"Pequeno Porte I";"0,00000000000000e+00";"1,12920242211524e+02";"1. Despertados (Efeito Indutor)"
"5202353";"ARENOPOLIS";"GO";"Pequeno Porte I";"0,00000000000000e+00";"3,72624662759802e+01";"1. Despertados (Efeito Indutor)"
"5202502";"ARUANA";"GO";"Pequeno Porte I";"0,00000000000000e+00";"3,38586765442296e-01";"2. Constantes (Sustentabilidade)"
"5202601";"AURILANDIA";"GO";"Pequeno Porte I";"0,00000000000000e+00";"8,32002665614680e+00";"1. Despertados (Efeito Indutor)"
"5202809";"AVELINOPOLIS";"GO";"Pequeno Porte I";"2,07546680952897e+01";"2,35974481861905e+01";"2. Constantes (Sustentabilidade)"
"5203104";"BALIZA";"GO";"Pequeno Porte I";"6,50793152180759e+01";"1,64722470904208e+01";"4. Efeito Substituição (Retração Local)"
"5203203";"BARRO ALTO";"GO";"Pequeno Porte I";"7,01110050644641e+01";"9,72337474966334e+01";"1. Despertados (Efeito Indutor)"
"5203302";"BELA VISTA DE GOIAS";"GO";"Pequeno Porte II";"1,89825697929896e+01";"1,40188721149659e+00";"4. Efeito Substituição (Retração Local)"
"5203401";"BOM JARDIM DE GOIAS";"GO";"Pequeno Porte I";"0,00000000000000e+00";"3,45003833375926e-01";"2. Constantes (Sustentabilidade)"
"5203500";"BOM JESUS DE GOIAS";"GO";"Pequeno Porte II";"8,11471333010786e-02";"1,80792136238417e+00";"2. Constantes (Sustentabilidade)"
"5203559";"BONFINOPOLIS";"GO";"Pequeno Porte I";"1,14615443453505e+01";"3,57816722704919e+01";"1. Despertados (Efeito Indutor)"
"5203575";"BONOPOLIS";"GO";"Pequeno Porte I";"7,07800973375409e+00";"1,46066398613668e+01";"1. Despertados (Efeito Indutor)"
"5203609";"BRAZABRANTES";"GO";"Pequeno Porte I";"1,63111643590898e-01";"6,53603569385875e-01";"2. Constantes (Sustentabilidade)"
"5203906";"BURITI ALEGRE";"GO";"Pequeno Porte I";"5,13455377909965e-02";"5,28434348301614e+00";"1. Despertados (Efeito Indutor)"
"5204003";"CABECEIRAS";"GO";"Pequeno Porte I";"0,00000000000000e+00";"6,24389987260350e+00";"1. Despertados (Efeito Indutor)"
"5204102";"CACHOEIRA ALTA";"GO";"Pequeno Porte I";"4,58247021208776e-01";"1,48813679559947e+01";"1. Despertados (Efeito Indutor)"
"5204201";"CACHOEIRA DE GOIAS";"GO";"Pequeno Porte I";"0,00000000000000e+00";"1,10282080530735e+02";"1. Despertados (Efeito Indutor)"
"5204250";"CACHOEIRA DOURADA";"GO";"Pequeno Porte I";"1,62879950638597e+01";"5,40472538600920e+00";"4. Efeito Substituição (Retração Local)"
"5204300";"CACU";"GO";"Pequeno Porte I";"4,81124298540316e+01";"1,89603033916782e+01";"4. Efeito Substituição (Retração Local)"
"5204409";"CAIAPONIA";"GO";"Pequeno Porte I";"2,31100846157438e+01";"1,05679211253363e+01";"4. Efeito Substituição (Retração Local)"
"5204508";"CALDAS NOVAS";"GO";"Médio Porte";"1,49396561794357e+01";"1,51519870662914e+01";"2. Constantes (Sustentabilidade)"
"5204557";"CALDAZINHA";"GO";"Pequeno Porte I";"1,74806525719730e+00";"8,20368934119985e+00";"1. Despertados (Efeito Indutor)"
"5204607";"CAMPESTRE DE GOIAS";"GO";"Pequeno Porte I";"5,81471461827000e+00";"7,29124780571327e+00";"2. Constantes (Sustentabilidade)"
"5204805";"CAMPO ALEGRE DE GOIAS";"GO";"Pequeno Porte I";"6,48187677951681e+01";"1,19839342172863e+02";"1. Despertados (Efeito Indutor)"
"5204854";"CAMPO LIMPO DE GOIAS";"GO";"Pequeno Porte I";"0,00000000000000e+00";"1,20212799964244e+01";"1. Despertados (Efeito Indutor)"
"5204904";"CAMPOS BELOS";"GO";"Pequeno Porte I";"0,00000000000000e+00";"8,63704053457035e+00";"1. Despertados (Efeito Indutor)"
"5205059";"CASTELANDIA";"GO";"Pequeno Porte I";"0,00000000000000e+00";"1,44890975776861e+01";"1. Despertados (Efeito Indutor)"
"5205109";"CATALAO";"GO";"Grande Porte";"2,50628148162752e+01";"3,16842285698980e+01";"2. Constantes (Sustentabilidade)"
"5205307";"CAVALCANTE";"GO";"Pequeno Porte I";"0,00000000000000e+00";"6,12329627222127e+00";"1. Despertados (Efeito Indutor)"
"5205406";"CERES";"GO";"Pequeno Porte II";"7,66946697437611e+00";"7,23445872551976e+00";"2. Constantes (Sustentabilidade)"
"5205497";"CIDADE OCIDENTAL";"GO";"Médio Porte";"1,70944625160719e-01";"4,28034988649373e+00";"2. Constantes (Sustentabilidade)"
"5205513";"COCALZINHO DE GOIAS";"GO";"Pequeno Porte II";"8,91831098189177e+00";"2,58586306685184e+01";"1. Despertados (Efeito Indutor)"
"5205802";"CORUMBA DE GOIAS";"GO";"Pequeno Porte I";"5,93014428338105e+01";"1,84372600994134e+02";"1. Despertados (Efeito Indutor)"
"5205901";"CORUMBAIBA";"GO";"Pequeno Porte I";"5,47924583877907e-01";"1,72882737300935e-02";"2. Constantes (Sustentabilidade)"
"5206206";"CRISTALINA";"GO";"Médio Porte";"2,28389804028128e+01";"1,42795927481519e+01";"2. Constantes (Sustentabilidade)"
"5206404";"CRIXAS";"GO";"Pequeno Porte I";"2,91342658243327e+01";"8,94235128434994e+01";"1. Despertados (Efeito Indutor)"
"5206602";"CUMARI";"GO";"Pequeno Porte I";"0,00000000000000e+00";"1,28623839296203e+00";"2. Constantes (Sustentabilidade)"
"5206800";"DAMOLANDIA";"GO";"Pequeno Porte I";"4,92780375776639e-01";"1,81748199915520e+02";"1. Despertados (Efeito Indutor)"
"5206909";"DAVINOPOLIS";"GO";"Pequeno Porte I";"5,78959838722791e+01";"5,94446372239748e+00";"4. Efeito Substituição (Retração Local)"
"5207105";"DIORAMA";"GO";"Pequeno Porte I";"1,38054206540579e+01";"7,48579936705946e+01";"1. Despertados (Efeito Indutor)"
"5207253";"DOVERLANDIA";"GO";"Pequeno Porte I";"2,48564958087809e+01";"0,00000000000000e+00";"4. Efeito Substituição (Retração Local)"
"5207352";"EDEALINA";"GO";"Pequeno Porte I";"3,99137918554127e+00";"1,05001216750251e+01";"1. Despertados (Efeito Indutor)"
"5207402";"EDEIA";"GO";"Pequeno Porte I";"2,88700342469915e+00";"9,23682694329016e+01";"1. Despertados (Efeito Indutor)"
"5207501";"ESTRELA DO NORTE";"GO";"Pequeno Porte I";"9,46125003082615e-01";"0,00000000000000e+00";"2. Constantes (Sustentabilidade)"
"5207808";"FIRMINOPOLIS";"GO";"Pequeno Porte I";"1,20460149591503e+00";"8,77923390739094e+00";"1. Despertados (Efeito Indutor)"
"5207907";"FLORES DE GOIAS";"GO";"Pequeno Porte I";"2,56017256406634e+01";"1,12389567211040e+02";"1. Despertados (Efeito Indutor)"
"5208004";"FORMOSA";"GO";"Grande Porte";"3,90144798634937e+00";"3,43209024978059e+00";"2. Constantes (Sustentabilidade)"
"5208103";"FORMOSO";"GO";"Pequeno Porte I";"0,00000000000000e+00";"1,10350858369099e+01";"1. Despertados (Efeito Indutor)"
"5208152";"GAMELEIRA DE GOIAS";"GO";"Pequeno Porte I";"0,00000000000000e+00";"0,00000000000000e+00";"3. Inertes (Dependência Exclusiva)"
"5208400";"GOIANAPOLIS";"GO";"Pequeno Porte I";"4,48492822265857e-01";"1,65845630893981e+02";"1. Despertados (Efeito Indutor)"
"5208509";"GOIANDIRA";"GO";"Pequeno Porte I";"9,76299971435220e-02";"8,98243640716791e+01";"1. Despertados (Efeito Indutor)"
"5208608";"GOIANESIA";"GO";"Médio Porte";"2,79969593961278e+01";"2,42325096188681e+01";"2. Constantes (Sustentabilidade)"
"5208707";"GOIANIA";"GO";"Metrópole";"0,00000000000000e+00";"3,52940557669512e+00";"2. Constantes (Sustentabilidade)"
"5208806";"GOIANIRA";"GO";"Médio Porte";"8,40799565045398e+00";"2,52277117782625e+01";"1. Despertados (Efeito Indutor)"
"5208905";"GOIAS";"GO";"Pequeno Porte II";"3,14502469406477e+01";"1,24650059054723e+02";"1. Despertados (Efeito Indutor)"
"5209200";"GUAPO";"GO";"Pequeno Porte I";"0,00000000000000e+00";"1,99539524174981e+00";"2. Constantes (Sustentabilidade)"
"5209291";"GUARAITA";"GO";"Pequeno Porte I";"1,60480816927997e+00";"2,98785767799811e+01";"1. Despertados (Efeito Indutor)"
"5209457";"GUARINOS";"GO";"Pequeno Porte I";"1,43483325888558e+01";"9,71772327626099e+00";"2. Constantes (Sustentabilidade)"
"5209804";"HIDROLINA";"GO";"Pequeno Porte I";"7,39096574984452e+01";"7,39926657263752e+00";"4. Efeito Substituição (Retração Local)"
"5209903";"IACIARA";"GO";"Pequeno Porte I";"6,16928257602069e+00";"3,79228310485150e+00";"2. Constantes (Sustentabilidade)"
"5209937";"INACIOLANDIA";"GO";"Pequeno Porte I";"9,48238461441475e+00";"6,11927592872205e+01";"1. Despertados (Efeito Indutor)"
"5209952";"INDIARA";"GO";"Pequeno Porte I";"0,00000000000000e+00";"6,32372515522761e+01";"1. Despertados (Efeito Indutor)"
"5210000";"INHUMAS";"GO";"Médio Porte";"6,28423777837039e+01";"6,27890326120901e+01";"2. Constantes (Sustentabilidade)"
"5210109";"IPAMERI";"GO";"Pequeno Porte II";"2,67325042717425e+01";"2,89337715002514e+00";"4. Efeito Substituição (Retração Local)"
"5210158";"IPIRANGA DE GOIAS";"GO";"Pequeno Porte I";"4,38694832775404e+01";"0,00000000000000e+00";"4. Efeito Substituição (Retração Local)"
"5210208";"IPORA";"GO";"Pequeno Porte II";"1,09084143059768e+01";"1,47384600991715e+01";"2. Constantes (Sustentabilidade)"
"5210307";"ISRAELANDIA";"GO";"Pequeno Porte I";"0,00000000000000e+00";"5,44574218750000e-01";"2. Constantes (Sustentabilidade)"
"5210406";"ITABERAI";"GO";"Pequeno Porte II";"8,60585899281676e+00";"1,35627296468349e+01";"2. Constantes (Sustentabilidade)"
"5210562";"ITAGUARI";"GO";"Pequeno Porte I";"3,49652143297268e+01";"1,96001716520625e-01";"4. Efeito Substituição (Retração Local)"
"5210604";"ITAGUARU";"GO";"Pequeno Porte I";"0,00000000000000e+00";"9,21154720055006e+00";"1. Despertados (Efeito Indutor)"
"5210802";"ITAJA";"GO";"Pequeno Porte I";"1,97117546225559e+01";"4,88072819999949e+01";"1. Despertados (Efeito Indutor)"
"5211008";"ITAPIRAPUA";"GO";"Pequeno Porte I";"0,00000000000000e+00";"4,43409602112982e+00";"2. Constantes (Sustentabilidade)"
"5211206";"ITAPURANGA";"GO";"Pequeno Porte II";"2,40963207484804e+01";"7,71212727804930e+01";"1. Despertados (Efeito Indutor)"
"5211305";"ITARUMA";"GO";"Pequeno Porte I";"2,20797941426231e+01";"1,22244331262228e+00";"4. Efeito Substituição (Retração Local)"
"5211404";"ITAUCU";"GO";"Pequeno Porte I";"2,65241689005847e+01";"8,40227507755946e-01";"4. Efeito Substituição (Retração Local)"
"5211503";"ITUMBIARA";"GO";"Grande Porte";"3,86732545956789e+01";"2,13658617237348e+01";"4. Efeito Substituição (Retração Local)"
"5211602";"IVOLANDIA";"GO";"Pequeno Porte I";"9,24932905108122e+00";"8,61525325377088e-01";"4. Efeito Substituição (Retração Local)"
"5211800";"JARAGUA";"GO";"Pequeno Porte II";"4,61639798993866e+00";"1,38189299383222e+01";"1. Despertados (Efeito Indutor)"
"5211909";"JATAI";"GO";"Grande Porte";"4,61623842811935e+01";"1,71104621750028e+02";"1. Despertados (Efeito Indutor)"
"5212006";"JAUPACI";"GO";"Pequeno Porte I";"0,00000000000000e+00";"1,94423683310534e+01";"1. Despertados (Efeito Indutor)"
"5212105";"JOVIANIA";"GO";"Pequeno Porte I";"1,27904454422182e+01";"1,02754111106992e+01";"2. Constantes (Sustentabilidade)"
"5212204";"JUSSARA";"GO";"Pequeno Porte I";"4,03649283272639e+01";"3,72138805088245e+01";"2. Constantes (Sustentabilidade)"
"5212253";"LAGOA SANTA";"GO";"Pequeno Porte I";"0,00000000000000e+00";"8,36424816415573e+00";"1. Despertados (Efeito Indutor)"
"5212303";"LEOPOLDO DE BULHOES";"GO";"Pequeno Porte I";"2,15680140967705e+01";"0,00000000000000e+00";"4. Efeito Substituição (Retração Local)"
"5212501";"LUZIANIA";"GO";"Grande Porte";"1,39107715311833e+01";"1,75656605703691e+01";"2. Constantes (Sustentabilidade)"
"5212709";"MAMBAI";"GO";"Pequeno Porte I";"0,00000000000000e+00";"5,99438890464575e+00";"1. Despertados (Efeito Indutor)"
"5212907";"MARZAGAO";"GO";"Pequeno Porte I";"0,00000000000000e+00";"8,58564191718243e+00";"1. Despertados (Efeito Indutor)"
"5212956";"MATRINCHA";"GO";"Pequeno Porte I";"0,00000000000000e+00";"1,84343934012744e+01";"1. Despertados (Efeito Indutor)"
"5213004";"MAURILANDIA";"GO";"Pequeno Porte I";"0,00000000000000e+00";"8,53390260809557e+00";"1. Despertados (Efeito Indutor)"
"5213087";"MINACU";"GO";"Pequeno Porte II";"0,00000000000000e+00";"1,28320525725359e+01";"1. Despertados (Efeito Indutor)"
"5213103";"MINEIROS";"GO";"Médio Porte";"0,00000000000000e+00";"6,68450579378695e+01";"1. Despertados (Efeito Indutor)"
"5213400";"MOIPORA";"GO";"Pequeno Porte I";"0,00000000000000e+00";"3,43842672961048e+01";"1. Despertados (Efeito Indutor)"
"5213756";"MONTIVIDIU";"GO";"Pequeno Porte I";"0,00000000000000e+00";"8,16098626146221e-01";"2. Constantes (Sustentabilidade)"
"5213772";"MONTIVIDIU DO NORTE";"GO";"Pequeno Porte I";"0,00000000000000e+00";"2,94599100291082e-01";"2. Constantes (Sustentabilidade)"
"5213806";"MORRINHOS";"GO";"Médio Porte";"1,26278371515187e+01";"2,01001939238961e+01";"2. Constantes (Sustentabilidade)"
"5213855";"MORRO AGUDO DE GOIAS";"GO";"Pequeno Porte I";"1,37202245110635e+02";"1,07919526042275e+02";"2. Constantes (Sustentabilidade)"
"5213905";"MOSSAMEDES";"GO";"Pequeno Porte I";"8,45367069924612e+01";"1,60048323079216e+02";"1. Despertados (Efeito Indutor)"
"5214002";"MOZARLANDIA";"GO";"Pequeno Porte I";"0,00000000000000e+00";"5,49152542372881e+00";"1. Despertados (Efeito Indutor)"
"5214051";"MUNDO NOVO";"GO";"Pequeno Porte I";"4,33582184010333e+00";"0,00000000000000e+00";"2. Constantes (Sustentabilidade)"
"5214408";"NAZARIO";"GO";"Pequeno Porte I";"0,00000000000000e+00";"7,96220792127968e+00";"1. Despertados (Efeito Indutor)"
"5214507";"NEROPOLIS";"GO";"Pequeno Porte II";"6,75016740249347e+00";"5,06064191781634e+00";"2. Constantes (Sustentabilidade)"
"5214606";"NIQUELANDIA";"GO";"Pequeno Porte II";"5,74143352373739e+01";"6,93682068596095e+01";"2. Constantes (Sustentabilidade)"
"5214705";"NOVA AMERICA";"GO";"Pequeno Porte I";"0,00000000000000e+00";"1,42723234916560e+01";"1. Despertados (Efeito Indutor)"
"5214861";"NOVA GLORIA";"GO";"Pequeno Porte I";"8,23515188582332e+00";"1,25592560721464e-01";"4. Efeito Substituição (Retração Local)"
"5214879";"NOVA IGUACU DE GOIAS";"GO";"Pequeno Porte I";"2,30842310678017e+01";"1,19878261711463e+01";"4. Efeito Substituição (Retração Local)"
"5214903";"NOVA ROMA";"GO";"Pequeno Porte I";"2,78255983216742e+01";"1,64534451654966e+02";"1. Despertados (Efeito Indutor)"
"5215231";"NOVO GAMA";"GO";"Grande Porte";"1,83906459015685e+01";"2,52979373620828e+01";"2. Constantes (Sustentabilidade)"
"5215256";"NOVO PLANALTO";"GO";"Pequeno Porte I";"0,00000000000000e+00";"4,92211815195265e+01";"1. Despertados (Efeito Indutor)"
"5215306";"ORIZONA";"GO";"Pequeno Porte I";"4,72852887548890e+00";"0,00000000000000e+00";"2. Constantes (Sustentabilidade)"
"5215405";"OURO VERDE DE GOIAS";"GO";"Pequeno Porte I";"0,00000000000000e+00";"9,06816103016783e+01";"1. Despertados (Efeito Indutor)"
"5215504";"OUVIDOR";"GO";"Pequeno Porte I";"5,29711006930837e+01";"4,74640582190442e+01";"2. Constantes (Sustentabilidade)"
"5215603";"PADRE BERNARDO";"GO";"Pequeno Porte II";"9,52679861956739e-01";"9,24421082735150e+00";"1. Despertados (Efeito Indutor)"
"5215652";"PALESTINA DE GOIAS";"GO";"Pequeno Porte I";"0,00000000000000e+00";"4,12074856023792e+00";"2. Constantes (Sustentabilidade)"
"5215702";"PALMEIRAS DE GOIAS";"GO";"Pequeno Porte II";"5,20704673790470e+00";"8,39406435089462e+00";"2. Constantes (Sustentabilidade)"
"5215801";"PALMELO";"GO";"Pequeno Porte I";"0,00000000000000e+00";"2,00509074811864e+01";"1. Despertados (Efeito Indutor)"
"5215900";"PALMINOPOLIS";"GO";"Pequeno Porte I";"0,00000000000000e+00";"1,31780511555440e+01";"1. Despertados (Efeito Indutor)"
"5216304";"PARANAIGUARA";"GO";"Pequeno Porte I";"2,46314166636911e-02";"7,89074492016882e+01";"1. Despertados (Efeito Indutor)"
"5216809";"PETROLINA DE GOIAS";"GO";"Pequeno Porte I";"0,00000000000000e+00";"2,76204721862317e+00";"2. Constantes (Sustentabilidade)"
"5217104";"PIRACANJUBA";"GO";"Pequeno Porte II";"4,62048719175640e+01";"6,58636794909997e+01";"1. Despertados (Efeito Indutor)"
"5217203";"PIRANHAS";"GO";"Pequeno Porte I";"0,00000000000000e+00";"1,98056822655870e+00";"2. Constantes (Sustentabilidade)"
"5217302";"PIRENOPOLIS";"GO";"Pequeno Porte II";"4,79295200402590e+01";"9,28006928085345e+01";"1. Despertados (Efeito Indutor)"
"5217401";"PIRES DO RIO";"GO";"Pequeno Porte II";"1,80059915072393e+01";"1,20052613902188e+01";"2. Constantes (Sustentabilidade)"
"5217609";"PLANALTINA";"GO";"Grande Porte";"1,92090781855489e+02";"1,37437235499707e+02";"4. Efeito Substituição (Retração Local)"
"5217708";"PONTALINA";"GO";"Pequeno Porte I";"2,62259147448922e+01";"7,94019247660101e+00";"4. Efeito Substituição (Retração Local)"
"5218003";"PORANGATU";"GO";"Pequeno Porte II";"5,00267382755640e+01";"5,39771065569317e+01";"2. Constantes (Sustentabilidade)"
"5218052";"PORTEIRAO";"GO";"Pequeno Porte I";"0,00000000000000e+00";"4,45426855855638e+01";"1. Despertados (Efeito Indutor)"
"5218300";"POSSE";"GO";"Pequeno Porte II";"8,88089211334061e-02";"8,68894129890767e+00";"1. Despertados (Efeito Indutor)"
"5218391";"PROFESSOR JAMIL";"GO";"Pequeno Porte I";"2,95069684847593e+01";"1,71108578256802e+01";"4. Efeito Substituição (Retração Local)"
"5218508";"QUIRINOPOLIS";"GO";"Pequeno Porte II";"1,82240025294248e+00";"7,77051313382861e+01";"1. Despertados (Efeito Indutor)"
"5218607";"RIALMA";"GO";"Pequeno Porte I";"1,05658080793496e+01";"1,54829834903235e+01";"2. Constantes (Sustentabilidade)"
"5218706";"RIANAPOLIS";"GO";"Pequeno Porte I";"1,10911509581193e+01";"8,80834524993169e+00";"2. Constantes (Sustentabilidade)"
"5218789";"RIO QUENTE";"GO";"Pequeno Porte I";"2,55503069188172e+00";"5,79912786891104e+01";"1. Despertados (Efeito Indutor)"
"5218805";"RIO VERDE";"GO";"Grande Porte";"1,72636501520233e+01";"2,77189573589364e+01";"1. Despertados (Efeito Indutor)"
"5218904";"RUBIATABA";"GO";"Pequeno Porte I";"8,94465564411698e+00";"1,25271888093264e+01";"2. Constantes (Sustentabilidade)"
"5219001";"SANCLERLANDIA";"GO";"Pequeno Porte I";"1,22395653997549e-01";"1,01551202616315e+01";"1. Despertados (Efeito Indutor)"
"5219258";"SANTA FE DE GOIAS";"GO";"Pequeno Porte I";"0,00000000000000e+00";"6,30876186628964e+00";"1. Despertados (Efeito Indutor)"
"5219308";"SANTA HELENA DE GOIAS";"GO";"Pequeno Porte II";"1,08982920908719e+01";"3,56336700310664e+01";"1. Despertados (Efeito Indutor)"
"5219357";"SANTA ISABEL";"GO";"Pequeno Porte I";"0,00000000000000e+00";"1,08260797455523e+02";"1. Despertados (Efeito Indutor)"
"5219407";"SANTA RITA DO ARAGUAIA";"GO";"Pequeno Porte I";"0,00000000000000e+00";"8,85341542876435e+01";"1. Despertados (Efeito Indutor)"
"5219704";"SANTA TEREZINHA DE GOIAS";"GO";"Pequeno Porte I";"0,00000000000000e+00";"1,10531630508956e+02";"1. Despertados (Efeito Indutor)"
"5219712";"SANTO ANTONIO DA BARRA";"GO";"Pequeno Porte I";"4,39817900892354e+01";"3,21708988488074e+00";"4. Efeito Substituição (Retração Local)"
"5219738";"SANTO ANTONIO DE GOIAS";"GO";"Pequeno Porte I";"2,61852941638475e+00";"9,88424165484645e-01";"2. Constantes (Sustentabilidade)"
"5219753";"SANTO ANTONIO DO DESCOBERTO";"GO";"Médio Porte";"1,09387431097666e+01";"2,84111812076354e+01";"1. Despertados (Efeito Indutor)"
"5219803";"SAO DOMINGOS";"GO";"Pequeno Porte I";"1,16493059472075e+01";"3,63780857142008e+01";"1. Despertados (Efeito Indutor)"
"5220009";"SAO JOAO D'ALIANCA";"GO";"Pequeno Porte I";"1,05345133077238e-01";"1,95675152881265e+01";"1. Despertados (Efeito Indutor)"
"5220058";"SAO JOAO DA PARAUNA";"GO";"Pequeno Porte I";"0,00000000000000e+00";"3,62034949267193e+00";"2. Constantes (Sustentabilidade)"
"5220207";"SAO MIGUEL DO ARAGUAIA";"GO";"Pequeno Porte II";"5,21237216812679e-01";"1,91754635455186e+00";"2. Constantes (Sustentabilidade)"
"5220264";"SAO MIGUEL DO PASSA QUATRO";"GO";"Pequeno Porte I";"5,47979766732766e+00";"6,77768657810830e+01";"1. Despertados (Efeito Indutor)"
"5220405";"SAO SIMAO";"GO";"Pequeno Porte I";"4,19087956913744e+01";"7,42686805465595e+01";"1. Despertados (Efeito Indutor)"
"5220454";"SENADOR CANEDO";"GO";"Grande Porte";"2,21759362027548e+01";"6,09677184486168e-01";"4. Efeito Substituição (Retração Local)"
"5220603";"SILVANIA";"GO";"Pequeno Porte II";"6,79791641059593e+01";"5,20552969213311e+01";"2. Constantes (Sustentabilidade)"
"5220686";"SIMOLANDIA";"GO";"Pequeno Porte I";"0,00000000000000e+00";"2,07623755510028e+01";"1. Despertados (Efeito Indutor)"
"5221197";"TEREZOPOLIS DE GOIAS";"GO";"Pequeno Porte I";"8,29422668549842e-02";"7,81676241447351e-02";"2. Constantes (Sustentabilidade)"
"5221304";"TRES RANCHOS";"GO";"Pequeno Porte I";"7,47839615942428e+01";"4,12997931803653e+01";"4. Efeito Substituição (Retração Local)"
"5221403";"TRINDADE";"GO";"Grande Porte";"0,00000000000000e+00";"1,03840772443718e+01";"1. Despertados (Efeito Indutor)"
"5221452";"TROMBAS";"GO";"Pequeno Porte I";"0,00000000000000e+00";"3,40611089743590e+01";"1. Despertados (Efeito Indutor)"
"5221551";"TURVELANDIA";"GO";"Pequeno Porte I";"2,91249295387797e+01";"1,54417743229689e+01";"4. Efeito Substituição (Retração Local)"
"5221601";"URUACU";"GO";"Pequeno Porte II";"5,02237396548099e+01";"3,67466474958852e+01";"2. Constantes (Sustentabilidade)"
"5221809";"URUTAI";"GO";"Pequeno Porte I";"6,35291121885671e+01";"1,61823853861255e+02";"1. Despertados (Efeito Indutor)"
"5221858";"VALPARAISO DE GOIAS";"GO";"Grande Porte";"2,51098472475984e+01";"6,12405692973436e+01";"1. Despertados (Efeito Indutor)"
"5222005";"VIANOPOLIS";"GO";"Pequeno Porte I";"2,43201231000415e+01";"5,72186679870165e+01";"1. Despertados (Efeito Indutor)"
"5222203";"VILA BOA";"GO";"Pequeno Porte I";"0,00000000000000e+00";"8,15463686048605e+00";"1. Despertados (Efeito Indutor)"
