"codigo_ibge";"municipio";"uf_sigla";"porte_populacional";"ano_2020";"media_pos";"perfil_mudanca"
"1100015";"ALTA FLORESTA D'OESTE";"RO";"Pequeno Porte II";"0,000000000000000000";"8,36944194481229609";"1. Despertados (Efeito Indutor)"
"1100023";"ARIQUEMES";"RO";"Médio Porte";"26,453878078052596834";"26,15882388761420785";"2. Constantes (Sustentabilidade)"
"1100031";"CABIXI";"RO";"Pequeno Porte I";"0,000000000000000000";"9,52804829565342004";"1. Despertados (Efeito Indutor)"
"1100049";"CACOAL";"RO";"Médio Porte";"16,488709446302070916";"41,36581269977476438";"1. Despertados (Efeito Indutor)"
"1100056";"CEREJEIRAS";"RO";"Pequeno Porte I";"10,783869420917115534";"41,78561619759209833";"1. Despertados (Efeito Indutor)"
"1100064";"COLORADO DO OESTE";"RO";"Pequeno Porte I";"0,350005422661718524";"1,21825746940972568";"2. Constantes (Sustentabilidade)"
"1100080";"COSTA MARQUES";"RO";"Pequeno Porte I";"0,000000000000000000";"9,60792023399336159";"1. Despertados (Efeito Indutor)"
"1100098";"ESPIGAO D'OESTE";"RO";"Pequeno Porte II";"1,066042712464702724";"44,22738721498790682";"1. Despertados (Efeito Indutor)"
"1100106";"GUAJARA-MIRIM";"RO";"Pequeno Porte II";"6,768108568985990559";"8,25325579853577374";"2. Constantes (Sustentabilidade)"
"1100114";"JARU";"RO";"Médio Porte";"2,809081769893948533";"0,00000000000000000";"2. Constantes (Sustentabilidade)"
"1100122";"JI-PARANA";"RO";"Grande Porte";"20,638939616766307950";"28,79241068069228149";"2. Constantes (Sustentabilidade)"
"1100130";"MACHADINHO D'OESTE";"RO";"Pequeno Porte II";"1,087991522081804607";"0,00000000000000000";"2. Constantes (Sustentabilidade)"
"1100148";"NOVA BRASILANDIA D'OESTE";"RO";"Pequeno Porte I";"19,445327777700637029";"9,00614431587471209";"4. Efeito Substituição (Retração Local)"
"1100155";"OURO PRETO DO OESTE";"RO";"Pequeno Porte II";"1,891248747964157539";"45,35028686739455850";"1. Despertados (Efeito Indutor)"
"1100189";"PIMENTA BUENO";"RO";"Pequeno Porte II";"10,483891983388911484";"17,03989694456612369";"2. Constantes (Sustentabilidade)"
"1100205";"PORTO VELHO";"RO";"Grande Porte";"12,884022795507656056";"25,51465090869725216";"1. Despertados (Efeito Indutor)"
"1100254";"PRESIDENTE MEDICI";"RO";"Pequeno Porte I";"3,168497418753751127";"12,18511014148145222";"1. Despertados (Efeito Indutor)"
"1100262";"RIO CRESPO";"RO";"Pequeno Porte I";"59,826256750770411941";"97,10738691376784004";"1. Despertados (Efeito Indutor)"
"1100288";"ROLIM DE MOURA";"RO";"Médio Porte";"17,766528673999086863";"0,00000000000000000";"4. Efeito Substituição (Retração Local)"
"1100296";"SANTA LUZIA D'OESTE";"RO";"Pequeno Porte I";"0,000000000000000000";"59,20402682302196951";"1. Despertados (Efeito Indutor)"
"1100304";"VILHENA";"RO";"Médio Porte";"16,299532946268062261";"13,24216608231071035";"2. Constantes (Sustentabilidade)"
"1100320";"SAO MIGUEL DO GUAPORE";"RO";"Pequeno Porte II";"16,894934585967394725";"42,97329479491683912";"1. Despertados (Efeito Indutor)"
"1100338";"NOVA MAMORE";"RO";"Pequeno Porte II";"1,758897739846924768";"10,08536908508109065";"1. Despertados (Efeito Indutor)"
"1100379";"ALTO ALEGRE DOS PARECIS";"RO";"Pequeno Porte I";"0,000000000000000000";"59,69284924915915269";"1. Despertados (Efeito Indutor)"
"1100452";"BURITIS";"RO";"Pequeno Porte II";"32,601782075451872345";"5,78635187751371749";"4. Efeito Substituição (Retração Local)"
"1100601";"CACAULANDIA";"RO";"Pequeno Porte I";"0,000000000000000000";"19,42956977993229017";"1. Despertados (Efeito Indutor)"
"1100700";"CAMPO NOVO DE RONDONIA";"RO";"Pequeno Porte I";"0,876491031335295046";"20,71233493205592069";"1. Despertados (Efeito Indutor)"
"1100809";"CANDEIAS DO JAMARI";"RO";"Pequeno Porte II";"39,081047996403057709";"46,72121354361902945";"2. Constantes (Sustentabilidade)"
"1100924";"CHUPINGUAIA";"RO";"Pequeno Porte I";"0,000000000000000000";"6,86576308451308481";"1. Despertados (Efeito Indutor)"
"1100940";"CUJUBIM";"RO";"Pequeno Porte I";"0,000000000000000000";"15,69040073296940108";"1. Despertados (Efeito Indutor)"
"1101005";"GOVERNADOR JORGE TEIXEIRA";"RO";"Pequeno Porte I";"0,000000000000000000";"2,16491563554555677";"2. Constantes (Sustentabilidade)"
"1101104";"ITAPUA DO OESTE";"RO";"Pequeno Porte I";"3,739164092017667862";"4,07309471263126177";"2. Constantes (Sustentabilidade)"
"1101203";"MINISTRO ANDREAZZA";"RO";"Pequeno Porte I";"0,000000000000000000";"7,27565430649290423";"1. Despertados (Efeito Indutor)"
"1101302";"MIRANTE DA SERRA";"RO";"Pequeno Porte I";"0,410436491056331731";"25,95907536143354832";"1. Despertados (Efeito Indutor)"
"1101401";"MONTE NEGRO";"RO";"Pequeno Porte I";"0,350919106657689550";"31,23024362186517067";"1. Despertados (Efeito Indutor)"
"1101435";"NOVA UNIAO";"RO";"Pequeno Porte I";"0,000000000000000000";"25,19381509218142412";"1. Despertados (Efeito Indutor)"
"1101450";"PARECIS";"RO";"Pequeno Porte I";"11,002872486974361266";"83,79211703605834316";"1. Despertados (Efeito Indutor)"
"1101468";"PIMENTEIRAS DO OESTE";"RO";"Pequeno Porte I";"78,280632062775168833";"34,46759232274660434";"4. Efeito Substituição (Retração Local)"
"1101476";"PRIMAVERA DE RONDONIA";"RO";"Pequeno Porte I";"2,585575596501532125";"29,88023613224977737";"1. Despertados (Efeito Indutor)"
"1101484";"SAO FELIPE D'OESTE";"RO";"Pequeno Porte I";"0,000000000000000000";"6,36893605261121376";"1. Despertados (Efeito Indutor)"
"1101492";"SAO FRANCISCO DO GUAPORE";"RO";"Pequeno Porte I";"4,086359591531216751";"6,84548235745540090";"2. Constantes (Sustentabilidade)"
"1101500";"SERINGUEIRAS";"RO";"Pequeno Porte I";"0,212568258883354871";"0,21887028914152717";"2. Constantes (Sustentabilidade)"
"1101559";"TEIXEIROPOLIS";"RO";"Pequeno Porte I";"0,000000000000000000";"30,13455682114366141";"1. Despertados (Efeito Indutor)"
"1101609";"THEOBROMA";"RO";"Pequeno Porte I";"0,199055186150040808";"8,36667201765294699";"1. Despertados (Efeito Indutor)"
"1101708";"URUPA";"RO";"Pequeno Porte I";"0,000000000000000000";"78,39342535727172390";"1. Despertados (Efeito Indutor)"
"1101757";"VALE DO ANARI";"RO";"Pequeno Porte I";"0,000000000000000000";"14,94725959599167453";"1. Despertados (Efeito Indutor)"
"1200054";"ASSIS BRASIL";"AC";"Pequeno Porte I";"2,775295231515446215";"84,15737981847698279";"1. Despertados (Efeito Indutor)"
"1200104";"BRASILEIA";"AC";"Pequeno Porte II";"25,891152778599060724";"73,01703176970961806";"1. Despertados (Efeito Indutor)"
"1200138";"BUJARI";"AC";"Pequeno Porte I";"0,000000000000000000";"30,35400061909319191";"1. Despertados (Efeito Indutor)"
"1200179";"CAPIXABA";"AC";"Pequeno Porte I";"0,000000000000000000";"4,18482871439568882";"2. Constantes (Sustentabilidade)"
"1200203";"CRUZEIRO DO SUL";"AC";"Médio Porte";"17,179191801516655147";"32,64338776199787873";"1. Despertados (Efeito Indutor)"
"1200252";"EPITACIOLANDIA";"AC";"Pequeno Porte I";"23,612187829518745730";"18,03492684380514177";"2. Constantes (Sustentabilidade)"
"1200302";"FEIJO";"AC";"Pequeno Porte II";"32,689229903357947649";"45,01427775112256313";"1. Despertados (Efeito Indutor)"
"1200328";"JORDAO";"AC";"Pequeno Porte I";"0,000000000000000000";"34,80293444625497301";"1. Despertados (Efeito Indutor)"
"1200336";"MANCIO LIMA";"AC";"Pequeno Porte I";"21,094256957882731029";"46,25738438115259754";"1. Despertados (Efeito Indutor)"
"1200344";"MANOEL URBANO";"AC";"Pequeno Porte I";"8,419839941501217950";"21,57674215334041179";"1. Despertados (Efeito Indutor)"
"1200351";"MARECHAL THAUMATURGO";"AC";"Pequeno Porte I";"41,216581548810225399";"107,27770867723964443";"1. Despertados (Efeito Indutor)"
"1200385";"PLACIDO DE CASTRO";"AC";"Pequeno Porte I";"37,039003821910014835";"9,78466576520322207";"4. Efeito Substituição (Retração Local)"
"1200393";"PORTO WALTER";"AC";"Pequeno Porte I";"10,857175318295345434";"24,12336427717087162";"1. Despertados (Efeito Indutor)"
"1200401";"RIO BRANCO";"AC";"Grande Porte";"24,380454851533588823";"32,67586160677288376";"2. Constantes (Sustentabilidade)"
"1200427";"RODRIGUES ALVES";"AC";"Pequeno Porte I";"2,864460468592449072";"27,94626451382207577";"1. Despertados (Efeito Indutor)"
"1200435";"SANTA ROSA DO PURUS";"AC";"Pequeno Porte I";"43,140190660087711194";"43,98793668328188033";"2. Constantes (Sustentabilidade)"
"1200450";"SENADOR GUIOMARD";"AC";"Pequeno Porte II";"9,635109761821384566";"7,03795361532312391";"2. Constantes (Sustentabilidade)"
"1200500";"SENA MADUREIRA";"AC";"Pequeno Porte II";"17,679788349017741211";"36,63824870451073679";"1. Despertados (Efeito Indutor)"
"1200609";"TARAUACA";"AC";"Pequeno Porte II";"5,157236662042961939";"52,15334548283331628";"1. Despertados (Efeito Indutor)"
"1200708";"XAPURI";"AC";"Pequeno Porte I";"87,952140709334457824";"181,99891160675031188";"1. Despertados (Efeito Indutor)"
"1200807";"PORTO ACRE";"AC";"Pequeno Porte I";"0,000000000000000000";"0,11742496854969149";"2. Constantes (Sustentabilidade)"
"1300029";"ALVARAES";"AM";"Pequeno Porte I";"0,000000000000000000";"53,58508773702557448";"1. Despertados (Efeito Indutor)"
"1300060";"AMATURA";"AM";"Pequeno Porte I";"3,025807618122410947";"1,63993539635097707";"2. Constantes (Sustentabilidade)"
"1300086";"ANAMA";"AM";"Pequeno Porte I";"33,779237870156151757";"0,00000000000000000";"4. Efeito Substituição (Retração Local)"
"1300102";"ANORI";"AM";"Pequeno Porte I";"5,848880683499865007";"59,10937336890961546";"1. Despertados (Efeito Indutor)"
"1300144";"APUI";"AM";"Pequeno Porte II";"0,440051918387742047";"23,42871487213227510";"1. Despertados (Efeito Indutor)"
"1300201";"ATALAIA DO NORTE";"AM";"Pequeno Porte I";"0,000000000000000000";"7,32127465064646721";"1. Despertados (Efeito Indutor)"
"1300300";"AUTAZES";"AM";"Pequeno Porte II";"17,790459119888240025";"16,46802240878668755";"2. Constantes (Sustentabilidade)"
"1300508";"BARREIRINHA";"AM";"Pequeno Porte II";"32,226163438754205970";"90,35289123264251998";"1. Despertados (Efeito Indutor)"
"1300607";"BENJAMIN CONSTANT";"AM";"Pequeno Porte II";"70,259352901406529668";"71,41772242639831347";"2. Constantes (Sustentabilidade)"
"1300680";"BOA VISTA DO RAMOS";"AM";"Pequeno Porte II";"20,897940019834393865";"30,57362654560805382";"1. Despertados (Efeito Indutor)"
"1300706";"BOCA DO ACRE";"AM";"Pequeno Porte II";"22,763873867577334664";"40,16466908055947727";"1. Despertados (Efeito Indutor)"
"1300805";"BORBA";"AM";"Pequeno Porte II";"41,142206723535075241";"18,11847367459808567";"4. Efeito Substituição (Retração Local)"
"1300839";"CAAPIRANGA";"AM";"Pequeno Porte I";"0,000000000000000000";"37,06326034337075725";"1. Despertados (Efeito Indutor)"
"1300904";"CANUTAMA";"AM";"Pequeno Porte I";"18,214387424388579717";"4,92712157465504674";"4. Efeito Substituição (Retração Local)"
"1301001";"CARAUARI";"AM";"Pequeno Porte II";"12,651093203453584124";"34,94786467663088558";"1. Despertados (Efeito Indutor)"
"1301100";"CAREIRO";"AM";"Pequeno Porte II";"77,518094480559810222";"60,59403331187813535";"2. Constantes (Sustentabilidade)"
"1301159";"CAREIRO DA VARZEA";"AM";"Pequeno Porte I";"17,255864965775668196";"16,89121074277052870";"2. Constantes (Sustentabilidade)"
"1301209";"COARI";"AM";"Médio Porte";"172,259536134333501423";"192,25126352371731286";"2. Constantes (Sustentabilidade)"
"1301308";"CODAJAS";"AM";"Pequeno Porte II";"11,012196070270652726";"123,17910785551346464";"1. Despertados (Efeito Indutor)"
"1301407";"EIRUNEPE";"AM";"Pequeno Porte II";"14,461012599720342919";"41,38431185924557809";"1. Despertados (Efeito Indutor)"
"1301506";"ENVIRA";"AM";"Pequeno Porte I";"13,159509761741494671";"77,56530158456186541";"1. Despertados (Efeito Indutor)"
"1301605";"FONTE BOA";"AM";"Pequeno Porte II";"52,265757185438069143";"38,40088223944913182";"2. Constantes (Sustentabilidade)"
"1301654";"GUAJARA";"AM";"Pequeno Porte I";"7,420295295473859021";"8,69222423243337872";"2. Constantes (Sustentabilidade)"
"1301704";"HUMAITA";"AM";"Médio Porte";"9,562319136236746786";"83,50452304714228546";"1. Despertados (Efeito Indutor)"
"1301803";"IPIXUNA";"AM";"Pequeno Porte II";"33,361515125536008952";"73,38123843310759753";"1. Despertados (Efeito Indutor)"
"1301852";"IRANDUBA";"AM";"Médio Porte";"4,233582947929711793";"19,45431875631939178";"1. Despertados (Efeito Indutor)"
"1301902";"ITACOATIARA";"AM";"Grande Porte";"12,457152097625993292";"56,12194926766829894";"1. Despertados (Efeito Indutor)"
"1301951";"ITAMARATI";"AM";"Pequeno Porte I";"7,368464752807758700";"50,49448354061752298";"1. Despertados (Efeito Indutor)"
"1302009";"ITAPIRANGA";"AM";"Pequeno Porte I";"57,193310273831933443";"154,04689568646278985";"1. Despertados (Efeito Indutor)"
"1302108";"JAPURA";"AM";"Pequeno Porte I";"0,000000000000000000";"122,55436173378390663";"1. Despertados (Efeito Indutor)"
"1302207";"JURUA";"AM";"Pequeno Porte I";"1,812921934022308834";"33,96893322793148684";"1. Despertados (Efeito Indutor)"
"1302306";"JUTAI";"AM";"Pequeno Porte II";"0,000000000000000000";"43,87295911693846051";"1. Despertados (Efeito Indutor)"
"1302405";"LABREA";"AM";"Pequeno Porte II";"7,020574091825948493";"54,31714354867101235";"1. Despertados (Efeito Indutor)"
"1302504";"MANACAPURU";"AM";"Grande Porte";"19,545424923091008651";"72,54234167527187083";"1. Despertados (Efeito Indutor)"
"1302553";"MANAQUIRI";"AM";"Pequeno Porte I";"43,301144438425538397";"174,44443363882589892";"1. Despertados (Efeito Indutor)"
"1302603";"MANAUS";"AM";"Metrópole";"28,942450333351839475";"53,53172308855681649";"1. Despertados (Efeito Indutor)"
"1302702";"MANICORE";"AM";"Médio Porte";"23,108970305563904191";"73,44162431312133776";"1. Despertados (Efeito Indutor)"
"1302801";"MARAA";"AM";"Pequeno Porte I";"49,392314234689720820";"52,10646641761115205";"2. Constantes (Sustentabilidade)"
"1302900";"MAUES";"AM";"Médio Porte";"42,510985488153473000";"72,69192862147291123";"1. Despertados (Efeito Indutor)"
"1303007";"NHAMUNDA";"AM";"Pequeno Porte II";"29,071159234819251793";"102,53948753850674791";"1. Despertados (Efeito Indutor)"
"1303106";"NOVA OLINDA DO NORTE";"AM";"Pequeno Porte II";"16,757832123403673563";"68,21522178397763980";"1. Despertados (Efeito Indutor)"
"1303205";"NOVO AIRAO";"AM";"Pequeno Porte I";"39,876440799366726253";"61,70154516025647240";"1. Despertados (Efeito Indutor)"
"1303304";"NOVO ARIPUANA";"AM";"Pequeno Porte II";"40,750700090686528654";"36,14723843104353307";"2. Constantes (Sustentabilidade)"
"1303403";"PARINTINS";"AM";"Médio Porte";"37,750435563708570896";"91,30929590118982730";"1. Despertados (Efeito Indutor)"
"1303502";"PAUINI";"AM";"Pequeno Porte I";"18,912568338971027515";"30,34128599353849509";"1. Despertados (Efeito Indutor)"
"1303569";"RIO PRETO DA EVA";"AM";"Pequeno Porte II";"2,788680370993171564";"21,92869021556285247";"1. Despertados (Efeito Indutor)"
"1303601";"SANTA ISABEL DO RIO NEGRO";"AM";"Pequeno Porte I";"1,124206184045458246";"87,44045164849774210";"1. Despertados (Efeito Indutor)"
"1303700";"SANTO ANTONIO DO ICA";"AM";"Pequeno Porte II";"0,000000000000000000";"33,72556818656967437";"1. Despertados (Efeito Indutor)"
"1303809";"SAO GABRIEL DA CACHOEIRA";"AM";"Médio Porte";"12,750625377841197761";"12,36861804077916460";"2. Constantes (Sustentabilidade)"
"1303908";"SAO PAULO DE OLIVENCA";"AM";"Pequeno Porte II";"2,337631118640689731";"22,54916639683661472";"1. Despertados (Efeito Indutor)"
"1303957";"SAO SEBASTIAO DO UATUMA";"AM";"Pequeno Porte I";"1,443062494837490162";"183,07877078338592014";"1. Despertados (Efeito Indutor)"
"1304005";"SILVES";"AM";"Pequeno Porte I";"23,963844122473819453";"70,48859918242960987";"1. Despertados (Efeito Indutor)"
"1304062";"TABATINGA";"AM";"Médio Porte";"0,000000000000000000";"53,13428928616037439";"1. Despertados (Efeito Indutor)"
"1304104";"TAPAUA";"AM";"Pequeno Porte I";"87,249830132603108268";"15,58994335917585516";"4. Efeito Substituição (Retração Local)"
"1304203";"TEFE";"AM";"Médio Porte";"2,485076961619786751";"40,01170773599623942";"1. Despertados (Efeito Indutor)"
"1304237";"TONANTINS";"AM";"Pequeno Porte I";"0,000000000000000000";"5,94892604002486358";"1. Despertados (Efeito Indutor)"
"1304260";"UARINI";"AM";"Pequeno Porte I";"12,627627953221406187";"72,01783066144378154";"1. Despertados (Efeito Indutor)"
"1304302";"URUCARA";"AM";"Pequeno Porte I";"9,697617581652240304";"30,38322771314482296";"1. Despertados (Efeito Indutor)"
"1304401";"URUCURITUBA";"AM";"Pequeno Porte II";"0,000000000000000000";"35,85824507957787688";"1. Despertados (Efeito Indutor)"
"1400027";"AMAJARI";"RR";"Pequeno Porte I";"0,000000000000000000";"15,29786549593278089";"1. Despertados (Efeito Indutor)"
"1400050";"ALTO ALEGRE";"RR";"Pequeno Porte II";"2,468217363442446466";"52,29847080015169070";"1. Despertados (Efeito Indutor)"
"1400100";"BOA VISTA";"RR";"Grande Porte";"41,344543911297996885";"126,71838433135393132";"1. Despertados (Efeito Indutor)"
"1400159";"BONFIM";"RR";"Pequeno Porte I";"5,645486098301486955";"152,39921087624307461";"1. Despertados (Efeito Indutor)"
"1400175";"CANTA";"RR";"Pequeno Porte I";"0,000000000000000000";"123,73166231286285210";"1. Despertados (Efeito Indutor)"
"1400209";"CARACARAI";"RR";"Pequeno Porte II";"6,923057254559611629";"115,03496475687295231";"1. Despertados (Efeito Indutor)"
"1400233";"CAROEBE";"RR";"Pequeno Porte I";"8,273342120130235955";"187,80573090107392886";"1. Despertados (Efeito Indutor)"
"1400282";"IRACEMA";"RR";"Pequeno Porte I";"16,372554014156953883";"21,96767773965685677";"2. Constantes (Sustentabilidade)"
"1400308";"MUCAJAI";"RR";"Pequeno Porte I";"67,376311923143504146";"78,18279577116634016";"2. Constantes (Sustentabilidade)"
"1400407";"NORMANDIA";"RR";"Pequeno Porte I";"0,000000000000000000";"29,55717827685372612";"1. Despertados (Efeito Indutor)"
"1400456";"PACARAIMA";"RR";"Pequeno Porte I";"0,000000000000000000";"72,72409086311694182";"1. Despertados (Efeito Indutor)"
"1400472";"RORAINOPOLIS";"RR";"Pequeno Porte II";"12,712709963042028605";"50,31222375001652125";"1. Despertados (Efeito Indutor)"
"1400506";"SAO JOAO DA BALIZA";"RR";"Pequeno Porte I";"0,000000000000000000";"108,22484996474302932";"1. Despertados (Efeito Indutor)"
"1400704";"UIRAMUTA";"RR";"Pequeno Porte I";"11,945185133672525879";"35,01936964604451674";"1. Despertados (Efeito Indutor)"
"1500107";"ABAETETUBA";"PA";"Grande Porte";"5,507408050817903522";"26,09626754428884254";"1. Despertados (Efeito Indutor)"
"1500131";"ABEL FIGUEIREDO";"PA";"Pequeno Porte I";"48,889609547986225380";"67,71419917138032929";"1. Despertados (Efeito Indutor)"
"1500206";"ACARA";"PA";"Médio Porte";"11,776692061366194508";"43,85816211225102279";"1. Despertados (Efeito Indutor)"
"1500305";"AFUA";"PA";"Pequeno Porte II";"31,433724090981829846";"150,62831687805197589";"1. Despertados (Efeito Indutor)"
"1500347";"AGUA AZUL DO NORTE";"PA";"Pequeno Porte I";"2,138087827465039670";"23,18738504873165240";"1. Despertados (Efeito Indutor)"
"1500404";"ALENQUER";"PA";"Médio Porte";"18,722479405584660839";"35,99171412748766130";"1. Despertados (Efeito Indutor)"
"1500503";"ALMEIRIM";"PA";"Pequeno Porte II";"21,603721259829629986";"18,16562452578068587";"2. Constantes (Sustentabilidade)"
"1500602";"ALTAMIRA";"PA";"Grande Porte";"2,532885215372780774";"42,86911552784873436";"1. Despertados (Efeito Indutor)"
"1500701";"ANAJAS";"PA";"Pequeno Porte II";"22,603956828648804844";"15,46356896738805808";"2. Constantes (Sustentabilidade)"
"1500800";"ANANINDEUA";"PA";"Grande Porte";"14,789067378372971362";"9,01829139678718583";"2. Constantes (Sustentabilidade)"
"1500859";"ANAPU";"PA";"Pequeno Porte II";"8,015708886107557163";"98,51922972796870681";"1. Despertados (Efeito Indutor)"
"1500909";"AUGUSTO CORREA";"PA";"Pequeno Porte II";"29,824837255262444558";"56,91190310972606881";"1. Despertados (Efeito Indutor)"
"1500958";"AURORA DO PARA";"PA";"Pequeno Porte II";"0,000000000000000000";"33,57364024478947329";"1. Despertados (Efeito Indutor)"
"1501006";"AVEIRO";"PA";"Pequeno Porte I";"14,760796531531156006";"19,18205881323415696";"2. Constantes (Sustentabilidade)"
"1501105";"BAGRE";"PA";"Pequeno Porte II";"9,848222771861404823";"0,98841645124246158";"4. Efeito Substituição (Retração Local)"
"1501204";"BAIAO";"PA";"Médio Porte";"10,173022382310234590";"28,70936651616674595";"1. Despertados (Efeito Indutor)"
"1501253";"BANNACH";"PA";"Pequeno Porte I";"12,329534254366281587";"110,66720416609643962";"1. Despertados (Efeito Indutor)"
"1501303";"BARCARENA";"PA";"Grande Porte";"43,057565763278923043";"106,17163364481534416";"1. Despertados (Efeito Indutor)"
"1501402";"BELEM";"PA";"Metrópole";"0,000000000000000000";"12,81181023300495880";"1. Despertados (Efeito Indutor)"
"1501451";"BELTERRA";"PA";"Pequeno Porte I";"1,977288994486647189";"22,57604804133836041";"1. Despertados (Efeito Indutor)"
"1501501";"BENEVIDES";"PA";"Médio Porte";"15,382871240265588497";"69,92752910804634325";"1. Despertados (Efeito Indutor)"
"1501576";"BOM JESUS DO TOCANTINS";"PA";"Pequeno Porte I";"68,783385923154781949";"112,01573632219255217";"1. Despertados (Efeito Indutor)"
"1501600";"BONITO";"PA";"Pequeno Porte I";"26,279789026213244085";"127,76895320817175161";"1. Despertados (Efeito Indutor)"
"1501709";"BRAGANCA";"PA";"Grande Porte";"24,917123224939896176";"5,92867244914982283";"4. Efeito Substituição (Retração Local)"
"1501725";"BRASIL NOVO";"PA";"Pequeno Porte II";"0,000000000000000000";"0,15536867459245884";"2. Constantes (Sustentabilidade)"
"1501782";"BREU BRANCO";"PA";"Pequeno Porte II";"13,807776689074144016";"54,87141071517579149";"1. Despertados (Efeito Indutor)"
"1501808";"BREVES";"PA";"Grande Porte";"0,000000000000000000";"32,63098678528975682";"1. Despertados (Efeito Indutor)"
"1501907";"BUJARU";"PA";"Pequeno Porte II";"32,272505844170169098";"91,09820646014081547";"1. Despertados (Efeito Indutor)"
"1501956";"CACHOEIRA DO PIRIA";"PA";"Pequeno Porte I";"10,751868482181732745";"30,40542392645426162";"1. Despertados (Efeito Indutor)"
"1502004";"CACHOEIRA DO ARARI";"PA";"Pequeno Porte II";"29,608580267777956152";"73,68753933669026424";"1. Despertados (Efeito Indutor)"
"1502103";"CAMETA";"PA";"Grande Porte";"29,341692890507161451";"29,50169205445907750";"2. Constantes (Sustentabilidade)"
"1502202";"CAPANEMA";"PA";"Médio Porte";"28,585889600214439810";"33,54800184711216815";"2. Constantes (Sustentabilidade)"
"1502301";"CAPITAO POCO";"PA";"Médio Porte";"23,343346037795459580";"15,91419084982306842";"2. Constantes (Sustentabilidade)"
"1502400";"CASTANHAL";"PA";"Grande Porte";"35,520802094513804548";"35,75895376827894268";"2. Constantes (Sustentabilidade)"
"1502509";"CHAVES";"PA";"Pequeno Porte II";"1,058106290080446321";"16,39947909915642299";"1. Despertados (Efeito Indutor)"
"1502608";"COLARES";"PA";"Pequeno Porte I";"0,000000000000000000";"137,58919644687443906";"1. Despertados (Efeito Indutor)"
"1502707";"CONCEICAO DO ARAGUAIA";"PA";"Pequeno Porte II";"1,303038082086875216";"4,16439677422741639";"2. Constantes (Sustentabilidade)"
"1502756";"CONCORDIA DO PARA";"PA";"Pequeno Porte II";"39,886897716739930786";"51,77780902997458412";"2. Constantes (Sustentabilidade)"
"1502764";"CUMARU DO NORTE";"PA";"Pequeno Porte I";"0,000000000000000000";"14,97862144250634486";"1. Despertados (Efeito Indutor)"
"1502772";"CURIONOPOLIS";"PA";"Pequeno Porte I";"37,494267359679113838";"92,01406928820861708";"1. Despertados (Efeito Indutor)"
"1502806";"CURRALINHO";"PA";"Pequeno Porte II";"6,989700049300008544";"49,46555575479027311";"1. Despertados (Efeito Indutor)"
"1502855";"CURUA";"PA";"Pequeno Porte I";"17,980857342170896374";"48,35674185411383519";"1. Despertados (Efeito Indutor)"
"1502905";"CURUCA";"PA";"Pequeno Porte II";"34,774501296458559807";"69,22197072612134150";"1. Despertados (Efeito Indutor)"
"1502939";"DOM ELISEU";"PA";"Médio Porte";"1,121604363753558431";"19,96069250131235506";"1. Despertados (Efeito Indutor)"
"1503002";"FARO";"PA";"Pequeno Porte I";"0,000000000000000000";"116,69127634250429537";"1. Despertados (Efeito Indutor)"
"1503044";"FLORESTA DO ARAGUAIA";"PA";"Pequeno Porte I";"0,000000000000000000";"0,23304524856145267";"2. Constantes (Sustentabilidade)"
"1503077";"GARRAFAO DO NORTE";"PA";"Pequeno Porte II";"11,921592356802575452";"26,09647196019671611";"1. Despertados (Efeito Indutor)"
"1503093";"GOIANESIA DO PARA";"PA";"Pequeno Porte II";"8,905919159777640814";"48,50092685434243833";"1. Despertados (Efeito Indutor)"
"1503101";"GURUPA";"PA";"Pequeno Porte II";"17,143272358764086505";"29,43577187166376063";"1. Despertados (Efeito Indutor)"
"1503200";"IGARAPE-ACU";"PA";"Pequeno Porte II";"7,752547089406011338";"54,06742567998939819";"1. Despertados (Efeito Indutor)"
"1503309";"IGARAPE-MIRI";"PA";"Médio Porte";"26,331672136122957539";"41,64959131186608943";"1. Despertados (Efeito Indutor)"
"1503408";"INHANGAPI";"PA";"Pequeno Porte I";"18,500386899696479759";"86,88024197043353070";"1. Despertados (Efeito Indutor)"
"1503457";"IPIXUNA DO PARA";"PA";"Pequeno Porte II";"100,545926513410805114";"49,59656184881714580";"4. Efeito Substituição (Retração Local)"
"1503507";"IRITUIA";"PA";"Pequeno Porte II";"21,736262426690863947";"33,63187743881938729";"1. Despertados (Efeito Indutor)"
"1503606";"ITAITUBA";"PA";"Grande Porte";"3,244379111334196875";"14,54793619329520027";"1. Despertados (Efeito Indutor)"
"1503705";"ITUPIRANGA";"PA";"Pequeno Porte II";"0,000000000000000000";"36,52141019218653639";"1. Despertados (Efeito Indutor)"
"1503754";"JACAREACANGA";"PA";"Pequeno Porte II";"12,126852093761328888";"93,23609553935384042";"1. Despertados (Efeito Indutor)"
"1503804";"JACUNDA";"PA";"Pequeno Porte II";"0,000000000000000000";"70,31576460147059038";"1. Despertados (Efeito Indutor)"
"1503903";"JURUTI";"PA";"Médio Porte";"42,653687067570807301";"175,21428503696193957";"1. Despertados (Efeito Indutor)"
"1504000";"LIMOEIRO DO AJURU";"PA";"Pequeno Porte II";"25,445638794860698795";"56,58524093852435044";"1. Despertados (Efeito Indutor)"
"1504059";"MAE DO RIO";"PA";"Pequeno Porte II";"3,451691991527488845";"8,38505463215775215";"2. Constantes (Sustentabilidade)"
"1504208";"MARABA";"PA";"Grande Porte";"65,024360996299634508";"102,49588945727043665";"1. Despertados (Efeito Indutor)"
"1504307";"MARACANA";"PA";"Pequeno Porte II";"19,504047780588908978";"63,35887873369952672";"1. Despertados (Efeito Indutor)"
"1504406";"MARAPANIM";"PA";"Pequeno Porte II";"21,489921377646645340";"55,22941039619325920";"1. Despertados (Efeito Indutor)"
"1504422";"MARITUBA";"PA";"Grande Porte";"14,312641198823452982";"45,67407812446680282";"1. Despertados (Efeito Indutor)"
"1504455";"MEDICILANDIA";"PA";"Pequeno Porte II";"16,702931664997088035";"10,61916247551309667";"2. Constantes (Sustentabilidade)"
"1504505";"MELGACO";"PA";"Pequeno Porte II";"23,753090366275650069";"38,87358975652553283";"1. Despertados (Efeito Indutor)"
"1504604";"MOCAJUBA";"PA";"Pequeno Porte II";"11,981869904929013160";"49,78563639072711311";"1. Despertados (Efeito Indutor)"
"1504703";"MOJU";"PA";"Médio Porte";"4,603180412858193016";"0,00000000000000000";"2. Constantes (Sustentabilidade)"
"1504752";"MOJUI DOS CAMPOS";"PA";"Pequeno Porte II";"1,378578263569009144";"101,17153112302101192";"1. Despertados (Efeito Indutor)"
"1504802";"MONTE ALEGRE";"PA";"Médio Porte";"0,770169829971234843";"13,95514593057567510";"1. Despertados (Efeito Indutor)"
"1504901";"MUANA";"PA";"Pequeno Porte II";"8,486167309471234432";"27,51332267056204728";"1. Despertados (Efeito Indutor)"
"1504950";"NOVA ESPERANCA DO PIRIA";"PA";"Pequeno Porte II";"22,933289464841728034";"12,35511745324982513";"4. Efeito Substituição (Retração Local)"
"1504976";"NOVA IPIXUNA";"PA";"Pequeno Porte I";"3,502099650946626230";"64,04542720770623987";"1. Despertados (Efeito Indutor)"
"1505064";"NOVO REPARTIMENTO";"PA";"Médio Porte";"10,356584370283814067";"71,19984631905643369";"1. Despertados (Efeito Indutor)"
"1505106";"OBIDOS";"PA";"Médio Porte";"44,151487837855306395";"71,61518189465067508";"1. Despertados (Efeito Indutor)"
"1505205";"OEIRAS DO PARA";"PA";"Pequeno Porte II";"40,091070440618757686";"20,36724091195112507";"4. Efeito Substituição (Retração Local)"
"1505304";"ORIXIMINA";"PA";"Médio Porte";"14,517246651122265533";"23,55227399239512565";"1. Despertados (Efeito Indutor)"
"1505403";"OUREM";"PA";"Pequeno Porte I";"66,471761754606589534";"118,29341902498865124";"1. Despertados (Efeito Indutor)"
"1505437";"OURILANDIA DO NORTE";"PA";"Pequeno Porte II";"0,000000000000000000";"17,21438060880500842";"1. Despertados (Efeito Indutor)"
"1505486";"PACAJA";"PA";"Pequeno Porte II";"31,918029669052863539";"39,28891907772644032";"2. Constantes (Sustentabilidade)"
"1505494";"PALESTINA DO PARA";"PA";"Pequeno Porte I";"0,000000000000000000";"7,39718851696072655";"1. Despertados (Efeito Indutor)"
"1505502";"PARAGOMINAS";"PA";"Grande Porte";"50,629246435663084469";"65,74912593294691021";"2. Constantes (Sustentabilidade)"
"1505536";"PARAUAPEBAS";"PA";"Grande Porte";"66,605692303313475122";"81,28417333474564543";"2. Constantes (Sustentabilidade)"
"1505551";"PAU D'ARCO";"PA";"Pequeno Porte I";"0,000000000000000000";"5,59799448861819915";"1. Despertados (Efeito Indutor)"
"1505601";"PEIXE-BOI";"PA";"Pequeno Porte I";"20,734965027946568483";"65,30387891733920469";"1. Despertados (Efeito Indutor)"
"1505635";"PICARRA";"PA";"Pequeno Porte I";"6,310478256916105089";"3,63819007169576114";"2. Constantes (Sustentabilidade)"
"1505650";"PLACAS";"PA";"Pequeno Porte I";"23,397977787195042509";"59,94397450036680652";"1. Despertados (Efeito Indutor)"
"1505700";"PONTA DE PEDRAS";"PA";"Pequeno Porte II";"35,179380731472164712";"65,10444618173703191";"1. Despertados (Efeito Indutor)"
"1505809";"PORTEL";"PA";"Médio Porte";"9,046938174958640388";"0,43324729347726881";"4. Efeito Substituição (Retração Local)"
"1505908";"PORTO DE MOZ";"PA";"Pequeno Porte II";"27,518671659142018626";"72,78331277424990731";"1. Despertados (Efeito Indutor)"
"1506005";"PRAINHA";"PA";"Pequeno Porte II";"0,000000000000000000";"14,79353575116520858";"1. Despertados (Efeito Indutor)"
"1506104";"PRIMAVERA";"PA";"Pequeno Porte I";"83,883371397587850993";"188,38926462892251834";"1. Despertados (Efeito Indutor)"
"1506112";"QUATIPURU";"PA";"Pequeno Porte I";"34,622426939634273424";"122,57461324593370477";"1. Despertados (Efeito Indutor)"
"1506138";"REDENCAO";"PA";"Médio Porte";"16,150817649127763076";"15,58053179433858659";"2. Constantes (Sustentabilidade)"
"1506161";"RIO MARIA";"PA";"Pequeno Porte I";"32,486415557246779429";"25,31282944898467235";"2. Constantes (Sustentabilidade)"
"1506187";"RONDON DO PARA";"PA";"Médio Porte";"18,693035699944928751";"45,00550633345963547";"1. Despertados (Efeito Indutor)"
"1506195";"RUROPOLIS";"PA";"Pequeno Porte II";"0,000000000000000000";"10,57478522388358400";"1. Despertados (Efeito Indutor)"
"1506203";"SALINOPOLIS";"PA";"Pequeno Porte II";"0,705417569786503718";"19,43952890927250010";"1. Despertados (Efeito Indutor)"
"1506302";"SALVATERRA";"PA";"Pequeno Porte II";"13,174659575106224096";"46,04628662425626828";"1. Despertados (Efeito Indutor)"
"1506351";"SANTA BARBARA DO PARA";"PA";"Pequeno Porte II";"31,704755715346163214";"102,21805746427664019";"1. Despertados (Efeito Indutor)"
"1506401";"SANTA CRUZ DO ARARI";"PA";"Pequeno Porte I";"194,831427522909109484";"12,50187508394895808";"4. Efeito Substituição (Retração Local)"
"1506500";"SANTA IZABEL DO PARA";"PA";"Médio Porte";"16,061535002499624625";"62,08012790831450900";"1. Despertados (Efeito Indutor)"
"1506559";"SANTA LUZIA DO PARA";"PA";"Pequeno Porte II";"14,003109308922303100";"38,23060097651092804";"1. Despertados (Efeito Indutor)"
"1506583";"SANTA MARIA DAS BARREIRAS";"PA";"Pequeno Porte I";"5,730167838674281811";"28,49791756632016160";"1. Despertados (Efeito Indutor)"
"1506609";"SANTA MARIA DO PARA";"PA";"Pequeno Porte II";"40,908771983982781251";"75,21610815264892835";"1. Despertados (Efeito Indutor)"
"1506708";"SANTANA DO ARAGUAIA";"PA";"Pequeno Porte II";"24,838412937131199243";"163,14544428665163878";"1. Despertados (Efeito Indutor)"
"1506807";"SANTAREM";"PA";"Grande Porte";"0,000000000000000000";"28,54088870825215452";"1. Despertados (Efeito Indutor)"
"1506906";"SANTAREM NOVO";"PA";"Pequeno Porte I";"0,000000000000000000";"31,71551089743242713";"1. Despertados (Efeito Indutor)"
"1507003";"SANTO ANTONIO DO TAUA";"PA";"Pequeno Porte II";"30,728294599331380965";"84,20841754159596348";"1. Despertados (Efeito Indutor)"
"1507102";"SAO CAETANO DE ODIVELAS";"PA";"Pequeno Porte I";"43,218648618844568432";"103,05936596025398444";"1. Despertados (Efeito Indutor)"
"1507151";"SAO DOMINGOS DO ARAGUAIA";"PA";"Pequeno Porte II";"0,000000000000000000";"32,38847682227252278";"1. Despertados (Efeito Indutor)"
"1507201";"SAO DOMINGOS DO CAPIM";"PA";"Pequeno Porte II";"13,697892067101726354";"24,93559049656975546";"1. Despertados (Efeito Indutor)"
"1507300";"SAO FELIX DO XINGU";"PA";"Médio Porte";"39,830666721926370144";"30,62464755119867377";"2. Constantes (Sustentabilidade)"
"1507409";"SAO FRANCISCO DO PARA";"PA";"Pequeno Porte I";"45,951312336426546779";"83,53761505640105156";"1. Despertados (Efeito Indutor)"
"1507458";"SAO GERALDO DO ARAGUAIA";"PA";"Pequeno Porte II";"6,107983946139301956";"45,21618594687234349";"1. Despertados (Efeito Indutor)"
"1507466";"SAO JOAO DA PONTA";"PA";"Pequeno Porte I";"1,749816406575473993";"19,13705006127353769";"1. Despertados (Efeito Indutor)"
"1507474";"SAO JOAO DE PIRABAS";"PA";"Pequeno Porte II";"24,331405100156413113";"30,64491180549057248";"2. Constantes (Sustentabilidade)"
"1507508";"SAO JOAO DO ARAGUAIA";"PA";"Pequeno Porte I";"14,044421664828755425";"67,68023838069407816";"1. Despertados (Efeito Indutor)"
"1507607";"SAO MIGUEL DO GUAMA";"PA";"Médio Porte";"8,011473359960255891";"31,01249396351834164";"1. Despertados (Efeito Indutor)"
"1507706";"SAO SEBASTIAO DA BOA VISTA";"PA";"Pequeno Porte II";"25,066185122850288991";"52,96255768761157157";"1. Despertados (Efeito Indutor)"
"1507755";"SAPUCAIA";"PA";"Pequeno Porte I";"0,025189335888739117";"68,96645858610530411";"1. Despertados (Efeito Indutor)"
"1507805";"SENADOR JOSE PORFIRIO";"PA";"Pequeno Porte II";"20,449670062199103882";"65,60227622499036215";"1. Despertados (Efeito Indutor)"
"1507904";"SOURE";"PA";"Pequeno Porte II";"39,607509557456765492";"51,23821094696172906";"2. Constantes (Sustentabilidade)"
"1507953";"TAILANDIA";"PA";"Médio Porte";"32,691920294762233823";"28,44361127982548965";"2. Constantes (Sustentabilidade)"
"1507961";"TERRA ALTA";"PA";"Pequeno Porte I";"21,419917788049609442";"40,00388208234216592";"1. Despertados (Efeito Indutor)"
"1507979";"TERRA SANTA";"PA";"Pequeno Porte I";"6,799209151630098980";"52,73512619892407827";"1. Despertados (Efeito Indutor)"
"1508001";"TOME-ACU";"PA";"Médio Porte";"0,868052994271289458";"23,28047211595222521";"1. Despertados (Efeito Indutor)"
"1508035";"TRACUATEUA";"PA";"Pequeno Porte II";"14,074457882348431426";"28,95103963895869725";"1. Despertados (Efeito Indutor)"
"1508050";"TRAIRAO";"PA";"Pequeno Porte I";"0,000000000000000000";"0,31163889253378824";"2. Constantes (Sustentabilidade)"
"1508084";"TUCUMA";"PA";"Pequeno Porte II";"0,507795910063867484";"51,43100557289082531";"1. Despertados (Efeito Indutor)"
"1508100";"TUCURUI";"PA";"Médio Porte";"3,852005428211892735";"66,85404111076486799";"1. Despertados (Efeito Indutor)"
"1508126";"ULIANOPOLIS";"PA";"Pequeno Porte II";"2,551777191459940752";"90,11035998777950340";"1. Despertados (Efeito Indutor)"
"1508159";"URUARA";"PA";"Pequeno Porte II";"15,037950346031758286";"22,62954472349862556";"2. Constantes (Sustentabilidade)"
"1508209";"VIGIA";"PA";"Médio Porte";"43,230394546330373373";"131,46328157715873886";"1. Despertados (Efeito Indutor)"
"1508308";"VISEU";"PA";"Médio Porte";"22,193058144407409316";"25,77901957355956597";"2. Constantes (Sustentabilidade)"
"1508357";"VITORIA DO XINGU";"PA";"Pequeno Porte I";"38,245909186625958398";"2,10287260885907834";"4. Efeito Substituição (Retração Local)"
"1508407";"XINGUARA";"PA";"Médio Porte";"11,244918512937095656";"8,15108908867162718";"2. Constantes (Sustentabilidade)"
"1600055";"SERRA DO NAVIO";"AP";"Pequeno Porte I";"0,000000000000000000";"150,77164847839762274";"1. Despertados (Efeito Indutor)"
"1600105";"AMAPA";"AP";"Pequeno Porte I";"5,415107303395704008";"43,82641193503714305";"1. Despertados (Efeito Indutor)"
"1600204";"CALCOENE";"AP";"Pequeno Porte I";"0,000000000000000000";"1,61229268752355837";"2. Constantes (Sustentabilidade)"
"1600253";"ITAUBAL";"AP";"Pequeno Porte I";"30,263647158474572763";"164,95799303581833328";"1. Despertados (Efeito Indutor)"
"1600279";"LARANJAL DO JARI";"AP";"Pequeno Porte II";"0,263311349469204481";"154,57421711674112430";"1. Despertados (Efeito Indutor)"
"1600303";"MACAPA";"AP";"Grande Porte";"18,951151330542870710";"76,60918441726441586";"1. Despertados (Efeito Indutor)"
"1600402";"MAZAGAO";"AP";"Pequeno Porte II";"23,106112442165471776";"31,64256700553600510";"2. Constantes (Sustentabilidade)"
"1600501";"OIAPOQUE";"AP";"Pequeno Porte II";"18,203765173094680563";"76,72783171405859548";"1. Despertados (Efeito Indutor)"
"1600535";"PORTO GRANDE";"AP";"Pequeno Porte I";"13,356120392833997101";"184,77182705409984464";"1. Despertados (Efeito Indutor)"
"1600550";"PRACUUBA";"AP";"Pequeno Porte I";"0,000000000000000000";"135,08368326017426853";"1. Despertados (Efeito Indutor)"
"1600600";"SANTANA";"AP";"Grande Porte";"0,000000000000000000";"75,27945881305859643";"1. Despertados (Efeito Indutor)"
"1600709";"TARTARUGALZINHO";"AP";"Pequeno Porte I";"44,727247120542536152";"136,53009045840664726";"1. Despertados (Efeito Indutor)"
"1600808";"VITORIA DO JARI";"AP";"Pequeno Porte I";"18,479481658755968709";"143,41159502072889609";"1. Despertados (Efeito Indutor)"
"1700251";"ABREULANDIA";"TO";"Pequeno Porte I";"0,000000000000000000";"60,68378738424175367";"1. Despertados (Efeito Indutor)"
"1700301";"AGUIARNOPOLIS";"TO";"Pequeno Porte I";"15,471900629476929012";"24,03378977136168615";"1. Despertados (Efeito Indutor)"
"1700350";"ALIANCA DO TOCANTINS";"TO";"Pequeno Porte I";"0,000000000000000000";"50,40909380800263762";"1. Despertados (Efeito Indutor)"
"1700400";"ALMAS";"TO";"Pequeno Porte I";"18,237988874625163049";"64,16667102103731679";"1. Despertados (Efeito Indutor)"
"1701002";"ANANAS";"TO";"Pequeno Porte I";"0,000000000000000000";"151,53462825234328193";"1. Despertados (Efeito Indutor)"
"1701101";"APARECIDA DO RIO NEGRO";"TO";"Pequeno Porte I";"0,000000000000000000";"5,04279920603792142";"1. Despertados (Efeito Indutor)"
"1701309";"ARAGOMINAS";"TO";"Pequeno Porte I";"0,610561332792166733";"0,00000000000000000";"2. Constantes (Sustentabilidade)"
"1701903";"ARAGUACEMA";"TO";"Pequeno Porte I";"6,114385368796866338";"61,88545463644651079";"1. Despertados (Efeito Indutor)"
"1702000";"ARAGUACU";"TO";"Pequeno Porte I";"0,365360862465623659";"126,26939506663957502";"1. Despertados (Efeito Indutor)"
"1702109";"ARAGUAINA";"TO";"Grande Porte";"33,205037040375671609";"29,53415950930428835";"2. Constantes (Sustentabilidade)"
"1702208";"ARAGUATINS";"TO";"Pequeno Porte II";"1,247058686628830682";"77,51081003993425611";"1. Despertados (Efeito Indutor)"
"1702307";"ARAPOEMA";"TO";"Pequeno Porte I";"0,000000000000000000";"28,04734313138991908";"1. Despertados (Efeito Indutor)"
"1702406";"ARRAIAS";"TO";"Pequeno Porte I";"119,524261910197253655";"125,26902413315553986";"2. Constantes (Sustentabilidade)"
"1702554";"AUGUSTINOPOLIS";"TO";"Pequeno Porte I";"8,902860627181414799";"61,00882663281146989";"1. Despertados (Efeito Indutor)"
"1702901";"AXIXA DO TOCANTINS";"TO";"Pequeno Porte I";"3,939578339952736652";"156,18034010339374618";"1. Despertados (Efeito Indutor)"
"1703008";"BABACULANDIA";"TO";"Pequeno Porte I";"11,736976689291061859";"60,26150031315746958";"1. Despertados (Efeito Indutor)"
"1703057";"BANDEIRANTES DO TOCANTINS";"TO";"Pequeno Porte I";"0,000000000000000000";"58,70267097152920144";"1. Despertados (Efeito Indutor)"
"1703073";"BARRA DO OURO";"TO";"Pequeno Porte I";"3,639621253141519297";"2,86711676037182706";"2. Constantes (Sustentabilidade)"
"1703107";"BARROLANDIA";"TO";"Pequeno Porte I";"16,803316502316473446";"2,42793107183035772";"4. Efeito Substituição (Retração Local)"
"1703206";"BERNARDO SAYAO";"TO";"Pequeno Porte I";"20,527510521158227164";"0,11902426580209247";"4. Efeito Substituição (Retração Local)"
"1703800";"BURITI DO TOCANTINS";"TO";"Pequeno Porte I";"8,745517542375800701";"31,38572338048084731";"1. Despertados (Efeito Indutor)"
"1703842";"CAMPOS LINDOS";"TO";"Pequeno Porte I";"0,000000000000000000";"35,30567433260141286";"1. Despertados (Efeito Indutor)"
"1703909";"CASEARA";"TO";"Pequeno Porte I";"0,000000000000000000";"7,62462244687435486";"1. Despertados (Efeito Indutor)"
"1704105";"CENTENARIO";"TO";"Pequeno Porte I";"0,000000000000000000";"36,05176795113388977";"1. Despertados (Efeito Indutor)"
"1704600";"CHAPADA DE AREIA";"TO";"Pequeno Porte I";"0,000000000000000000";"41,62340518526296762";"1. Despertados (Efeito Indutor)"
"1705508";"COLINAS DO TOCANTINS";"TO";"Pequeno Porte II";"0,241534945614016866";"12,86804447170702836";"1. Despertados (Efeito Indutor)"
"1705557";"COMBINADO";"TO";"Pequeno Porte I";"13,131486541269485002";"0,98931339023862264";"4. Efeito Substituição (Retração Local)"
"1706001";"COUTO MAGALHAES";"TO";"Pequeno Porte I";"8,764984760011921949";"172,37657661726677816";"1. Despertados (Efeito Indutor)"
"1706100";"CRISTALANDIA";"TO";"Pequeno Porte I";"0,000000000000000000";"82,86428555757171921";"1. Despertados (Efeito Indutor)"
"1706258";"CRIXAS DO TOCANTINS";"TO";"Pequeno Porte I";"0,000000000000000000";"1,32573137820689668";"2. Constantes (Sustentabilidade)"
"1706506";"DARCINOPOLIS";"TO";"Pequeno Porte I";"4,582847185348096986";"5,96616783936845696";"2. Constantes (Sustentabilidade)"
"1707009";"DIANOPOLIS";"TO";"Pequeno Porte I";"116,171283089725349669";"136,80071180451562896";"2. Constantes (Sustentabilidade)"
"1707306";"DUERE";"TO";"Pequeno Porte I";"14,229925860664836890";"0,60388639041389491";"4. Efeito Substituição (Retração Local)"
"1707405";"ESPERANTINA";"TO";"Pequeno Porte I";"22,533717385580644077";"70,25384570516288818";"1. Despertados (Efeito Indutor)"
"1707652";"FIGUEIROPOLIS";"TO";"Pequeno Porte I";"0,000000000000000000";"73,96740471613537693";"1. Despertados (Efeito Indutor)"
"1707702";"FILADELFIA";"TO";"Pequeno Porte I";"40,569438629057898993";"50,41281873441473493";"2. Constantes (Sustentabilidade)"
"1708205";"FORMOSO DO ARAGUAIA";"TO";"Pequeno Porte I";"0,000000000000000000";"6,32277945625618010";"1. Despertados (Efeito Indutor)"
"1708254";"TABOCAO";"TO";"Pequeno Porte I";"0,000000000000000000";"143,70426919632046747";"1. Despertados (Efeito Indutor)"
"1709005";"GOIATINS";"TO";"Pequeno Porte I";"10,498623495110795290";"8,68325794346398361";"2. Constantes (Sustentabilidade)"
"1709302";"GUARAI";"TO";"Pequeno Porte II";"16,155213816440443964";"25,14031492642399002";"1. Despertados (Efeito Indutor)"
"1709500";"GURUPI";"TO";"Médio Porte";"45,464183750783334403";"86,75603516544757099";"1. Despertados (Efeito Indutor)"
"1709807";"IPUEIRAS";"TO";"Pequeno Porte I";"10,051020586097171972";"62,41655873998995219";"1. Despertados (Efeito Indutor)"
"1710508";"ITACAJA";"TO";"Pequeno Porte I";"5,563634144314925756";"37,95824258151012032";"1. Despertados (Efeito Indutor)"
"1710706";"ITAGUATINS";"TO";"Pequeno Porte I";"4,466911947966333507";"24,24989365815931919";"1. Despertados (Efeito Indutor)"
"1711100";"ITAPORA DO TOCANTINS";"TO";"Pequeno Porte I";"0,000000000000000000";"1,76344217970049910";"2. Constantes (Sustentabilidade)"
"1711803";"JUARINA";"TO";"Pequeno Porte I";"0,000000000000000000";"0,66874721355327682";"2. Constantes (Sustentabilidade)"
"1711902";"LAGOA DA CONFUSAO";"TO";"Pequeno Porte I";"3,446125351076088084";"175,71343005228277434";"1. Despertados (Efeito Indutor)"
"1712702";"MATEIROS";"TO";"Pequeno Porte I";"2,899454275828536876";"193,66539301310044152";"1. Despertados (Efeito Indutor)"
"1713205";"MIRACEMA DO TOCANTINS";"TO";"Pequeno Porte I";"29,243585938358862109";"150,41377317779944178";"1. Despertados (Efeito Indutor)"
"1713304";"MIRANORTE";"TO";"Pequeno Porte I";"23,984403778426830911";"33,84705595318233406";"1. Despertados (Efeito Indutor)"
"1714302";"NAZARE";"TO";"Pequeno Porte I";"0,428648898536239165";"197,98956439375717764";"1. Despertados (Efeito Indutor)"
"1714880";"NOVA OLINDA";"TO";"Pequeno Porte I";"3,441523571326747799";"1,16023611707034990";"2. Constantes (Sustentabilidade)"
"1715002";"NOVA ROSALANDIA";"TO";"Pequeno Porte I";"24,890204029111163919";"111,12217632930260436";"1. Despertados (Efeito Indutor)"
"1715705";"PALMEIRANTE";"TO";"Pequeno Porte I";"0,000000000000000000";"123,58930804501875400";"1. Despertados (Efeito Indutor)"
"1715754";"PALMEIROPOLIS";"TO";"Pequeno Porte I";"1,600514920978986622";"145,30947811430255001";"1. Despertados (Efeito Indutor)"
"1716109";"PARAISO DO TOCANTINS";"TO";"Médio Porte";"33,237916113318384248";"29,64702777024442071";"2. Constantes (Sustentabilidade)"
"1716208";"PARANA";"TO";"Pequeno Porte I";"0,000000000000000000";"119,01811088977423481";"1. Despertados (Efeito Indutor)"
"1716307";"PAU D'ARCO";"TO";"Pequeno Porte I";"0,000000000000000000";"1,16879035939544762";"2. Constantes (Sustentabilidade)"
"1716604";"PEIXE";"TO";"Pequeno Porte I";"72,462990901542255529";"148,92358147845268945";"1. Despertados (Efeito Indutor)"
"1716703";"COLMEIA";"TO";"Pequeno Porte I";"0,000000000000000000";"80,42481875353304588";"1. Despertados (Efeito Indutor)"
"1717206";"PIRAQUE";"TO";"Pequeno Porte I";"2,830735714698126237";"0,06134969325153374";"2. Constantes (Sustentabilidade)"
"1717503";"PIUM";"TO";"Pequeno Porte I";"53,189709422472390088";"145,74847500669216060";"1. Despertados (Efeito Indutor)"
"1717909";"PONTE ALTA DO TOCANTINS";"TO";"Pequeno Porte I";"11,227434946280762773";"0,54837356634982326";"4. Efeito Substituição (Retração Local)"
"1718006";"PORTO ALEGRE DO TOCANTINS";"TO";"Pequeno Porte I";"0,000000000000000000";"17,71122865946570357";"1. Despertados (Efeito Indutor)"
"1718204";"PORTO NACIONAL";"TO";"Médio Porte";"25,311320143263401405";"49,53934188576530318";"1. Despertados (Efeito Indutor)"
"1718303";"PRAIA NORTE";"TO";"Pequeno Porte I";"25,290763475671585780";"89,26198647440020295";"1. Despertados (Efeito Indutor)"
"1718808";"SAMPAIO";"TO";"Pequeno Porte I";"11,387868344510351903";"128,74876801187582487";"1. Despertados (Efeito Indutor)"
"1718840";"SANDOLANDIA";"TO";"Pequeno Porte I";"0,000000000000000000";"24,77878889163609699";"1. Despertados (Efeito Indutor)"
"1718865";"SANTA FE DO ARAGUAIA";"TO";"Pequeno Porte I";"0,000000000000000000";"0,29751800776549753";"2. Constantes (Sustentabilidade)"
"1720101";"SAO BENTO DO TOCANTINS";"TO";"Pequeno Porte I";"0,000000000000000000";"190,15519406903536037";"1. Despertados (Efeito Indutor)"
"1720200";"SAO MIGUEL DO TOCANTINS";"TO";"Pequeno Porte I";"96,977126624623949169";"128,75773188133732106";"1. Despertados (Efeito Indutor)"
"1720259";"SAO SALVADOR DO TOCANTINS";"TO";"Pequeno Porte I";"5,380190585998938069";"42,33683929102549115";"1. Despertados (Efeito Indutor)"
"1720309";"SAO SEBASTIAO DO TOCANTINS";"TO";"Pequeno Porte I";"106,807213643448633889";"76,75891431136285803";"4. Efeito Substituição (Retração Local)"
"1720499";"SAO VALERIO";"TO";"Pequeno Porte I";"22,266790110826562454";"36,96470456885741385";"1. Despertados (Efeito Indutor)"
"1720804";"SITIO NOVO DO TOCANTINS";"TO";"Pequeno Porte I";"19,666667329842706380";"193,79068668793104280";"1. Despertados (Efeito Indutor)"
"1720937";"TAIPAS DO TOCANTINS";"TO";"Pequeno Porte I";"2,834486124371395022";"18,90272390445489492";"1. Despertados (Efeito Indutor)"
"1720978";"TALISMA";"TO";"Pequeno Porte I";"0,000000000000000000";"0,40795081938581079";"2. Constantes (Sustentabilidade)"
"1721000";"PALMAS";"TO";"Grande Porte";"53,223247843841342331";"86,04468071712696542";"1. Despertados (Efeito Indutor)"
"1721109";"TOCANTINIA";"TO";"Pequeno Porte I";"3,052045196816179029";"1,37703706106553070";"2. Constantes (Sustentabilidade)"
"1721208";"TOCANTINOPOLIS";"TO";"Pequeno Porte II";"16,756808359072440595";"26,33563179815261535";"1. Despertados (Efeito Indutor)"
"1721307";"TUPIRATINS";"TO";"Pequeno Porte I";"11,750265060811903695";"31,15965958326848906";"1. Despertados (Efeito Indutor)"
"1722081";"WANDERLANDIA";"TO";"Pequeno Porte I";"15,246820675522670285";"83,86432576588811116";"1. Despertados (Efeito Indutor)"
"1722107";"XAMBIOA";"TO";"Pequeno Porte I";"3,710704479586540927";"46,29923190157894908";"1. Despertados (Efeito Indutor)"
"2100055";"ACAILANDIA";"MA";"Grande Porte";"24,786147418315472635";"23,66386471728912966";"2. Constantes (Sustentabilidade)"
"2100154";"AGUA DOCE DO MARANHAO";"MA";"Pequeno Porte I";"25,536770486342774689";"38,15589760122971086";"1. Despertados (Efeito Indutor)"
"2100204";"ALCANTARA";"MA";"Pequeno Porte I";"0,000000000000000000";"83,47891228224114002";"1. Despertados (Efeito Indutor)"
"2100303";"ALDEIAS ALTAS";"MA";"Pequeno Porte II";"16,774246403792606230";"80,47211528972222538";"1. Despertados (Efeito Indutor)"
"2100402";"ALTAMIRA DO MARANHAO";"MA";"Pequeno Porte I";"26,819242774959057840";"167,33962674654429748";"1. Despertados (Efeito Indutor)"
"2100436";"ALTO ALEGRE DO MARANHAO";"MA";"Pequeno Porte II";"10,988903386191500644";"32,96971706807723024";"1. Despertados (Efeito Indutor)"
"2100477";"ALTO ALEGRE DO PINDARE";"MA";"Pequeno Porte II";"23,865065926378878913";"170,67651469905666772";"1. Despertados (Efeito Indutor)"
"2100550";"AMAPA DO MARANHAO";"MA";"Pequeno Porte I";"29,090627799200579062";"22,29357670850767192";"2. Constantes (Sustentabilidade)"
"2100600";"AMARANTE DO MARANHAO";"MA";"Pequeno Porte II";"38,706032268447117417";"4,06547711579947180";"4. Efeito Substituição (Retração Local)"
"2100709";"ANAJATUBA";"MA";"Pequeno Porte II";"5,994939742994882970";"21,48825325613874782";"1. Despertados (Efeito Indutor)"
"2100808";"ANAPURUS";"MA";"Pequeno Porte I";"6,519217392960229951";"0,00000000000000000";"4. Efeito Substituição (Retração Local)"
"2100832";"APICUM-ACU";"MA";"Pequeno Porte I";"26,445126823877391331";"16,74234518344787048";"2. Constantes (Sustentabilidade)"
"2100873";"ARAGUANA";"MA";"Pequeno Porte I";"0,000000000000000000";"37,28973656520865632";"1. Despertados (Efeito Indutor)"
"2100907";"ARAIOSES";"MA";"Pequeno Porte II";"0,000000000000000000";"59,78776163751325612";"1. Despertados (Efeito Indutor)"
"2100956";"ARAME";"MA";"Pequeno Porte II";"28,800098700815148334";"33,49773786255638441";"2. Constantes (Sustentabilidade)"
"2101004";"ARARI";"MA";"Pequeno Porte II";"14,750178151810567684";"63,29843416929554678";"1. Despertados (Efeito Indutor)"
"2101103";"AXIXA";"MA";"Pequeno Porte I";"23,568465316348618188";"44,28077337213956355";"1. Despertados (Efeito Indutor)"
"2101202";"BACABAL";"MA";"Grande Porte";"32,531385622258802925";"31,68826483661225524";"2. Constantes (Sustentabilidade)"
"2101251";"BACABEIRA";"MA";"Pequeno Porte I";"41,423696699228692353";"61,20263940693799043";"1. Despertados (Efeito Indutor)"
"2101301";"BACURI";"MA";"Pequeno Porte I";"15,520821398577998806";"11,86353928790669165";"2. Constantes (Sustentabilidade)"
"2101350";"BACURITUBA";"MA";"Pequeno Porte I";"64,463328517932382056";"35,02951256664128010";"4. Efeito Substituição (Retração Local)"
"2101400";"BALSAS";"MA";"Grande Porte";"38,112261344192091883";"69,10443754960861895";"1. Despertados (Efeito Indutor)"
"2101509";"BARAO DE GRAJAU";"MA";"Pequeno Porte I";"11,944989575321628195";"88,85445182842811107";"1. Despertados (Efeito Indutor)"
"2101608";"BARRA DO CORDA";"MA";"Médio Porte";"35,545344359588476379";"52,09261920844677007";"1. Despertados (Efeito Indutor)"
"2101707";"BARREIRINHAS";"MA";"Médio Porte";"16,626276091453991768";"40,05777448042189803";"1. Despertados (Efeito Indutor)"
"2101731";"BELAGUA";"MA";"Pequeno Porte I";"8,325448936786132847";"126,91550106635760642";"1. Despertados (Efeito Indutor)"
"2101772";"BELA VISTA DO MARANHAO";"MA";"Pequeno Porte I";"16,356240319637166181";"67,30158864828138121";"1. Despertados (Efeito Indutor)"
"2101806";"BENEDITO LEITE";"MA";"Pequeno Porte I";"46,845804452409204544";"104,76132428187824530";"1. Despertados (Efeito Indutor)"
"2101905";"BEQUIMAO";"MA";"Pequeno Porte I";"0,000000000000000000";"17,26224789082570155";"1. Despertados (Efeito Indutor)"
"2101970";"BOA VISTA DO GURUPI";"MA";"Pequeno Porte I";"5,629030465567919528";"0,00000000000000000";"2. Constantes (Sustentabilidade)"
"2102002";"BOM JARDIM";"MA";"Pequeno Porte II";"19,282808514996638394";"56,68616026442695954";"1. Despertados (Efeito Indutor)"
"2102036";"BOM JESUS DAS SELVAS";"MA";"Pequeno Porte II";"21,291140402984435553";"20,82986685496892321";"2. Constantes (Sustentabilidade)"
"2102077";"BOM LUGAR";"MA";"Pequeno Porte I";"0,000000000000000000";"97,96497109920491653";"1. Despertados (Efeito Indutor)"
"2102101";"BREJO";"MA";"Pequeno Porte II";"23,252164141681458176";"54,70368026308761955";"1. Despertados (Efeito Indutor)"
"2102150";"BREJO DE AREIA";"MA";"Pequeno Porte I";"15,596436209518948601";"45,61487192759553011";"1. Despertados (Efeito Indutor)"
"2102200";"BURITI";"MA";"Pequeno Porte II";"2,678264979636605592";"7,29301240665096273";"2. Constantes (Sustentabilidade)"
"2102309";"BURITI BRAVO";"MA";"Pequeno Porte II";"27,019871821018629277";"93,73967506892547874";"1. Despertados (Efeito Indutor)"
"2102325";"BURITICUPU";"MA";"Médio Porte";"9,405892438017447788";"54,86660776907019255";"1. Despertados (Efeito Indutor)"
"2102358";"BURITIRANA";"MA";"Pequeno Porte I";"9,701107666767471827";"24,91896159437097324";"1. Despertados (Efeito Indutor)"
"2102374";"CACHOEIRA GRANDE";"MA";"Pequeno Porte I";"21,235978776425081804";"12,92121314295036605";"2. Constantes (Sustentabilidade)"
"2102408";"CAJAPIO";"MA";"Pequeno Porte I";"0,000000000000000000";"128,46331218712350619";"1. Despertados (Efeito Indutor)"
"2102507";"CAJARI";"MA";"Pequeno Porte I";"33,391953752283860979";"34,11171653885165966";"2. Constantes (Sustentabilidade)"
"2102556";"CAMPESTRE DO MARANHAO";"MA";"Pequeno Porte I";"0,000000000000000000";"116,56006716507997112";"1. Despertados (Efeito Indutor)"
"2102606";"CANDIDO MENDES";"MA";"Pequeno Porte I";"5,083074296113826662";"135,14718035958730979";"1. Despertados (Efeito Indutor)"
"2102705";"CANTANHEDE";"MA";"Pequeno Porte II";"15,291640754261946356";"63,47327741386040856";"1. Despertados (Efeito Indutor)"
"2102754";"CAPINZAL DO NORTE";"MA";"Pequeno Porte I";"6,168840512945516608";"32,75675063608459681";"1. Despertados (Efeito Indutor)"
"2102804";"CAROLINA";"MA";"Pequeno Porte II";"36,236528465734778592";"102,10585476487717926";"1. Despertados (Efeito Indutor)"
"2102903";"CARUTAPERA";"MA";"Pequeno Porte II";"0,000000000000000000";"61,43697989831956363";"1. Despertados (Efeito Indutor)"
"2103000";"CAXIAS";"MA";"Grande Porte";"9,946594298074259655";"29,97952216713019880";"1. Despertados (Efeito Indutor)"
"2103109";"CEDRAL";"MA";"Pequeno Porte I";"3,384401997454283162";"10,97625129248447173";"1. Despertados (Efeito Indutor)"
"2103125";"CENTRAL DO MARANHAO";"MA";"Pequeno Porte I";"0,000000000000000000";"149,00278423962114971";"1. Despertados (Efeito Indutor)"
"2103158";"CENTRO DO GUILHERME";"MA";"Pequeno Porte I";"34,707205693965853754";"96,54130140569355945";"1. Despertados (Efeito Indutor)"
"2103174";"CENTRO NOVO DO MARANHAO";"MA";"Pequeno Porte I";"36,683411352007176731";"91,29773040661866901";"1. Despertados (Efeito Indutor)"
"2103208";"CHAPADINHA";"MA";"Médio Porte";"9,010750480465638645";"44,25852222842625849";"1. Despertados (Efeito Indutor)"
"2103257";"CIDELANDIA";"MA";"Pequeno Porte I";"0,000000000000000000";"104,43815727808471649";"1. Despertados (Efeito Indutor)"
"2103307";"CODO";"MA";"Grande Porte";"4,183073101462640331";"44,89710398359939347";"1. Despertados (Efeito Indutor)"
"2103406";"COELHO NETO";"MA";"Pequeno Porte II";"15,626139724706025191";"87,71230543445437888";"1. Despertados (Efeito Indutor)"
"2103505";"COLINAS";"MA";"Pequeno Porte II";"30,504115075136756019";"64,92197510937984362";"1. Despertados (Efeito Indutor)"
"2103554";"CONCEICAO DO LAGO-ACU";"MA";"Pequeno Porte I";"37,974446750002925910";"36,18589864040578874";"2. Constantes (Sustentabilidade)"
"2103604";"COROATA";"MA";"Médio Porte";"15,008812819602621147";"14,78162687071813508";"2. Constantes (Sustentabilidade)"
"2103703";"CURURUPU";"MA";"Pequeno Porte II";"0,000000000000000000";"72,53932473538364434";"1. Despertados (Efeito Indutor)"
"2103752";"DAVINOPOLIS";"MA";"Pequeno Porte I";"32,492229250869570478";"86,58101608452852815";"1. Despertados (Efeito Indutor)"
"2103802";"DOM PEDRO";"MA";"Pequeno Porte II";"17,242809306037212735";"33,19902750381344703";"1. Despertados (Efeito Indutor)"
"2103901";"DUQUE BACELAR";"MA";"Pequeno Porte I";"7,614188961786222620";"24,08781560409103761";"1. Despertados (Efeito Indutor)"
"2104008";"ESPERANTINOPOLIS";"MA";"Pequeno Porte I";"8,668498997685246010";"29,49812002797357735";"1. Despertados (Efeito Indutor)"
"2104057";"ESTREITO";"MA";"Pequeno Porte II";"38,075672336644302618";"123,76538668857861580";"1. Despertados (Efeito Indutor)"
"2104073";"FEIRA NOVA DO MARANHAO";"MA";"Pequeno Porte I";"17,806249411506406943";"35,69472270839091266";"1. Despertados (Efeito Indutor)"
"2104081";"FERNANDO FALCAO";"MA";"Pequeno Porte I";"31,559029745055877214";"28,18734792871836703";"2. Constantes (Sustentabilidade)"
"2104099";"FORMOSA DA SERRA NEGRA";"MA";"Pequeno Porte I";"0,000000000000000000";"20,22261630427368218";"1. Despertados (Efeito Indutor)"
"2104107";"FORTALEZA DOS NOGUEIRAS";"MA";"Pequeno Porte I";"53,479726588012731270";"35,18789091068263275";"4. Efeito Substituição (Retração Local)"
"2104206";"FORTUNA";"MA";"Pequeno Porte I";"5,365358064518723324";"99,31750096789426152";"1. Despertados (Efeito Indutor)"
"2104305";"GODOFREDO VIANA";"MA";"Pequeno Porte I";"160,931495532847861796";"83,50021740842204565";"4. Efeito Substituição (Retração Local)"
"2104404";"GONCALVES DIAS";"MA";"Pequeno Porte I";"33,390310035821300971";"53,94406273025086307";"1. Despertados (Efeito Indutor)"
"2104503";"GOVERNADOR ARCHER";"MA";"Pequeno Porte I";"40,907901896255573604";"31,29632628744908729";"2. Constantes (Sustentabilidade)"
"2104552";"GOVERNADOR EDISON LOBAO";"MA";"Pequeno Porte I";"15,268014454282418768";"6,68522959223517788";"4. Efeito Substituição (Retração Local)"
"2104602";"GOVERNADOR EUGENIO BARROS";"MA";"Pequeno Porte I";"29,279298465178914768";"13,52837518189411981";"4. Efeito Substituição (Retração Local)"
"2104628";"GOVERNADOR LUIZ ROCHA";"MA";"Pequeno Porte I";"0,000000000000000000";"47,27985594533801361";"1. Despertados (Efeito Indutor)"
"2104651";"GOVERNADOR NEWTON BELLO";"MA";"Pequeno Porte I";"0,000000000000000000";"123,13332511750651577";"1. Despertados (Efeito Indutor)"
"2104677";"GOVERNADOR NUNES FREIRE";"MA";"Pequeno Porte II";"19,888643420967998310";"65,00775203116343448";"1. Despertados (Efeito Indutor)"
"2104701";"GRACA ARANHA";"MA";"Pequeno Porte I";"1,391798633862078249";"12,75858407278453299";"1. Despertados (Efeito Indutor)"
"2104800";"GRAJAU";"MA";"Médio Porte";"2,929192879370745572";"87,86471953716547034";"1. Despertados (Efeito Indutor)"
"2104909";"GUIMARAES";"MA";"Pequeno Porte I";"39,028499457656934624";"75,44838061960695086";"1. Despertados (Efeito Indutor)"
"2105005";"HUMBERTO DE CAMPOS";"MA";"Pequeno Porte II";"35,900602655896278748";"73,99414619223166767";"1. Despertados (Efeito Indutor)"
"2105104";"ICATU";"MA";"Pequeno Porte II";"0,000000000000000000";"9,08443172727866610";"1. Despertados (Efeito Indutor)"
"2105153";"IGARAPE DO MEIO";"MA";"Pequeno Porte I";"53,065232359055883649";"132,99760907599272741";"1. Despertados (Efeito Indutor)"
"2105203";"IGARAPE GRANDE";"MA";"Pequeno Porte I";"80,225576574134592533";"53,46775277637708257";"4. Efeito Substituição (Retração Local)"
"2105302";"IMPERATRIZ";"MA";"Grande Porte";"15,103504715090201316";"11,69282319288397076";"2. Constantes (Sustentabilidade)"
"2105351";"ITAIPAVA DO GRAJAU";"MA";"Pequeno Porte I";"4,359809894034084365";"31,34486526479161483";"1. Despertados (Efeito Indutor)"
"2105401";"ITAPECURU MIRIM";"MA";"Médio Porte";"8,268702422290123977";"41,85905848817679953";"1. Despertados (Efeito Indutor)"
"2105427";"ITINGA DO MARANHAO";"MA";"Pequeno Porte II";"7,521611170988166784";"32,12265278531362611";"1. Despertados (Efeito Indutor)"
"2105450";"JATOBA";"MA";"Pequeno Porte I";"29,157969623996407904";"117,36835908643709558";"1. Despertados (Efeito Indutor)"
"2105476";"JENIPAPO DOS VIEIRAS";"MA";"Pequeno Porte I";"7,611264153603620741";"7,73517527198990607";"2. Constantes (Sustentabilidade)"
"2105500";"JOAO LISBOA";"MA";"Pequeno Porte II";"9,977576395419402999";"37,52464711502696559";"1. Despertados (Efeito Indutor)"
"2105609";"JOSELANDIA";"MA";"Pequeno Porte I";"4,311109585457892912";"27,17528244126804537";"1. Despertados (Efeito Indutor)"
"2105658";"JUNCO DO MARANHAO";"MA";"Pequeno Porte I";"20,318427088692814664";"34,44456999875390579";"1. Despertados (Efeito Indutor)"
"2105708";"LAGO DA PEDRA";"MA";"Pequeno Porte II";"29,234834946689215229";"29,51788977258582491";"2. Constantes (Sustentabilidade)"
"2105807";"LAGO DO JUNCO";"MA";"Pequeno Porte I";"20,872139423044558271";"83,04734123847578076";"1. Despertados (Efeito Indutor)"
"2105906";"LAGO VERDE";"MA";"Pequeno Porte I";"6,603638562286485048";"128,24398165543618688";"1. Despertados (Efeito Indutor)"
"2105922";"LAGOA DO MATO";"MA";"Pequeno Porte I";"21,938051751349348706";"15,67923803407516559";"2. Constantes (Sustentabilidade)"
"2105948";"LAGO DOS RODRIGUES";"MA";"Pequeno Porte I";"16,341856027546420194";"65,97608389200954093";"1. Despertados (Efeito Indutor)"
"2105963";"LAGOA GRANDE DO MARANHAO";"MA";"Pequeno Porte I";"7,132828862663934899";"0,00000000000000000";"4. Efeito Substituição (Retração Local)"
"2105989";"LAJEADO NOVO";"MA";"Pequeno Porte I";"0,000000000000000000";"7,30177076460787955";"1. Despertados (Efeito Indutor)"
"2106003";"LIMA CAMPOS";"MA";"Pequeno Porte I";"64,470447163256608292";"153,08558326075200284";"1. Despertados (Efeito Indutor)"
"2106102";"LORETO";"MA";"Pequeno Porte I";"27,212116622872894567";"135,27165822562540143";"1. Despertados (Efeito Indutor)"
"2106201";"LUIS DOMINGUES";"MA";"Pequeno Porte I";"13,586921009926703263";"6,99790751756339802";"2. Constantes (Sustentabilidade)"
"2106300";"MAGALHAES DE ALMEIDA";"MA";"Pequeno Porte I";"15,530818012358588831";"55,20469717844346746";"1. Despertados (Efeito Indutor)"
"2106326";"MARACACUME";"MA";"Pequeno Porte II";"0,000000000000000000";"9,43425867199054835";"1. Despertados (Efeito Indutor)"
"2106359";"MARAJA DO SENA";"MA";"Pequeno Porte I";"0,000000000000000000";"70,16572194167031284";"1. Despertados (Efeito Indutor)"
"2106409";"MATA ROMA";"MA";"Pequeno Porte I";"39,188412374877557909";"88,81651231167592186";"1. Despertados (Efeito Indutor)"
"2106508";"MATINHA";"MA";"Pequeno Porte II";"48,133932628721836977";"25,50056767263190594";"4. Efeito Substituição (Retração Local)"
"2106607";"MATOES";"MA";"Pequeno Porte II";"15,239635959967387180";"55,55536506019380738";"1. Despertados (Efeito Indutor)"
"2106631";"MATOES DO NORTE";"MA";"Pequeno Porte I";"0,000000000000000000";"44,80397139355531522";"1. Despertados (Efeito Indutor)"
"2106672";"MILAGRES DO MARANHAO";"MA";"Pequeno Porte I";"0,000000000000000000";"5,11516811530048887";"1. Despertados (Efeito Indutor)"
"2106706";"MIRADOR";"MA";"Pequeno Porte II";"7,218443374803443113";"38,16185401806942679";"1. Despertados (Efeito Indutor)"
"2106755";"MIRANDA DO NORTE";"MA";"Pequeno Porte II";"12,700200741372377422";"138,02512790588025382";"1. Despertados (Efeito Indutor)"
"2106805";"MIRINZAL";"MA";"Pequeno Porte I";"0,000000000000000000";"74,65409727772862425";"1. Despertados (Efeito Indutor)"
"2106904";"MONCAO";"MA";"Pequeno Porte II";"24,075787433626029355";"72,22169790374597653";"1. Despertados (Efeito Indutor)"
"2107001";"MONTES ALTOS";"MA";"Pequeno Porte I";"30,515287291868020247";"27,77326635836345758";"2. Constantes (Sustentabilidade)"
"2107100";"MORROS";"MA";"Pequeno Porte I";"15,093088376277083995";"46,73392270547715555";"1. Despertados (Efeito Indutor)"
"2107209";"NINA RODRIGUES";"MA";"Pequeno Porte I";"2,878721397630182199";"8,90761275498408622";"1. Despertados (Efeito Indutor)"
"2107258";"NOVA COLINAS";"MA";"Pequeno Porte I";"8,491192341408369870";"68,61531113725460784";"1. Despertados (Efeito Indutor)"
"2107308";"NOVA IORQUE";"MA";"Pequeno Porte I";"7,899973576344286208";"95,19275149368017708";"1. Despertados (Efeito Indutor)"
"2107357";"NOVA OLINDA DO MARANHAO";"MA";"Pequeno Porte I";"69,671525198304806281";"95,40454798384064361";"1. Despertados (Efeito Indutor)"
"2107407";"OLHO D'AGUA DAS CUNHAS";"MA";"Pequeno Porte I";"95,554326637189689109";"65,35278499269583108";"4. Efeito Substituição (Retração Local)"
"2107456";"OLINDA NOVA DO MARANHAO";"MA";"Pequeno Porte I";"55,496744985260306748";"84,88733891184270419";"1. Despertados (Efeito Indutor)"
"2107506";"PACO DO LUMIAR";"MA";"Grande Porte";"25,584153781292471308";"12,28701391235325957";"4. Efeito Substituição (Retração Local)"
"2107605";"PALMEIRANDIA";"MA";"Pequeno Porte II";"18,234997221922544242";"54,25780782391471746";"1. Despertados (Efeito Indutor)"
"2107704";"PARAIBANO";"MA";"Pequeno Porte I";"8,451431870510852207";"43,69373134903179334";"1. Despertados (Efeito Indutor)"
"2107803";"PARNARAMA";"MA";"Pequeno Porte II";"8,574399027553209152";"59,15274202870718057";"1. Despertados (Efeito Indutor)"
"2107902";"PASSAGEM FRANCA";"MA";"Pequeno Porte I";"13,243139980960762614";"44,08513553995324230";"1. Despertados (Efeito Indutor)"
"2108009";"PASTOS BONS";"MA";"Pequeno Porte I";"10,389453481781703914";"73,49658608061696441";"1. Despertados (Efeito Indutor)"
"2108058";"PAULINO NEVES";"MA";"Pequeno Porte I";"12,883150860253339332";"40,19543457762973304";"1. Despertados (Efeito Indutor)"
"2108108";"PAULO RAMOS";"MA";"Pequeno Porte II";"0,000000000000000000";"111,23614618028432233";"1. Despertados (Efeito Indutor)"
"2108207";"PEDREIRAS";"MA";"Pequeno Porte II";"53,516503887505749049";"55,23407726084548131";"2. Constantes (Sustentabilidade)"
"2108256";"PEDRO DO ROSARIO";"MA";"Pequeno Porte II";"5,502775330877163640";"53,35613471205972758";"1. Despertados (Efeito Indutor)"
"2108306";"PENALVA";"MA";"Pequeno Porte II";"30,541047852257982242";"58,13428683700436039";"1. Despertados (Efeito Indutor)"
"2108405";"PERI MIRIM";"MA";"Pequeno Porte I";"0,000000000000000000";"79,71182817974812451";"1. Despertados (Efeito Indutor)"
"2108454";"PERITORO";"MA";"Pequeno Porte II";"32,161481436591486727";"77,76697058536612417";"1. Despertados (Efeito Indutor)"
"2108504";"PINDARE-MIRIM";"MA";"Pequeno Porte II";"24,800938517552857832";"98,06865889355586319";"1. Despertados (Efeito Indutor)"
"2108603";"PINHEIRO";"MA";"Médio Porte";"8,452787401771869824";"49,57831395418916998";"1. Despertados (Efeito Indutor)"
"2108702";"PIO XII";"MA";"Pequeno Porte II";"49,750642823177862795";"34,28968095287250151";"4. Efeito Substituição (Retração Local)"
"2108801";"PIRAPEMAS";"MA";"Pequeno Porte I";"49,712472376922214323";"67,22296206878876035";"1. Despertados (Efeito Indutor)"
"2108900";"POCAO DE PEDRAS";"MA";"Pequeno Porte I";"34,843749572176371032";"84,87960099068259012";"1. Despertados (Efeito Indutor)"
"2109007";"PORTO FRANCO";"MA";"Pequeno Porte II";"76,394963421863522512";"166,47222354612557638";"1. Despertados (Efeito Indutor)"
"2109056";"PORTO RICO DO MARANHAO";"MA";"Pequeno Porte I";"10,849410313975687004";"44,80220951279206076";"1. Despertados (Efeito Indutor)"
"2109106";"PRESIDENTE DUTRA";"MA";"Pequeno Porte II";"29,835968224566066453";"30,21416232669860591";"2. Constantes (Sustentabilidade)"
"2109205";"PRESIDENTE JUSCELINO";"MA";"Pequeno Porte I";"0,834515670537660847";"0,39981826325584086";"2. Constantes (Sustentabilidade)"
"2109270";"PRESIDENTE SARNEY";"MA";"Pequeno Porte I";"13,582048325701068237";"120,60567732392665619";"1. Despertados (Efeito Indutor)"
"2109304";"PRESIDENTE VARGAS";"MA";"Pequeno Porte I";"9,412832207049115496";"96,62161502430976157";"1. Despertados (Efeito Indutor)"
"2109403";"PRIMEIRA CRUZ";"MA";"Pequeno Porte I";"0,000000000000000000";"87,13680897829478056";"1. Despertados (Efeito Indutor)"
"2109452";"RAPOSA";"MA";"Pequeno Porte II";"19,908957604943420705";"15,19197206017022239";"2. Constantes (Sustentabilidade)"
"2109502";"RIACHAO";"MA";"Pequeno Porte II";"0,000000000000000000";"27,80865181656640317";"1. Despertados (Efeito Indutor)"
"2109551";"RIBAMAR FIQUENE";"MA";"Pequeno Porte I";"0,000000000000000000";"5,48561900326405194";"1. Despertados (Efeito Indutor)"
"2109601";"ROSARIO";"MA";"Pequeno Porte II";"37,073156614956708665";"39,14088200668050632";"2. Constantes (Sustentabilidade)"
"2109700";"SAMBAIBA";"MA";"Pequeno Porte I";"43,458459611358648544";"150,56974865391129015";"1. Despertados (Efeito Indutor)"
"2109759";"SANTA FILOMENA DO MARANHAO";"MA";"Pequeno Porte I";"19,430016853481422601";"43,47947741436379943";"1. Despertados (Efeito Indutor)"
"2109809";"SANTA HELENA";"MA";"Pequeno Porte II";"21,714057085050939122";"10,56869729011072501";"4. Efeito Substituição (Retração Local)"
"2109908";"SANTA INES";"MA";"Médio Porte";"0,000000000000000000";"39,57461644182144767";"1. Despertados (Efeito Indutor)"
"2110005";"SANTA LUZIA";"MA";"Médio Porte";"20,431478188349082359";"55,95034026120607962";"1. Despertados (Efeito Indutor)"
"2110039";"SANTA LUZIA DO PARUA";"MA";"Pequeno Porte II";"0,000000000000000000";"27,30023228347305775";"1. Despertados (Efeito Indutor)"
"2110104";"SANTA QUITERIA DO MARANHAO";"MA";"Pequeno Porte II";"10,200117280726091806";"38,75945701563793477";"1. Despertados (Efeito Indutor)"
"2110203";"SANTA RITA";"MA";"Pequeno Porte II";"15,077544094764839144";"23,05499602068127629";"2. Constantes (Sustentabilidade)"
"2110237";"SANTANA DO MARANHAO";"MA";"Pequeno Porte I";"0,000000000000000000";"9,42437685407304038";"1. Despertados (Efeito Indutor)"
"2110278";"SANTO AMARO DO MARANHAO";"MA";"Pequeno Porte I";"24,381807260228882228";"52,27646014007899566";"1. Despertados (Efeito Indutor)"
"2110401";"SAO BENEDITO DO RIO PRETO";"MA";"Pequeno Porte I";"73,869808821478770255";"46,15005022776502841";"4. Efeito Substituição (Retração Local)"
"2110500";"SAO BENTO";"MA";"Pequeno Porte II";"43,326118889890885555";"20,67534077439665907";"4. Efeito Substituição (Retração Local)"
"2110609";"SAO BERNARDO";"MA";"Pequeno Porte II";"12,268931769827666756";"25,06286494610079529";"1. Despertados (Efeito Indutor)"
"2110658";"SAO DOMINGOS DO AZEITAO";"MA";"Pequeno Porte I";"29,676616003177962000";"0,00000000000000000";"4. Efeito Substituição (Retração Local)"
"2110708";"SAO DOMINGOS DO MARANHAO";"MA";"Pequeno Porte II";"6,210338392160592136";"60,69503782646454226";"1. Despertados (Efeito Indutor)"
"2110807";"SAO FELIX DE BALSAS";"MA";"Pequeno Porte I";"1,085917034687967186";"112,68669331030110925";"1. Despertados (Efeito Indutor)"
"2110856";"SAO FRANCISCO DO BREJAO";"MA";"Pequeno Porte I";"13,840263587215272167";"156,23033209478035133";"1. Despertados (Efeito Indutor)"
"2110906";"SAO FRANCISCO DO MARANHAO";"MA";"Pequeno Porte I";"0,000000000000000000";"97,36112689818079957";"1. Despertados (Efeito Indutor)"
"2111003";"SAO JOAO BATISTA";"MA";"Pequeno Porte I";"39,431787336595796489";"88,03909877156252151";"1. Despertados (Efeito Indutor)"
"2111029";"SAO JOAO DO CARU";"MA";"Pequeno Porte I";"12,016664566538896253";"1,32106529312786369";"4. Efeito Substituição (Retração Local)"
"2111052";"SAO JOAO DO PARAISO";"MA";"Pequeno Porte I";"19,371798177958741149";"49,46023888088724618";"1. Despertados (Efeito Indutor)"
"2111078";"SAO JOAO DO SOTER";"MA";"Pequeno Porte I";"31,830157085335518019";"68,39436994433717132";"1. Despertados (Efeito Indutor)"
"2111102";"SAO JOAO DOS PATOS";"MA";"Pequeno Porte II";"24,813762509125925959";"6,86724709571642578";"4. Efeito Substituição (Retração Local)"
"2111201";"SAO JOSE DE RIBAMAR";"MA";"Grande Porte";"24,390254056605833455";"4,97546146296285130";"4. Efeito Substituição (Retração Local)"
"2111250";"SAO JOSE DOS BASILIOS";"MA";"Pequeno Porte I";"0,000000000000000000";"108,19121762031333844";"1. Despertados (Efeito Indutor)"
"2111300";"SAO LUIS";"MA";"Metrópole";"0,000000000000000000";"49,15491385897713883";"1. Despertados (Efeito Indutor)"
"2111409";"SAO LUIS GONZAGA DO MARANHAO";"MA";"Pequeno Porte I";"3,350985385652446524";"33,50856327765511367";"1. Despertados (Efeito Indutor)"
"2111508";"SAO MATEUS DO MARANHAO";"MA";"Pequeno Porte II";"11,934936999498217958";"81,64496641562405443";"1. Despertados (Efeito Indutor)"
"2111532";"SAO PEDRO DA AGUA BRANCA";"MA";"Pequeno Porte I";"8,131982295982341569";"53,38563116027307132";"1. Despertados (Efeito Indutor)"
"2111573";"SAO PEDRO DOS CRENTES";"MA";"Pequeno Porte I";"23,866752524720290296";"100,69925196398932599";"1. Despertados (Efeito Indutor)"
"2111607";"SAO RAIMUNDO DAS MANGABEIRAS";"MA";"Pequeno Porte I";"4,036047771360219194";"160,25105870476619430";"1. Despertados (Efeito Indutor)"
"2111631";"SAO RAIMUNDO DO DOCA BEZERRA";"MA";"Pequeno Porte I";"34,948902429020940019";"88,05379938041764376";"1. Despertados (Efeito Indutor)"
"2111672";"SAO ROBERTO";"MA";"Pequeno Porte I";"30,342576386814997136";"73,37171461901399994";"1. Despertados (Efeito Indutor)"
"2111706";"SAO VICENTE FERRER";"MA";"Pequeno Porte I";"0,000000000000000000";"44,59778722182262811";"1. Despertados (Efeito Indutor)"
"2111722";"SATUBINHA";"MA";"Pequeno Porte I";"7,353983266098730098";"0,00000000000000000";"4. Efeito Substituição (Retração Local)"
"2111748";"SENADOR ALEXANDRE COSTA";"MA";"Pequeno Porte I";"4,514330338212610094";"53,59039560108723776";"1. Despertados (Efeito Indutor)"
"2111763";"SENADOR LA ROCQUE";"MA";"Pequeno Porte I";"0,000000000000000000";"14,16935885262021877";"1. Despertados (Efeito Indutor)"
"2111789";"SERRANO DO MARANHAO";"MA";"Pequeno Porte I";"0,000000000000000000";"51,97158256580470237";"1. Despertados (Efeito Indutor)"
"2111805";"SITIO NOVO";"MA";"Pequeno Porte I";"24,154356790248314724";"53,36960945990698235";"1. Despertados (Efeito Indutor)"
"2111904";"SUCUPIRA DO NORTE";"MA";"Pequeno Porte I";"30,999806196297985394";"10,24254377757807966";"4. Efeito Substituição (Retração Local)"
"2112001";"TASSO FRAGOSO";"MA";"Pequeno Porte I";"108,710228701121820905";"191,20431415874932668";"1. Despertados (Efeito Indutor)"
"2112100";"TIMBIRAS";"MA";"Pequeno Porte II";"21,659564049139376607";"72,43407485656298661";"1. Despertados (Efeito Indutor)"
"2112209";"TIMON";"MA";"Grande Porte";"18,216383798573048125";"31,98062053124299808";"1. Despertados (Efeito Indutor)"
"2112233";"TRIZIDELA DO VALE";"MA";"Pequeno Porte II";"7,854793123835902335";"54,07783198014745096";"1. Despertados (Efeito Indutor)"
"2112274";"TUFILANDIA";"MA";"Pequeno Porte I";"8,104958270982015378";"28,90222298997220562";"1. Despertados (Efeito Indutor)"
"2112308";"TUNTUM";"MA";"Pequeno Porte II";"3,142464911811997386";"31,39284716909012474";"1. Despertados (Efeito Indutor)"
"2112407";"TURIACU";"MA";"Pequeno Porte II";"0,000000000000000000";"37,82807947374310942";"1. Despertados (Efeito Indutor)"
"2112456";"TURILANDIA";"MA";"Pequeno Porte II";"8,873436532481228767";"48,92902750502054232";"1. Despertados (Efeito Indutor)"
"2112506";"TUTOIA";"MA";"Médio Porte";"29,535668917254032095";"41,70495221881802905";"1. Despertados (Efeito Indutor)"
"2112605";"URBANO SANTOS";"MA";"Pequeno Porte II";"12,603075805840393997";"30,66723235106125145";"1. Despertados (Efeito Indutor)"
"2112704";"VARGEM GRANDE";"MA";"Pequeno Porte II";"31,081699465755843192";"26,35098994861521149";"2. Constantes (Sustentabilidade)"
"2112803";"VIANA";"MA";"Médio Porte";"24,168128226905857048";"41,79477688016360304";"1. Despertados (Efeito Indutor)"
"2112852";"VILA NOVA DOS MARTIRIOS";"MA";"Pequeno Porte I";"24,063493686192568788";"26,53466992188295137";"2. Constantes (Sustentabilidade)"
"2112902";"VITORIA DO MEARIM";"MA";"Pequeno Porte II";"1,023324974406514709";"98,95179175779401248";"1. Despertados (Efeito Indutor)"
"2114007";"ZE DOCA";"MA";"Pequeno Porte II";"0,956684148936007506";"92,70538977901472322";"1. Despertados (Efeito Indutor)"
"2200053";"ACAUA";"PI";"Pequeno Porte I";"12,435315340307411702";"0,00000000000000000";"4. Efeito Substituição (Retração Local)"
"2200103";"AGRICOLANDIA";"PI";"Pequeno Porte I";"3,220925196607720142";"177,27901526146635547";"1. Despertados (Efeito Indutor)"
"2200202";"AGUA BRANCA";"PI";"Pequeno Porte I";"53,880661955050065615";"143,37124000264503820";"1. Despertados (Efeito Indutor)"
"2200251";"ALAGOINHA DO PIAUI";"PI";"Pequeno Porte I";"12,508951400557416278";"0,00000000000000000";"4. Efeito Substituição (Retração Local)"
"2200277";"ALEGRETE DO PIAUI";"PI";"Pequeno Porte I";"13,806053965239726722";"31,22611210669640158";"1. Despertados (Efeito Indutor)"
"2200301";"ALTO LONGA";"PI";"Pequeno Porte I";"9,379971245879772823";"16,40170211026203262";"1. Despertados (Efeito Indutor)"
"2200400";"ALTOS";"PI";"Pequeno Porte II";"16,973428503115886912";"29,20713165088682217";"1. Despertados (Efeito Indutor)"
"2200459";"ALVORADA DO GURGUEIA";"PI";"Pequeno Porte I";"15,867679817201628012";"20,20703212625073419";"2. Constantes (Sustentabilidade)"
"2200509";"AMARANTE";"PI";"Pequeno Porte I";"46,427539330412074037";"139,02519163170123306";"1. Despertados (Efeito Indutor)"
"2200608";"ANGICAL DO PIAUI";"PI";"Pequeno Porte I";"6,623053817346930217";"85,54968162600206938";"1. Despertados (Efeito Indutor)"
"2200707";"ANISIO DE ABREU";"PI";"Pequeno Porte I";"18,524696319132981870";"73,01592132288615744";"1. Despertados (Efeito Indutor)"
"2200806";"ANTONIO ALMEIDA";"PI";"Pequeno Porte I";"101,093307062641557081";"158,20117423244545307";"1. Despertados (Efeito Indutor)"
"2200905";"AROAZES";"PI";"Pequeno Porte I";"4,733211554535738941";"142,04992613089902420";"1. Despertados (Efeito Indutor)"
"2200954";"AROEIRAS DO ITAIM";"PI";"Pequeno Porte I";"0,000000000000000000";"38,34636471979636951";"1. Despertados (Efeito Indutor)"
"2201002";"ARRAIAL";"PI";"Pequeno Porte I";"15,374956039541228137";"118,78594633330169472";"1. Despertados (Efeito Indutor)"
"2201101";"AVELINO LOPES";"PI";"Pequeno Porte I";"4,148243859828657065";"1,38388872235081095";"2. Constantes (Sustentabilidade)"
"2201150";"BAIXA GRANDE DO RIBEIRO";"PI";"Pequeno Porte I";"4,636488303975674796";"150,04618719524987114";"1. Despertados (Efeito Indutor)"
"2201176";"BARRA D'ALCANTARA";"PI";"Pequeno Porte I";"10,342292608574361168";"55,25601588366223638";"1. Despertados (Efeito Indutor)"
"2201200";"BARRAS";"PI";"Pequeno Porte II";"0,000000000000000000";"84,96716445673277462";"1. Despertados (Efeito Indutor)"
"2201309";"BARREIRAS DO PIAUI";"PI";"Pequeno Porte I";"40,868630612647564249";"19,25834818476880628";"4. Efeito Substituição (Retração Local)"
"2201408";"BARRO DURO";"PI";"Pequeno Porte I";"26,355184081469612778";"57,36319920662379701";"1. Despertados (Efeito Indutor)"
"2201507";"BATALHA";"PI";"Pequeno Porte II";"28,072219975242145296";"20,99871570978341140";"2. Constantes (Sustentabilidade)"
"2201556";"BELA VISTA DO PIAUI";"PI";"Pequeno Porte I";"0,145269122191782785";"26,33541432412613403";"1. Despertados (Efeito Indutor)"
"2201572";"BELEM DO PIAUI";"PI";"Pequeno Porte I";"23,216890403011060329";"190,87169593137826951";"1. Despertados (Efeito Indutor)"
"2201606";"BENEDITINOS";"PI";"Pequeno Porte I";"10,515204490791813186";"27,34901264246182961";"1. Despertados (Efeito Indutor)"
"2201705";"BERTOLINIA";"PI";"Pequeno Porte I";"10,520145878273895690";"57,94493025955556220";"1. Despertados (Efeito Indutor)"
"2201739";"BETANIA DO PIAUI";"PI";"Pequeno Porte I";"60,634023476541443642";"11,30986602737560354";"4. Efeito Substituição (Retração Local)"
"2201804";"BOCAINA";"PI";"Pequeno Porte I";"0,380170999564950929";"64,84827382633096704";"1. Despertados (Efeito Indutor)"
"2201903";"BOM JESUS";"PI";"Pequeno Porte II";"54,829781038093571510";"42,41821855321777690";"2. Constantes (Sustentabilidade)"
"2201919";"BOM PRINCIPIO DO PIAUI";"PI";"Pequeno Porte I";"12,492630725492452015";"10,56568577004968112";"2. Constantes (Sustentabilidade)"
"2201929";"BONFIM DO PIAUI";"PI";"Pequeno Porte I";"22,707307395490079927";"63,40314539538126581";"1. Despertados (Efeito Indutor)"
"2201945";"BOQUEIRAO DO PIAUI";"PI";"Pequeno Porte I";"13,777025166268057177";"67,71919499145124632";"1. Despertados (Efeito Indutor)"
"2201960";"BRASILEIRA";"PI";"Pequeno Porte I";"15,403604241717991030";"42,92537739476003367";"1. Despertados (Efeito Indutor)"
"2201988";"BREJO DO PIAUI";"PI";"Pequeno Porte I";"1,389902837292660065";"58,67702632349219272";"1. Despertados (Efeito Indutor)"
"2202000";"BURITI DOS LOPES";"PI";"Pequeno Porte I";"9,964754313710031397";"121,49814982483404435";"1. Despertados (Efeito Indutor)"
"2202026";"BURITI DOS MONTES";"PI";"Pequeno Porte I";"26,112765461999625671";"35,33293432128509437";"2. Constantes (Sustentabilidade)"
"2202059";"CABECEIRAS DO PIAUI";"PI";"Pequeno Porte I";"0,000000000000000000";"41,34287678206332828";"1. Despertados (Efeito Indutor)"
"2202075";"CAJAZEIRAS DO PIAUI";"PI";"Pequeno Porte I";"10,770567092092147021";"102,04145598888149493";"1. Despertados (Efeito Indutor)"
"2202083";"CAJUEIRO DA PRAIA";"PI";"Pequeno Porte I";"1,867792465152401604";"145,39001349610464331";"1. Despertados (Efeito Indutor)"
"2202109";"CAMPINAS DO PIAUI";"PI";"Pequeno Porte I";"15,483489192292253733";"84,26146795969393111";"1. Despertados (Efeito Indutor)"
"2202117";"CAMPO ALEGRE DO FIDALGO";"PI";"Pequeno Porte I";"1,359024947649210446";"8,35613240470129703";"1. Despertados (Efeito Indutor)"
"2202133";"CAMPO GRANDE DO PIAUI";"PI";"Pequeno Porte I";"37,229771605267885093";"6,88020000361892414";"4. Efeito Substituição (Retração Local)"
"2202174";"CAMPO LARGO DO PIAUI";"PI";"Pequeno Porte I";"29,144184321235524493";"17,58229999345540762";"4. Efeito Substituição (Retração Local)"
"2202208";"CAMPO MAIOR";"PI";"Pequeno Porte II";"13,018736000302492783";"35,57078948490597980";"1. Despertados (Efeito Indutor)"
"2202251";"CANAVIEIRA";"PI";"Pequeno Porte I";"12,219082409073177331";"38,91102386917356881";"1. Despertados (Efeito Indutor)"
"2202307";"CANTO DO BURITI";"PI";"Pequeno Porte I";"12,879661258908113197";"52,41001406646171290";"1. Despertados (Efeito Indutor)"
"2202406";"CAPITAO DE CAMPOS";"PI";"Pequeno Porte I";"29,283723690674040796";"77,67809255226094933";"1. Despertados (Efeito Indutor)"
"2202455";"CAPITAO GERVASIO OLIVEIRA";"PI";"Pequeno Porte I";"57,034097833722029236";"62,51246980372420836";"2. Constantes (Sustentabilidade)"
"2202505";"CARACOL";"PI";"Pequeno Porte I";"18,802454300953630906";"93,54732788524430021";"1. Despertados (Efeito Indutor)"
"2202539";"CARAUBAS DO PIAUI";"PI";"Pequeno Porte I";"44,760749360200591696";"191,59161226253758059";"1. Despertados (Efeito Indutor)"
"2202554";"CARIDADE DO PIAUI";"PI";"Pequeno Porte I";"24,890882070605030663";"19,17778955599321478";"2. Constantes (Sustentabilidade)"
"2202604";"CASTELO DO PIAUI";"PI";"Pequeno Porte I";"19,948622860285230018";"36,01352801339907472";"1. Despertados (Efeito Indutor)"
"2202653";"CAXINGO";"PI";"Pequeno Porte I";"2,325903273579801755";"53,64787755383906642";"1. Despertados (Efeito Indutor)"
"2202703";"COCAL";"PI";"Pequeno Porte II";"0,500256541570118007";"6,27544951995203082";"1. Despertados (Efeito Indutor)"
"2202711";"COCAL DE TELHA";"PI";"Pequeno Porte I";"18,011369950111813409";"160,35671664637703770";"1. Despertados (Efeito Indutor)"
"2202729";"COCAL DOS ALVES";"PI";"Pequeno Porte I";"10,096938082171313056";"24,70765790313982535";"1. Despertados (Efeito Indutor)"
"2202737";"COIVARAS";"PI";"Pequeno Porte I";"2,315570841180981443";"29,29234418822630204";"1. Despertados (Efeito Indutor)"
"2202752";"COLONIA DO GURGUEIA";"PI";"Pequeno Porte I";"0,105036404893351615";"85,96398694720856781";"1. Despertados (Efeito Indutor)"
"2202778";"COLONIA DO PIAUI";"PI";"Pequeno Porte I";"5,023615364041874365";"36,81140575302195117";"1. Despertados (Efeito Indutor)"
"2202802";"CONCEICAO DO CANINDE";"PI";"Pequeno Porte I";"44,472200820060457715";"90,75580073366569422";"1. Despertados (Efeito Indutor)"
"2202851";"CORONEL JOSE DIAS";"PI";"Pequeno Porte I";"88,885827924199190875";"124,49599035614386366";"1. Despertados (Efeito Indutor)"
"2203008";"CRISTALANDIA DO PIAUI";"PI";"Pequeno Porte I";"21,061629179166363457";"5,92002572734492283";"4. Efeito Substituição (Retração Local)"
"2203107";"CRISTINO CASTRO";"PI";"Pequeno Porte I";"0,817384842364158204";"80,36668285699023784";"1. Despertados (Efeito Indutor)"
"2203206";"CURIMATA";"PI";"Pequeno Porte I";"17,383403849844047073";"11,09176902272082543";"2. Constantes (Sustentabilidade)"
"2203230";"CURRAIS";"PI";"Pequeno Porte I";"15,939585397065142658";"11,64954545563819366";"2. Constantes (Sustentabilidade)"
"2203305";"DEMERVAL LOBAO";"PI";"Pequeno Porte I";"12,207136731299016219";"107,76653908271234172";"1. Despertados (Efeito Indutor)"
"2203354";"DIRCEU ARCOVERDE";"PI";"Pequeno Porte I";"5,267617621687346485";"2,22831977948599524";"2. Constantes (Sustentabilidade)"
"2203404";"DOM EXPEDITO LOPES";"PI";"Pequeno Porte I";"15,004051898985318658";"57,54278210346375033";"1. Despertados (Efeito Indutor)"
"2203420";"DOMINGOS MOURAO";"PI";"Pequeno Porte I";"14,443037737000217646";"37,09638696586608830";"1. Despertados (Efeito Indutor)"
"2203453";"DOM INOCENCIO";"PI";"Pequeno Porte I";"10,833252262437721214";"4,33582390570156129";"2. Constantes (Sustentabilidade)"
"2203503";"ELESBAO VELOSO";"PI";"Pequeno Porte I";"20,084899145945275478";"65,16635183599014169";"1. Despertados (Efeito Indutor)"
"2203602";"ELISEU MARTINS";"PI";"Pequeno Porte I";"12,407805086105165415";"121,63312423713695409";"1. Despertados (Efeito Indutor)"
"2203701";"ESPERANTINA";"PI";"Pequeno Porte II";"6,220386417759217856";"49,64011576885646093";"1. Despertados (Efeito Indutor)"
"2203750";"FARTURA DO PIAUI";"PI";"Pequeno Porte I";"0,000000000000000000";"26,36792035243349730";"1. Despertados (Efeito Indutor)"
"2203800";"FLORES DO PIAUI";"PI";"Pequeno Porte I";"0,000000000000000000";"2,93424346835883920";"2. Constantes (Sustentabilidade)"
"2203859";"FLORESTA DO PIAUI";"PI";"Pequeno Porte I";"0,000000000000000000";"47,87038837199713726";"1. Despertados (Efeito Indutor)"
"2203909";"FLORIANO";"PI";"Médio Porte";"35,273287435991051098";"33,79476522377211012";"2. Constantes (Sustentabilidade)"
"2204006";"FRANCINOPOLIS";"PI";"Pequeno Porte I";"0,430171291960563251";"137,22548165895511829";"1. Despertados (Efeito Indutor)"
"2204105";"FRANCISCO AYRES";"PI";"Pequeno Porte I";"0,000000000000000000";"145,66587575828117451";"1. Despertados (Efeito Indutor)"
"2204204";"FRANCISCO SANTOS";"PI";"Pequeno Porte I";"20,151687604538441434";"43,68242228153157214";"1. Despertados (Efeito Indutor)"
"2204303";"FRONTEIRAS";"PI";"Pequeno Porte I";"8,268201333672676512";"21,10522095174405521";"1. Despertados (Efeito Indutor)"
"2204352";"GEMINIANO";"PI";"Pequeno Porte I";"28,036121010435017809";"76,97950451950595152";"1. Despertados (Efeito Indutor)"
"2204402";"GILBUES";"PI";"Pequeno Porte I";"1,554603895320009643";"31,58359177786876515";"1. Despertados (Efeito Indutor)"
"2204501";"GUADALUPE";"PI";"Pequeno Porte I";"51,965450728476589859";"30,95067282156191979";"4. Efeito Substituição (Retração Local)"
"2204550";"GUARIBAS";"PI";"Pequeno Porte I";"17,377543633658969924";"0,00000000000000000";"4. Efeito Substituição (Retração Local)"
"2204600";"HUGO NAPOLEAO";"PI";"Pequeno Porte I";"9,990924506660872950";"166,67324050272270597";"1. Despertados (Efeito Indutor)"
"2204659";"ILHA GRANDE";"PI";"Pequeno Porte I";"4,478162100631012166";"20,60659057032899710";"1. Despertados (Efeito Indutor)"
"2204709";"INHUMA";"PI";"Pequeno Porte I";"11,565058240043246229";"47,27954303310136197";"1. Despertados (Efeito Indutor)"
"2204808";"IPIRANGA DO PIAUI";"PI";"Pequeno Porte I";"25,479635027514948575";"98,98110470701672625";"1. Despertados (Efeito Indutor)"
"2204907";"ISAIAS COELHO";"PI";"Pequeno Porte I";"3,518791119471441409";"9,10331122792960912";"2. Constantes (Sustentabilidade)"
"2205003";"ITAINOPOLIS";"PI";"Pequeno Porte I";"2,388726433248849812";"2,60388812837546935";"2. Constantes (Sustentabilidade)"
"2205102";"ITAUEIRA";"PI";"Pequeno Porte I";"0,219016624559662254";"59,48086075155448782";"1. Despertados (Efeito Indutor)"
"2205151";"JACOBINA DO PIAUI";"PI";"Pequeno Porte I";"12,227815040530812141";"80,39610190628897612";"1. Despertados (Efeito Indutor)"
"2205201";"JAICOS";"PI";"Pequeno Porte I";"13,917221644338297892";"5,82178150800808680";"4. Efeito Substituição (Retração Local)"
"2205250";"JARDIM DO MULATO";"PI";"Pequeno Porte I";"19,542054666457865153";"90,65299943841523600";"1. Despertados (Efeito Indutor)"
"2205276";"JATOBA DO PIAUI";"PI";"Pequeno Porte I";"2,492476024528684775";"91,84737151386640619";"1. Despertados (Efeito Indutor)"
"2205300";"JERUMENHA";"PI";"Pequeno Porte I";"3,429933180772425150";"125,17258333191739439";"1. Despertados (Efeito Indutor)"
"2205359";"JOAO COSTA";"PI";"Pequeno Porte I";"46,442364603192899608";"93,82768394179414884";"1. Despertados (Efeito Indutor)"
"2205409";"JOAQUIM PIRES";"PI";"Pequeno Porte I";"0,184218392969370953";"4,91502232464352584";"2. Constantes (Sustentabilidade)"
"2205458";"JOCA MARQUES";"PI";"Pequeno Porte I";"23,263443093500502101";"21,23933226312675160";"2. Constantes (Sustentabilidade)"
"2205508";"JOSE DE FREITAS";"PI";"Pequeno Porte II";"11,881329655403501278";"34,12023349215365897";"1. Despertados (Efeito Indutor)"
"2205516";"JUAZEIRO DO PIAUI";"PI";"Pequeno Porte I";"15,014935828069472024";"8,39349386312819945";"2. Constantes (Sustentabilidade)"
"2205524";"JULIO BORGES";"PI";"Pequeno Porte I";"0,000000000000000000";"33,62895923681546151";"1. Despertados (Efeito Indutor)"
"2205532";"JUREMA";"PI";"Pequeno Porte I";"8,499060224118233364";"101,90666914111969277";"1. Despertados (Efeito Indutor)"
"2205540";"LAGOINHA DO PIAUI";"PI";"Pequeno Porte I";"10,094864104577908392";"64,65541989765782205";"1. Despertados (Efeito Indutor)"
"2205557";"LAGOA ALEGRE";"PI";"Pequeno Porte I";"1,436540773029058027";"43,38558748753010263";"1. Despertados (Efeito Indutor)"
"2205573";"LAGOA DE SAO FRANCISCO";"PI";"Pequeno Porte I";"22,738246239933413761";"0,75261367134098323";"4. Efeito Substituição (Retração Local)"
"2205581";"LAGOA DO PIAUI";"PI";"Pequeno Porte I";"47,001535658543033946";"36,03381056859153375";"2. Constantes (Sustentabilidade)"
"2205599";"LAGOA DO SITIO";"PI";"Pequeno Porte I";"19,065662119888308723";"41,11201055239048685";"1. Despertados (Efeito Indutor)"
"2205607";"LANDRI SALES";"PI";"Pequeno Porte I";"31,708775237462646146";"2,84258095310652514";"4. Efeito Substituição (Retração Local)"
"2205706";"LUIS CORREIA";"PI";"Pequeno Porte II";"15,476385015431151970";"32,85077096438404709";"1. Despertados (Efeito Indutor)"
"2205805";"LUZILANDIA";"PI";"Pequeno Porte II";"0,000000000000000000";"59,59547704720252170";"1. Despertados (Efeito Indutor)"
"2205854";"MADEIRO";"PI";"Pequeno Porte I";"0,132162461851550644";"0,33298056542019111";"2. Constantes (Sustentabilidade)"
"2205904";"MANOEL EMIDIO";"PI";"Pequeno Porte I";"81,625858485859012603";"116,95170792748362487";"1. Despertados (Efeito Indutor)"
"2205953";"MARCOLANDIA";"PI";"Pequeno Porte I";"14,181295779157375492";"79,05839186523122919";"1. Despertados (Efeito Indutor)"
"2206001";"MARCOS PARENTE";"PI";"Pequeno Porte I";"3,969020014720078482";"12,97505776020450874";"1. Despertados (Efeito Indutor)"
"2206050";"MASSAPE DO PIAUI";"PI";"Pequeno Porte I";"2,210052717657745358";"16,47199352197711519";"1. Despertados (Efeito Indutor)"
"2206209";"MIGUEL ALVES";"PI";"Pequeno Porte II";"9,514052137809562382";"0,00000000000000000";"4. Efeito Substituição (Retração Local)"
"2206308";"MIGUEL LEAO";"PI";"Pequeno Porte I";"2,450583801570988207";"82,13095317590121169";"1. Despertados (Efeito Indutor)"
"2206357";"MILTON BRANDAO";"PI";"Pequeno Porte I";"0,000000000000000000";"49,43641766284257955";"1. Despertados (Efeito Indutor)"
"2206407";"MONSENHOR GIL";"PI";"Pequeno Porte I";"38,480497706450030648";"72,46468259538245604";"1. Despertados (Efeito Indutor)"
"2206506";"MONSENHOR HIPOLITO";"PI";"Pequeno Porte I";"5,735445045969902012";"58,27620664640436132";"1. Despertados (Efeito Indutor)"
"2206605";"MONTE ALEGRE DO PIAUI";"PI";"Pequeno Porte I";"0,000000000000000000";"16,65151817958465230";"1. Despertados (Efeito Indutor)"
"2206654";"MORRO CABECA NO TEMPO";"PI";"Pequeno Porte I";"0,000000000000000000";"67,77581394300162287";"1. Despertados (Efeito Indutor)"
"2206670";"MORRO DO CHAPEU DO PIAUI";"PI";"Pequeno Porte I";"15,730965296193053504";"70,34524580094333146";"1. Despertados (Efeito Indutor)"
"2206696";"MURICI DOS PORTELAS";"PI";"Pequeno Porte I";"18,283673469527165878";"6,93763443891191844";"4. Efeito Substituição (Retração Local)"
"2206704";"NAZARE DO PIAUI";"PI";"Pequeno Porte I";"17,853855731410295249";"5,24432485849496821";"4. Efeito Substituição (Retração Local)"
"2206720";"NAZARIA";"PI";"Pequeno Porte I";"19,700000462706398707";"21,49661951114618930";"2. Constantes (Sustentabilidade)"
"2206753";"NOSSA SENHORA DE NAZARE";"PI";"Pequeno Porte I";"1,152818744180961863";"18,49723411056113420";"1. Despertados (Efeito Indutor)"
"2206803";"NOSSA SENHORA DOS REMEDIOS";"PI";"Pequeno Porte I";"29,000857234887657654";"63,52461665602156415";"1. Despertados (Efeito Indutor)"
"2206902";"NOVO ORIENTE DO PIAUI";"PI";"Pequeno Porte I";"0,741646257283711141";"0,00000000000000000";"2. Constantes (Sustentabilidade)"
"2206951";"NOVO SANTO ANTONIO";"PI";"Pequeno Porte I";"54,133905308676126822";"95,82901822456349805";"1. Despertados (Efeito Indutor)"
"2207009";"OEIRAS";"PI";"Pequeno Porte II";"13,677203600696460128";"29,57302151149321645";"1. Despertados (Efeito Indutor)"
"2207108";"OLHO D'AGUA DO PIAUI";"PI";"Pequeno Porte I";"0,000000000000000000";"135,85697665079021590";"1. Despertados (Efeito Indutor)"
"2207207";"PADRE MARCOS";"PI";"Pequeno Porte I";"13,158352508968130579";"0,00000000000000000";"4. Efeito Substituição (Retração Local)"
"2207306";"PAES LANDIM";"PI";"Pequeno Porte I";"6,571412743310818705";"124,30043826787994021";"1. Despertados (Efeito Indutor)"
"2207405";"PALMEIRA DO PIAUI";"PI";"Pequeno Porte I";"9,867016366461765386";"93,00314002958396031";"1. Despertados (Efeito Indutor)"
"2207504";"PALMEIRAIS";"PI";"Pequeno Porte I";"1,492530854878907576";"24,90254200001527352";"1. Despertados (Efeito Indutor)"
"2207553";"PAQUETA";"PI";"Pequeno Porte I";"35,760721516159492239";"50,39986087072998799";"1. Despertados (Efeito Indutor)"
"2207603";"PARNAGUA";"PI";"Pequeno Porte I";"0,000000000000000000";"8,35726168640249867";"1. Despertados (Efeito Indutor)"
"2207702";"PARNAIBA";"PI";"Grande Porte";"13,456323418293226979";"4,95998117368727343";"4. Efeito Substituição (Retração Local)"
"2207751";"PASSAGEM FRANCA DO PIAUI";"PI";"Pequeno Porte I";"21,633495298347302338";"14,06026754191966255";"2. Constantes (Sustentabilidade)"
"2207777";"PATOS DO PIAUI";"PI";"Pequeno Porte I";"5,579071086906828292";"34,69502135465346981";"1. Despertados (Efeito Indutor)"
"2207793";"PAU D'ARCO DO PIAUI";"PI";"Pequeno Porte I";"9,108231850326985679";"13,51567658471829603";"2. Constantes (Sustentabilidade)"
"2207801";"PAULISTANA";"PI";"Pequeno Porte II";"11,089969296026040979";"71,03451520714168055";"1. Despertados (Efeito Indutor)"
"2207850";"PAVUSSU";"PI";"Pequeno Porte I";"22,199209666249654305";"45,45741427538686708";"1. Despertados (Efeito Indutor)"
"2207900";"PEDRO II";"PI";"Pequeno Porte II";"13,152164777233549486";"34,10118977156922426";"1. Despertados (Efeito Indutor)"
"2207934";"PEDRO LAURENTINO";"PI";"Pequeno Porte I";"38,941345459147761687";"179,20538799282456921";"1. Despertados (Efeito Indutor)"
"2207959";"NOVA SANTA RITA";"PI";"Pequeno Porte I";"6,497774655019285639";"77,91124258088689203";"1. Despertados (Efeito Indutor)"
"2208007";"PICOS";"PI";"Médio Porte";"8,178609417928338843";"17,72785273794355732";"1. Despertados (Efeito Indutor)"
"2208106";"PIMENTEIRAS";"PI";"Pequeno Porte I";"16,993704218172943854";"8,19779803303181609";"4. Efeito Substituição (Retração Local)"
"2208205";"PIO IX";"PI";"Pequeno Porte I";"9,416700978724131588";"2,30995352909316631";"4. Efeito Substituição (Retração Local)"
"2208304";"PIRACURUCA";"PI";"Pequeno Porte II";"12,252802112475976060";"60,87724244736422463";"1. Despertados (Efeito Indutor)"
"2208403";"PIRIPIRI";"PI";"Médio Porte";"38,579390078836112821";"58,86884996651110669";"1. Despertados (Efeito Indutor)"
"2208502";"PORTO";"PI";"Pequeno Porte I";"81,022532595145463574";"95,57800500551987000";"2. Constantes (Sustentabilidade)"
"2208601";"PRATA DO PIAUI";"PI";"Pequeno Porte I";"17,993549620644966325";"156,32289688089298352";"1. Despertados (Efeito Indutor)"
"2208650";"QUEIMADA NOVA";"PI";"Pequeno Porte I";"35,450405402239233865";"72,53503704713622824";"1. Despertados (Efeito Indutor)"
"2208700";"REDENCAO DO GURGUEIA";"PI";"Pequeno Porte I";"10,235230805636996720";"17,82300651204609565";"1. Despertados (Efeito Indutor)"
"2208809";"REGENERACAO";"PI";"Pequeno Porte I";"2,653610067016373808";"27,00089410884414320";"1. Despertados (Efeito Indutor)"
"2208858";"RIACHO FRIO";"PI";"Pequeno Porte I";"3,674435971134611290";"40,10533571337268199";"1. Despertados (Efeito Indutor)"
"2208908";"RIBEIRO GONCALVES";"PI";"Pequeno Porte I";"15,537340438387397867";"38,14723167404986981";"1. Despertados (Efeito Indutor)"
"2209005";"RIO GRANDE DO PIAUI";"PI";"Pequeno Porte I";"3,482457379258784069";"174,48719592573684167";"1. Despertados (Efeito Indutor)"
"2209104";"SANTA CRUZ DO PIAUI";"PI";"Pequeno Porte I";"4,476307699866356238";"88,73783103153363072";"1. Despertados (Efeito Indutor)"
"2209153";"SANTA CRUZ DOS MILAGRES";"PI";"Pequeno Porte I";"0,846254004490103573";"92,08995688028707605";"1. Despertados (Efeito Indutor)"
"2209302";"SANTA LUZ";"PI";"Pequeno Porte I";"0,000000000000000000";"57,29187424230288173";"1. Despertados (Efeito Indutor)"
"2209351";"SANTANA DO PIAUI";"PI";"Pequeno Porte I";"19,459242297324195192";"28,36217037140784214";"1. Despertados (Efeito Indutor)"
"2209377";"SANTA ROSA DO PIAUI";"PI";"Pequeno Porte I";"22,436834784415808031";"50,80742990819648952";"1. Despertados (Efeito Indutor)"
"2209401";"SANTO ANTONIO DE LISBOA";"PI";"Pequeno Porte I";"17,143131451333559312";"78,93831169105686740";"1. Despertados (Efeito Indutor)"
"2209500";"SANTO INACIO DO PIAUI";"PI";"Pequeno Porte I";"0,000000000000000000";"4,77950390169415407";"2. Constantes (Sustentabilidade)"
"2209559";"SAO BRAZ DO PIAUI";"PI";"Pequeno Porte I";"86,505248122709389236";"75,95033118119965820";"2. Constantes (Sustentabilidade)"
"2209609";"SAO FELIX DO PIAUI";"PI";"Pequeno Porte I";"18,946732410199278007";"36,97076392747981544";"1. Despertados (Efeito Indutor)"
"2209658";"SAO FRANCISCO DE ASSIS DO PIAUI";"PI";"Pequeno Porte I";"0,000000000000000000";"83,49306358042306897";"1. Despertados (Efeito Indutor)"
"2209708";"SAO FRANCISCO DO PIAUI";"PI";"Pequeno Porte I";"2,740297436028872546";"52,17452529518092774";"1. Despertados (Efeito Indutor)"
"2209757";"SAO GONCALO DO GURGUEIA";"PI";"Pequeno Porte I";"0,000000000000000000";"76,37659490247131089";"1. Despertados (Efeito Indutor)"
"2209807";"SAO GONCALO DO PIAUI";"PI";"Pequeno Porte I";"20,822723285763757417";"143,81650178019967257";"1. Despertados (Efeito Indutor)"
"2209856";"SAO JOAO DA CANABRAVA";"PI";"Pequeno Porte I";"9,304649333212179130";"74,08046187532630711";"1. Despertados (Efeito Indutor)"
"2209872";"SAO JOAO DA FRONTEIRA";"PI";"Pequeno Porte I";"0,000000000000000000";"0,71662930940661296";"2. Constantes (Sustentabilidade)"
"2209906";"SAO JOAO DA SERRA";"PI";"Pequeno Porte I";"0,000000000000000000";"22,02032698931682830";"1. Despertados (Efeito Indutor)"
"2209955";"SAO JOAO DA VARJOTA";"PI";"Pequeno Porte I";"0,176858012346095134";"16,48368274679015144";"1. Despertados (Efeito Indutor)"
"2209971";"SAO JOAO DO ARRAIAL";"PI";"Pequeno Porte I";"10,566904970729090962";"92,21376768620801556";"1. Despertados (Efeito Indutor)"
"2210003";"SAO JOAO DO PIAUI";"PI";"Pequeno Porte II";"48,143934342081507793";"117,33320793102831203";"1. Despertados (Efeito Indutor)"
"2210102";"SAO JOSE DO PEIXE";"PI";"Pequeno Porte I";"0,000000000000000000";"146,35444808436477615";"1. Despertados (Efeito Indutor)"
"2210201";"SAO JOSE DO PIAUI";"PI";"Pequeno Porte I";"29,200299394503598904";"32,92554633605731595";"2. Constantes (Sustentabilidade)"
"2210300";"SAO JULIAO";"PI";"Pequeno Porte I";"39,678958528822946050";"62,22466871268700572";"1. Despertados (Efeito Indutor)"
"2210359";"SAO LOURENCO DO PIAUI";"PI";"Pequeno Porte I";"4,556239875595775146";"5,50228626336926041";"2. Constantes (Sustentabilidade)"
"2210375";"SAO LUIS DO PIAUI";"PI";"Pequeno Porte I";"22,726446935838101382";"51,70714567963104003";"1. Despertados (Efeito Indutor)"
"2210383";"SAO MIGUEL DA BAIXA GRANDE";"PI";"Pequeno Porte I";"4,953700170840703798";"119,00156789257439982";"1. Despertados (Efeito Indutor)"
"2210391";"SAO MIGUEL DO FIDALGO";"PI";"Pequeno Porte I";"5,241316604178245520";"47,04182676112833406";"1. Despertados (Efeito Indutor)"
"2210409";"SAO MIGUEL DO TAPUIO";"PI";"Pequeno Porte I";"20,199875121647181686";"6,52339244932668549";"4. Efeito Substituição (Retração Local)"
"2210607";"SAO RAIMUNDO NONATO";"PI";"Pequeno Porte II";"7,236597580366664673";"17,75673977375928558";"1. Despertados (Efeito Indutor)"
"2210623";"SEBASTIAO BARROS";"PI";"Pequeno Porte I";"8,470460739237003267";"7,80802162565809255";"2. Constantes (Sustentabilidade)"
"2210631";"SEBASTIAO LEAL";"PI";"Pequeno Porte I";"0,000000000000000000";"34,45430291851596394";"1. Despertados (Efeito Indutor)"
"2210656";"SIGEFREDO PACHECO";"PI";"Pequeno Porte I";"5,447758662971278198";"23,67946934105541601";"1. Despertados (Efeito Indutor)"
"2210706";"SIMOES";"PI";"Pequeno Porte I";"15,278774317779259206";"53,08048256964227107";"1. Despertados (Efeito Indutor)"
"2210805";"SIMPLICIO MENDES";"PI";"Pequeno Porte I";"15,028411628441354253";"17,80868294641068417";"2. Constantes (Sustentabilidade)"
"2210904";"SOCORRO DO PIAUI";"PI";"Pequeno Porte I";"3,393819838900629993";"16,43880658469260325";"1. Despertados (Efeito Indutor)"
"2210938";"SUSSUAPARA";"PI";"Pequeno Porte I";"0,000000000000000000";"54,91767925837755371";"1. Despertados (Efeito Indutor)"
"2210953";"TAMBORIL DO PIAUI";"PI";"Pequeno Porte I";"0,000000000000000000";"57,01273216945706679";"1. Despertados (Efeito Indutor)"
"2211001";"TERESINA";"PI";"Grande Porte";"7,440851352781712613";"25,25241043110320405";"1. Despertados (Efeito Indutor)"
"2211100";"UNIAO";"PI";"Pequeno Porte II";"9,439218008033309459";"97,30965560661081781";"1. Despertados (Efeito Indutor)"
"2211209";"URUCUI";"PI";"Pequeno Porte II";"26,360015577607175175";"151,94841795003071638";"1. Despertados (Efeito Indutor)"
"2211308";"VALENCA DO PIAUI";"PI";"Pequeno Porte II";"18,488763194930932343";"47,65084376458062820";"1. Despertados (Efeito Indutor)"
"2211357";"VARZEA BRANCA";"PI";"Pequeno Porte I";"0,255578195882932735";"120,75982228114364148";"1. Despertados (Efeito Indutor)"
"2211407";"VARZEA GRANDE";"PI";"Pequeno Porte I";"18,164253449632099091";"41,32484759405541297";"1. Despertados (Efeito Indutor)"
"2211506";"VERA MENDES";"PI";"Pequeno Porte I";"12,385662015782498813";"16,87397605300372305";"2. Constantes (Sustentabilidade)"
"2211605";"VILA NOVA DO PIAUI";"PI";"Pequeno Porte I";"21,926994949617387931";"3,87584723740806503";"4. Efeito Substituição (Retração Local)"
"2211704";"WALL FERRAZ";"PI";"Pequeno Porte I";"21,182341653492574807";"100,35870895630998234";"1. Despertados (Efeito Indutor)"
"2300101";"ABAIARA";"CE";"Pequeno Porte I";"10,015223466778671479";"84,16674949794153804";"1. Despertados (Efeito Indutor)"
"2300150";"ACARAPE";"CE";"Pequeno Porte I";"25,869303988563245866";"23,93400662493564468";"2. Constantes (Sustentabilidade)"
"2300200";"ACARAU";"CE";"Médio Porte";"43,451723130586735522";"42,30996665262905765";"2. Constantes (Sustentabilidade)"
"2300309";"ACOPIARA";"CE";"Pequeno Porte II";"48,113588136125919448";"68,02452778854936355";"1. Despertados (Efeito Indutor)"
"2300408";"AIUABA";"CE";"Pequeno Porte I";"25,198631920074788582";"76,25792695863640347";"1. Despertados (Efeito Indutor)"
"2300507";"ALCANTARAS";"CE";"Pequeno Porte I";"2,979650449925531408";"157,62774787917379626";"1. Despertados (Efeito Indutor)"
"2300606";"ALTANEIRA";"CE";"Pequeno Porte I";"1,714469186330584316";"42,02385394053995782";"1. Despertados (Efeito Indutor)"
"2300705";"ALTO SANTO";"CE";"Pequeno Porte I";"47,095599240825791298";"141,06026214020150178";"1. Despertados (Efeito Indutor)"
"2300754";"AMONTADA";"CE";"Pequeno Porte II";"0,515173218165007607";"136,54785778058428036";"1. Despertados (Efeito Indutor)"
"2300804";"ANTONINA DO NORTE";"CE";"Pequeno Porte I";"13,217276669089196517";"0,00000000000000000";"4. Efeito Substituição (Retração Local)"
"2300903";"APUIARES";"CE";"Pequeno Porte I";"60,241561285514123369";"96,13531761016409405";"1. Despertados (Efeito Indutor)"
"2301000";"AQUIRAZ";"CE";"Médio Porte";"36,787159633626941968";"30,70255800058455620";"2. Constantes (Sustentabilidade)"
"2301109";"ARACATI";"CE";"Médio Porte";"8,418709999330371119";"1,93247760041537431";"2. Constantes (Sustentabilidade)"
"2301208";"ARACOIABA";"CE";"Pequeno Porte II";"17,048036401949111962";"92,07640533052884280";"1. Despertados (Efeito Indutor)"
"2301257";"ARARENDA";"CE";"Pequeno Porte I";"3,004772932308460209";"71,17602095101905491";"1. Despertados (Efeito Indutor)"
"2301307";"ARARIPE";"CE";"Pequeno Porte I";"5,046960076859775768";"48,55240242272008544";"1. Despertados (Efeito Indutor)"
"2301505";"ARNEIROZ";"CE";"Pequeno Porte I";"38,219430844004861569";"63,74053070305949120";"1. Despertados (Efeito Indutor)"
"2301604";"ASSARE";"CE";"Pequeno Porte II";"43,965330107132501780";"112,25048726640636687";"1. Despertados (Efeito Indutor)"
"2301703";"AURORA";"CE";"Pequeno Porte II";"12,841389435863138857";"66,69641269843832276";"1. Despertados (Efeito Indutor)"
"2301802";"BAIXIO";"CE";"Pequeno Porte I";"54,623552146358143489";"187,45512777056163145";"1. Despertados (Efeito Indutor)"
"2301901";"BARBALHA";"CE";"Médio Porte";"33,621150352482388257";"69,29665947585831987";"1. Despertados (Efeito Indutor)"
"2301950";"BARREIRA";"CE";"Pequeno Porte II";"23,746985661992727756";"37,93617872537950575";"1. Despertados (Efeito Indutor)"
"2302008";"BARRO";"CE";"Pequeno Porte I";"31,150212189331671908";"49,83421661118696022";"1. Despertados (Efeito Indutor)"
"2302107";"BATURITE";"CE";"Pequeno Porte II";"28,975154621476576722";"171,87041406284794220";"1. Despertados (Efeito Indutor)"
"2302206";"BEBERIBE";"CE";"Médio Porte";"9,163843690714953638";"73,04075965350970989";"1. Despertados (Efeito Indutor)"
"2302305";"BELA CRUZ";"CE";"Pequeno Porte II";"11,626333664253026612";"64,25548797968509973";"1. Despertados (Efeito Indutor)"
"2302404";"BOA VIAGEM";"CE";"Médio Porte";"29,135358916916310079";"42,60898121067236843";"1. Despertados (Efeito Indutor)"
"2302503";"BREJO SANTO";"CE";"Médio Porte";"0,000000000000000000";"187,07879967897048346";"1. Despertados (Efeito Indutor)"
"2302602";"CAMOCIM";"CE";"Médio Porte";"27,246860703247605784";"52,03830919977802694";"1. Despertados (Efeito Indutor)"
"2302701";"CAMPOS SALES";"CE";"Pequeno Porte II";"1,610013141787776547";"2,01503649988039424";"2. Constantes (Sustentabilidade)"
"2302800";"CANINDE";"CE";"Médio Porte";"10,050069689764685066";"0,75295952130988719";"4. Efeito Substituição (Retração Local)"
"2302909";"CAPISTRANO";"CE";"Pequeno Porte I";"11,583585526896476026";"0,28978787527529848";"4. Efeito Substituição (Retração Local)"
"2303105";"CARIRE";"CE";"Pequeno Porte I";"49,600680168053990826";"115,66056632292409745";"1. Despertados (Efeito Indutor)"
"2303204";"CARIRIACU";"CE";"Pequeno Porte II";"8,497181291812299975";"55,27867487777043465";"1. Despertados (Efeito Indutor)"
"2303303";"CARIUS";"CE";"Pequeno Porte I";"0,318905711242465140";"35,21156680887968804";"1. Despertados (Efeito Indutor)"
"2303402";"CARNAUBAL";"CE";"Pequeno Porte I";"30,565555190586877643";"19,90423390050243313";"2. Constantes (Sustentabilidade)"
"2303501";"CASCAVEL";"CE";"Médio Porte";"11,471505652644824025";"28,55009162805963996";"1. Despertados (Efeito Indutor)"
"2303600";"CATARINA";"CE";"Pequeno Porte I";"9,866379298783922280";"57,32702401535911463";"1. Despertados (Efeito Indutor)"
"2303659";"CATUNDA";"CE";"Pequeno Porte I";"57,812964729583349310";"139,40563789365231173";"1. Despertados (Efeito Indutor)"
"2303709";"CAUCAIA";"CE";"Grande Porte";"9,864066796820997851";"2,75669821604676146";"4. Efeito Substituição (Retração Local)"
"2303808";"CEDRO";"CE";"Pequeno Porte II";"17,156991932077730212";"22,81653737664683490";"2. Constantes (Sustentabilidade)"
"2303907";"CHAVAL";"CE";"Pequeno Porte I";"2,681755784025035450";"16,07707150321540013";"1. Despertados (Efeito Indutor)"
"2303931";"CHORO";"CE";"Pequeno Porte I";"53,952716287506348181";"93,02787557877624636";"1. Despertados (Efeito Indutor)"
"2303956";"CHOROZINHO";"CE";"Pequeno Porte II";"10,781765887316140606";"175,00145090038881790";"1. Despertados (Efeito Indutor)"
"2304004";"COREAU";"CE";"Pequeno Porte II";"2,219735602862410673";"114,74735390434312876";"1. Despertados (Efeito Indutor)"
"2304103";"CRATEUS";"CE";"Médio Porte";"17,263798083292765995";"75,26269255967343952";"1. Despertados (Efeito Indutor)"
"2304202";"CRATO";"CE";"Grande Porte";"29,201580402874029119";"41,40222008498579243";"1. Despertados (Efeito Indutor)"
"2304236";"CROATA";"CE";"Pequeno Porte I";"50,884909802165232406";"22,58140075511965605";"4. Efeito Substituição (Retração Local)"
"2304251";"CRUZ";"CE";"Pequeno Porte II";"26,864448975974504208";"49,16284876439231510";"1. Despertados (Efeito Indutor)"
"2304269";"DEPUTADO IRAPUAN PINHEIRO";"CE";"Pequeno Porte I";"31,595666337641592492";"79,79885203933400817";"1. Despertados (Efeito Indutor)"
"2304277";"ERERE";"CE";"Pequeno Porte I";"51,188862874498333611";"145,98296806894043698";"1. Despertados (Efeito Indutor)"
"2304285";"EUSEBIO";"CE";"Médio Porte";"10,322574624890814121";"161,31607017968971718";"1. Despertados (Efeito Indutor)"
"2304301";"FARIAS BRITO";"CE";"Pequeno Porte I";"0,000000000000000000";"131,67990055607646127";"1. Despertados (Efeito Indutor)"
"2304400";"FORTALEZA";"CE";"Metrópole";"72,345633557646877421";"48,35636060574111639";"4. Efeito Substituição (Retração Local)"
"2304459";"FORTIM";"CE";"Pequeno Porte I";"4,811254172925542250";"8,30883713750001718";"2. Constantes (Sustentabilidade)"
"2304509";"FRECHEIRINHA";"CE";"Pequeno Porte I";"11,147041299458855690";"52,33302228865504446";"1. Despertados (Efeito Indutor)"
"2304608";"GENERAL SAMPAIO";"CE";"Pequeno Porte I";"33,623355384982929195";"80,66107984037746803";"1. Despertados (Efeito Indutor)"
"2304657";"GRACA";"CE";"Pequeno Porte I";"122,989444520776132208";"166,18080105912258659";"1. Despertados (Efeito Indutor)"
"2304707";"GRANJA";"CE";"Médio Porte";"26,798595930812389554";"126,57983295513597000";"1. Despertados (Efeito Indutor)"
"2304905";"GROAIRAS";"CE";"Pequeno Porte I";"69,156528254907968289";"127,17494705045247372";"1. Despertados (Efeito Indutor)"
"2304954";"GUAIUBA";"CE";"Pequeno Porte II";"15,188897073421195216";"54,34629987642897930";"1. Despertados (Efeito Indutor)"
"2305001";"GUARACIABA DO NORTE";"CE";"Pequeno Porte II";"16,002419797504163768";"68,63440459917519831";"1. Despertados (Efeito Indutor)"
"2305100";"GUARAMIRANGA";"CE";"Pequeno Porte I";"79,934125329190266029";"142,79813195327596986";"1. Despertados (Efeito Indutor)"
"2305209";"HIDROLANDIA";"CE";"Pequeno Porte I";"12,116302339717247349";"67,62282426181772621";"1. Despertados (Efeito Indutor)"
"2305233";"HORIZONTE";"CE";"Médio Porte";"43,073278372486385024";"87,95938531384538805";"1. Despertados (Efeito Indutor)"
"2305266";"IBARETAMA";"CE";"Pequeno Porte I";"0,000000000000000000";"8,38962338950669739";"1. Despertados (Efeito Indutor)"
"2305308";"IBIAPINA";"CE";"Pequeno Porte II";"31,375151577590866481";"78,61234045394888881";"1. Despertados (Efeito Indutor)"
"2305332";"IBICUITINGA";"CE";"Pequeno Porte I";"49,529980983216042034";"152,13311805289592371";"1. Despertados (Efeito Indutor)"
"2305357";"ICAPUI";"CE";"Pequeno Porte II";"93,908784748972664147";"126,10638640629626650";"1. Despertados (Efeito Indutor)"
"2305407";"ICO";"CE";"Médio Porte";"14,151998500347154675";"68,13209662711904002";"1. Despertados (Efeito Indutor)"
"2305506";"IGUATU";"CE";"Médio Porte";"0,000000000000000000";"49,98943949665066810";"1. Despertados (Efeito Indutor)"
"2305605";"INDEPENDENCIA";"CE";"Pequeno Porte II";"36,945661916623826926";"39,01799096057829530";"2. Constantes (Sustentabilidade)"
"2305654";"IPAPORANGA";"CE";"Pequeno Porte I";"68,803965400936164087";"124,99016621545789008";"1. Despertados (Efeito Indutor)"
"2305704";"IPAUMIRIM";"CE";"Pequeno Porte I";"23,247540165263355760";"97,63053639775719716";"1. Despertados (Efeito Indutor)"
"2305803";"IPU";"CE";"Pequeno Porte II";"5,220499294351290231";"0,26592790012692313";"2. Constantes (Sustentabilidade)"
"2305902";"IPUEIRAS";"CE";"Pequeno Porte II";"20,438703410998815713";"86,34243949217581360";"1. Despertados (Efeito Indutor)"
"2306009";"IRACEMA";"CE";"Pequeno Porte I";"63,186419813304461002";"126,15148161826377304";"1. Despertados (Efeito Indutor)"
"2306108";"IRAUCUBA";"CE";"Pequeno Porte II";"16,991619952878906474";"33,15669694708933690";"1. Despertados (Efeito Indutor)"
"2306207";"ITAICABA";"CE";"Pequeno Porte I";"70,563652203500140558";"168,25436415038495852";"1. Despertados (Efeito Indutor)"
"2306256";"ITAITINGA";"CE";"Médio Porte";"25,002907918234722473";"27,04182285727303992";"2. Constantes (Sustentabilidade)"
"2306306";"ITAPAJE";"CE";"Pequeno Porte II";"11,632149487758539408";"26,11260743001122364";"1. Despertados (Efeito Indutor)"
"2306405";"ITAPIPOCA";"CE";"Grande Porte";"47,854317446073032727";"85,19179259921529024";"1. Despertados (Efeito Indutor)"
"2306504";"ITAPIUNA";"CE";"Pequeno Porte I";"18,250699846134459392";"44,22217075215213100";"1. Despertados (Efeito Indutor)"
"2306553";"ITAREMA";"CE";"Pequeno Porte II";"42,464910894536579633";"85,49653497807773306";"1. Despertados (Efeito Indutor)"
"2306603";"ITATIRA";"CE";"Pequeno Porte II";"14,686470049270381466";"30,39385279584965005";"1. Despertados (Efeito Indutor)"
"2306702";"JAGUARETAMA";"CE";"Pequeno Porte I";"45,395338293269389851";"123,67898293140193289";"1. Despertados (Efeito Indutor)"
"2306801";"JAGUARIBARA";"CE";"Pequeno Porte I";"59,178986716561873038";"118,15370573570912427";"1. Despertados (Efeito Indutor)"
"2306900";"JAGUARIBE";"CE";"Pequeno Porte II";"12,314560009543415120";"33,07495054663344547";"1. Despertados (Efeito Indutor)"
"2307007";"JAGUARUANA";"CE";"Pequeno Porte II";"91,671031161570780910";"163,65203278192689140";"1. Despertados (Efeito Indutor)"
"2307106";"JARDIM";"CE";"Pequeno Porte II";"16,897873356469286676";"29,59258553014340976";"1. Despertados (Efeito Indutor)"
"2307254";"JIJOCA DE JERICOACOARA";"CE";"Pequeno Porte II";"41,643599762802594455";"103,28513906975820191";"1. Despertados (Efeito Indutor)"
"2307304";"JUAZEIRO DO NORTE";"CE";"Grande Porte";"13,340388175469803045";"16,80261506094430857";"2. Constantes (Sustentabilidade)"
"2307403";"JUCAS";"CE";"Pequeno Porte II";"18,212915461829524588";"54,48892335396700304";"1. Despertados (Efeito Indutor)"
"2307502";"LAVRAS DA MANGABEIRA";"CE";"Pequeno Porte II";"0,062915449330638834";"1,95054967341180996";"2. Constantes (Sustentabilidade)"
"2307601";"LIMOEIRO DO NORTE";"CE";"Médio Porte";"44,469755807670807712";"30,95535471111428194";"2. Constantes (Sustentabilidade)"
"2307635";"MADALENA";"CE";"Pequeno Porte I";"52,707650783943861938";"104,80093096220358007";"1. Despertados (Efeito Indutor)"
"2307650";"MARACANAU";"CE";"Grande Porte";"28,465968059897040376";"55,56067808085633430";"1. Despertados (Efeito Indutor)"
"2307700";"MARANGUAPE";"CE";"Grande Porte";"15,065441260294603509";"53,63622408173664269";"1. Despertados (Efeito Indutor)"
"2307809";"MARCO";"CE";"Pequeno Porte II";"0,000000000000000000";"36,69008247169426795";"1. Despertados (Efeito Indutor)"
"2307908";"MARTINOPOLE";"CE";"Pequeno Porte I";"17,581734497121701111";"63,37633357193572436";"1. Despertados (Efeito Indutor)"
"2308005";"MASSAPE";"CE";"Pequeno Porte II";"37,330086208811927406";"155,87412006302938039";"1. Despertados (Efeito Indutor)"
"2308104";"MAURITI";"CE";"Pequeno Porte II";"28,473812508100053265";"39,24472230744478196";"1. Despertados (Efeito Indutor)"
"2308203";"MERUOCA";"CE";"Pequeno Porte I";"95,724268039955020981";"171,78355642107339918";"1. Despertados (Efeito Indutor)"
"2308302";"MILAGRES";"CE";"Pequeno Porte II";"0,000000000000000000";"157,78601760956419753";"1. Despertados (Efeito Indutor)"
"2308351";"MILHA";"CE";"Pequeno Porte I";"19,627550966076316996";"99,57406817181296788";"1. Despertados (Efeito Indutor)"
"2308377";"MIRAIMA";"CE";"Pequeno Porte I";"7,572765200722893830";"22,34946305570413472";"1. Despertados (Efeito Indutor)"
"2308401";"MISSAO VELHA";"CE";"Pequeno Porte II";"0,000000000000000000";"57,06527679381353124";"1. Despertados (Efeito Indutor)"
"2308500";"MOMBACA";"CE";"Pequeno Porte II";"0,799614162085490743";"22,67121072306204610";"1. Despertados (Efeito Indutor)"
"2308609";"MONSENHOR TABOSA";"CE";"Pequeno Porte I";"12,576475422335198218";"12,03389466135027597";"2. Constantes (Sustentabilidade)"
"2308708";"MORADA NOVA";"CE";"Médio Porte";"38,045276675001922229";"48,14882056272756472";"2. Constantes (Sustentabilidade)"
"2308906";"MORRINHOS";"CE";"Pequeno Porte II";"17,312507945159129719";"6,12399394957635668";"4. Efeito Substituição (Retração Local)"
"2309102";"MULUNGU";"CE";"Pequeno Porte I";"107,600217421557715625";"166,97999464227763156";"1. Despertados (Efeito Indutor)"
"2309201";"NOVA OLINDA";"CE";"Pequeno Porte I";"20,022296106365338630";"83,87920407823965263";"1. Despertados (Efeito Indutor)"
"2309409";"NOVO ORIENTE";"CE";"Pequeno Porte II";"34,151116388874136476";"106,57976318372973878";"1. Despertados (Efeito Indutor)"
"2309458";"OCARA";"CE";"Pequeno Porte II";"31,237951205351780715";"62,29827600418384748";"1. Despertados (Efeito Indutor)"
"2309508";"OROS";"CE";"Pequeno Porte I";"5,175127151553541083";"55,07444488758346779";"1. Despertados (Efeito Indutor)"
"2309607";"PACAJUS";"CE";"Médio Porte";"36,540240260857110854";"25,49491552434821529";"2. Constantes (Sustentabilidade)"
"2309706";"PACATUBA";"CE";"Médio Porte";"60,672035213822454125";"4,87884691300525919";"4. Efeito Substituição (Retração Local)"
"2310001";"PALHANO";"CE";"Pequeno Porte I";"0,000000000000000000";"21,38995031596041230";"1. Despertados (Efeito Indutor)"
"2310100";"PALMACIA";"CE";"Pequeno Porte I";"88,207206156791684748";"139,86724792828925956";"1. Despertados (Efeito Indutor)"
"2310209";"PARACURU";"CE";"Pequeno Porte II";"46,360857031142437279";"113,74205127404107429";"1. Despertados (Efeito Indutor)"
"2310258";"PARAIPABA";"CE";"Pequeno Porte II";"56,497112632387263886";"30,24427318474391058";"4. Efeito Substituição (Retração Local)"
"2310308";"PARAMBU";"CE";"Pequeno Porte II";"0,000000000000000000";"140,89300381649459837";"1. Despertados (Efeito Indutor)"
"2310407";"PARAMOTI";"CE";"Pequeno Porte I";"25,508314515089050900";"129,61073914992212508";"1. Despertados (Efeito Indutor)"
"2310506";"PEDRA BRANCA";"CE";"Pequeno Porte II";"28,427281535245725763";"48,82030365802103233";"1. Despertados (Efeito Indutor)"
"2310605";"PENAFORTE";"CE";"Pequeno Porte I";"0,000000000000000000";"130,46652657775319994";"1. Despertados (Efeito Indutor)"
"2310704";"PENTECOSTE";"CE";"Pequeno Porte II";"43,363683477996886495";"23,12492185462981098";"4. Efeito Substituição (Retração Local)"
"2310803";"PEREIRO";"CE";"Pequeno Porte I";"24,560148067628404078";"83,41909571125233924";"1. Despertados (Efeito Indutor)"
"2310852";"PINDORETAMA";"CE";"Pequeno Porte II";"8,826183372839055963";"30,55674282221852067";"1. Despertados (Efeito Indutor)"
"2310902";"PIQUET CARNEIRO";"CE";"Pequeno Porte I";"20,592477429988711890";"38,80624588264893049";"1. Despertados (Efeito Indutor)"
"2310951";"PIRES FERREIRA";"CE";"Pequeno Porte I";"18,311666584644740396";"195,95044633326972416";"1. Despertados (Efeito Indutor)"
"2311009";"PORANGA";"CE";"Pequeno Porte I";"13,392495596151528403";"62,92985358246980354";"1. Despertados (Efeito Indutor)"
"2311108";"PORTEIRAS";"CE";"Pequeno Porte I";"48,239095535100005918";"25,32778330300417480";"4. Efeito Substituição (Retração Local)"
"2311207";"POTENGI";"CE";"Pequeno Porte I";"14,429241571457579241";"104,49423420377132743";"1. Despertados (Efeito Indutor)"
"2311264";"QUITERIANOPOLIS";"CE";"Pequeno Porte II";"9,749105189643923808";"3,70084265429758563";"2. Constantes (Sustentabilidade)"
"2311306";"QUIXADA";"CE";"Médio Porte";"22,478974695284701824";"16,31817661981311574";"2. Constantes (Sustentabilidade)"
"2311355";"QUIXELO";"CE";"Pequeno Porte I";"78,796895540873535424";"172,37594411668163730";"1. Despertados (Efeito Indutor)"
"2311405";"QUIXERAMOBIM";"CE";"Médio Porte";"22,974293097175429779";"9,82663875980315105";"4. Efeito Substituição (Retração Local)"
"2311504";"QUIXERE";"CE";"Pequeno Porte II";"55,554736165981651652";"102,60556957105168863";"1. Despertados (Efeito Indutor)"
"2311603";"REDENCAO";"CE";"Pequeno Porte II";"92,225582624616052385";"71,48330325313730782";"2. Constantes (Sustentabilidade)"
"2311801";"RUSSAS";"CE";"Médio Porte";"26,809861765607926998";"55,22268127488160872";"1. Despertados (Efeito Indutor)"
"2311900";"SABOEIRO";"CE";"Pequeno Porte I";"0,000000000000000000";"7,15906815324630053";"1. Despertados (Efeito Indutor)"
"2311959";"SALITRE";"CE";"Pequeno Porte I";"4,116709694581610179";"132,74037636365170556";"1. Despertados (Efeito Indutor)"
"2312007";"SANTANA DO ACARAU";"CE";"Pequeno Porte II";"0,651937569641030668";"129,52306237226039798";"1. Despertados (Efeito Indutor)"
"2312106";"SANTANA DO CARIRI";"CE";"Pequeno Porte I";"0,000000000000000000";"118,22404597709487462";"1. Despertados (Efeito Indutor)"
"2312205";"SANTA QUITERIA";"CE";"Pequeno Porte II";"20,652044890486287443";"78,90890543244165656";"1. Despertados (Efeito Indutor)"
"2312304";"SAO BENEDITO";"CE";"Pequeno Porte II";"13,563770315772085695";"83,84630546989765776";"1. Despertados (Efeito Indutor)"
"2312601";"SAO LUIS DO CURU";"CE";"Pequeno Porte I";"10,804035677973974572";"50,35853409343292242";"1. Despertados (Efeito Indutor)"
"2312700";"SENADOR POMPEU";"CE";"Pequeno Porte II";"21,751251674587376073";"20,67440480188721352";"2. Constantes (Sustentabilidade)"
"2312908";"SOBRAL";"CE";"Grande Porte";"38,132019616271804807";"62,52701834617229082";"1. Despertados (Efeito Indutor)"
"2313005";"SOLONOPOLE";"CE";"Pequeno Porte I";"4,182360243361957330";"32,94770573567438987";"1. Despertados (Efeito Indutor)"
"2313104";"TABULEIRO DO NORTE";"CE";"Pequeno Porte II";"29,470863085694052330";"40,61991798154502931";"1. Despertados (Efeito Indutor)"
"2313252";"TARRAFAS";"CE";"Pequeno Porte I";"42,844351676536511775";"83,76161071344560582";"1. Despertados (Efeito Indutor)"
"2313302";"TAUA";"CE";"Médio Porte";"32,092321319091112741";"125,91663800546879770";"1. Despertados (Efeito Indutor)"
"2313351";"TEJUCUOCA";"CE";"Pequeno Porte I";"12,270867898478902802";"48,66758902491438477";"1. Despertados (Efeito Indutor)"
"2313401";"TIANGUA";"CE";"Médio Porte";"16,229919548876139856";"39,28732483993118052";"1. Despertados (Efeito Indutor)"
"2313500";"TRAIRI";"CE";"Médio Porte";"15,574234646676906380";"114,49167663616265145";"1. Despertados (Efeito Indutor)"
"2313559";"TURURU";"CE";"Pequeno Porte I";"12,684046053952581445";"62,79255777124323856";"1. Despertados (Efeito Indutor)"
"2313609";"UBAJARA";"CE";"Pequeno Porte II";"38,010838144959542717";"115,67542382728146322";"1. Despertados (Efeito Indutor)"
"2313708";"UMARI";"CE";"Pequeno Porte I";"25,356755038738636898";"161,85897871776322177";"1. Despertados (Efeito Indutor)"
"2313757";"UMIRIM";"CE";"Pequeno Porte I";"2,898932626409754576";"34,53161887725168810";"1. Despertados (Efeito Indutor)"
"2313807";"URUBURETAMA";"CE";"Pequeno Porte II";"39,844912918357323406";"60,23056139154076050";"1. Despertados (Efeito Indutor)"
"2313955";"VARJOTA";"CE";"Pequeno Porte I";"67,619285908270370555";"98,41071688807465989";"1. Despertados (Efeito Indutor)"
"2314003";"VARZEA ALEGRE";"CE";"Pequeno Porte II";"25,885002619031855176";"54,40242090656992957";"1. Despertados (Efeito Indutor)"
"2314102";"VICOSA DO CEARA";"CE";"Médio Porte";"8,267189250482386953";"3,26220916438058950";"2. Constantes (Sustentabilidade)"
"2400109";"ACARI";"RN";"Pequeno Porte I";"52,596025601110731884";"93,45839345946393451";"1. Despertados (Efeito Indutor)"
"2400307";"AFONSO BEZERRA";"RN";"Pequeno Porte I";"4,264235812452093377";"81,88052992158202414";"1. Despertados (Efeito Indutor)"
"2400505";"ALEXANDRIA";"RN";"Pequeno Porte I";"37,337939662857166923";"126,56104351384993834";"1. Despertados (Efeito Indutor)"
"2400901";"ANTONIO MARTINS";"RN";"Pequeno Porte I";"0,000000000000000000";"54,77933224649262911";"1. Despertados (Efeito Indutor)"
"2401008";"APODI";"RN";"Pequeno Porte II";"39,381187099996303402";"47,45990810701466955";"2. Constantes (Sustentabilidade)"
"2401107";"AREIA BRANCA";"RN";"Pequeno Porte II";"8,392937425061550272";"0,00000000000000000";"4. Efeito Substituição (Retração Local)"
"2401206";"AREZ";"RN";"Pequeno Porte I";"150,714155797329055986";"153,29237693776130413";"2. Constantes (Sustentabilidade)"
"2401305";"CAMPO GRANDE";"RN";"Pequeno Porte I";"21,770630633128469356";"158,61613004366159885";"1. Despertados (Efeito Indutor)"
"2401404";"BAIA FORMOSA";"RN";"Pequeno Porte I";"10,949177651084983864";"10,64991325060951688";"2. Constantes (Sustentabilidade)"
"2401453";"BARAUNA";"RN";"Pequeno Porte II";"0,000000000000000000";"21,22190237390720924";"1. Despertados (Efeito Indutor)"
"2401503";"BARCELONA";"RN";"Pequeno Porte I";"21,304497639681894583";"57,80269274104087884";"1. Despertados (Efeito Indutor)"
"2401602";"BENTO FERNANDES";"RN";"Pequeno Porte I";"21,794148499735928937";"0,00000000000000000";"4. Efeito Substituição (Retração Local)"
"2401701";"BOM JESUS";"RN";"Pequeno Porte I";"10,985580486622604113";"16,06986166580217912";"2. Constantes (Sustentabilidade)"
"2401800";"BREJINHO";"RN";"Pequeno Porte I";"24,553455915677030674";"49,62630343519373355";"1. Despertados (Efeito Indutor)"
"2402006";"CAICO";"RN";"Médio Porte";"28,619628844879652974";"58,76704204984130797";"1. Despertados (Efeito Indutor)"
"2402105";"CAMPO REDONDO";"RN";"Pequeno Porte I";"34,000110683992495808";"37,56865883424432440";"2. Constantes (Sustentabilidade)"
"2402204";"CANGUARETAMA";"RN";"Pequeno Porte II";"34,039748729806937888";"44,16304432817381098";"2. Constantes (Sustentabilidade)"
"2402303";"CARAUBAS";"RN";"Pequeno Porte I";"140,294096759104292005";"134,25174108386244143";"2. Constantes (Sustentabilidade)"
"2402402";"CARNAUBA DOS DANTAS";"RN";"Pequeno Porte I";"26,333507135787755260";"107,63630992777910933";"1. Despertados (Efeito Indutor)"
"2402501";"CARNAUBAIS";"RN";"Pequeno Porte I";"69,281761040912059002";"67,00840111310576219";"2. Constantes (Sustentabilidade)"
"2402600";"CEARA-MIRIM";"RN";"Médio Porte";"71,229296220822817531";"90,22853378584426309";"2. Constantes (Sustentabilidade)"
"2402709";"CERRO CORA";"RN";"Pequeno Porte I";"0,000000000000000000";"32,94222417165989469";"1. Despertados (Efeito Indutor)"
"2402808";"CORONEL EZEQUIEL";"RN";"Pequeno Porte I";"20,536844330762207278";"2,88162045816185719";"4. Efeito Substituição (Retração Local)"
"2402907";"CORONEL JOAO PESSOA";"RN";"Pequeno Porte I";"5,275123105323646477";"32,48308593095142527";"1. Despertados (Efeito Indutor)"
"2403103";"CURRAIS NOVOS";"RN";"Pequeno Porte II";"62,214060422228158131";"23,77633456282402236";"4. Efeito Substituição (Retração Local)"
"2403202";"DOUTOR SEVERIANO";"RN";"Pequeno Porte I";"11,371488127721457673";"42,81811782044842118";"1. Despertados (Efeito Indutor)"
"2403251";"PARNAMIRIM";"RN";"Grande Porte";"34,071196544343429480";"36,45788801678196478";"2. Constantes (Sustentabilidade)"
"2403301";"ENCANTO";"RN";"Pequeno Porte I";"5,905674553893049072";"2,16693669928263244";"2. Constantes (Sustentabilidade)"
"2403400";"EQUADOR";"RN";"Pequeno Porte I";"67,338097141958357383";"159,95708731662091395";"1. Despertados (Efeito Indutor)"
"2403509";"ESPIRITO SANTO";"RN";"Pequeno Porte I";"26,390629471138208118";"74,93473137134046169";"1. Despertados (Efeito Indutor)"
"2403608";"EXTREMOZ";"RN";"Médio Porte";"6,530625299320048427";"42,84687165625337002";"1. Despertados (Efeito Indutor)"
"2403707";"FELIPE GUERRA";"RN";"Pequeno Porte I";"12,640207118111987938";"5,05208445491251723";"4. Efeito Substituição (Retração Local)"
"2403806";"FLORANIA";"RN";"Pequeno Porte I";"10,240997370968402791";"15,05139086294559903";"2. Constantes (Sustentabilidade)"
"2403905";"FRANCISCO DANTAS";"RN";"Pequeno Porte I";"59,822531843523144346";"72,41977823013755255";"2. Constantes (Sustentabilidade)"
"2404101";"GALINHOS";"RN";"Pequeno Porte I";"17,193221409349000339";"0,00000000000000000";"4. Efeito Substituição (Retração Local)"
"2404200";"GOIANINHA";"RN";"Pequeno Porte II";"141,372879938009418765";"109,92975426214206891";"2. Constantes (Sustentabilidade)"
"2404309";"GOVERNADOR DIX-SEPT ROSADO";"RN";"Pequeno Porte I";"178,899370481186906545";"81,57837359918825371";"4. Efeito Substituição (Retração Local)"
"2404408";"GROSSOS";"RN";"Pequeno Porte I";"17,689272458040647962";"83,85461677040706263";"1. Despertados (Efeito Indutor)"
"2404507";"GUAMARE";"RN";"Pequeno Porte I";"147,776187614528794256";"198,87156199187000993";"1. Despertados (Efeito Indutor)"
"2404705";"IPANGUACU";"RN";"Pequeno Porte I";"129,131603226052533273";"66,82541513905779595";"4. Efeito Substituição (Retração Local)"
"2404804";"IPUEIRA";"RN";"Pequeno Porte I";"51,700207623273570334";"102,23923050849424499";"1. Despertados (Efeito Indutor)"
"2404853";"ITAJA";"RN";"Pequeno Porte I";"36,744610689144906246";"6,10115278854912724";"4. Efeito Substituição (Retração Local)"
"2404903";"ITAU";"RN";"Pequeno Porte I";"43,786159902019690549";"117,57659972574063545";"1. Despertados (Efeito Indutor)"
"2405009";"JACANA";"RN";"Pequeno Porte I";"0,000000000000000000";"38,71580423967947127";"1. Despertados (Efeito Indutor)"
"2405108";"JANDAIRA";"RN";"Pequeno Porte I";"52,300062226333437820";"35,35340572387811875";"4. Efeito Substituição (Retração Local)"
"2405207";"JANDUIS";"RN";"Pequeno Porte I";"69,444270210309426261";"46,73677833168899554";"4. Efeito Substituição (Retração Local)"
"2405306";"JANUARIO CICCO";"RN";"Pequeno Porte I";"0,970638040578933770";"0,00000000000000000";"2. Constantes (Sustentabilidade)"
"2405405";"JAPI";"RN";"Pequeno Porte I";"30,508853227833562016";"73,99776920070354436";"1. Despertados (Efeito Indutor)"
"2405504";"JARDIM DE ANGICOS";"RN";"Pequeno Porte I";"9,620197303869607808";"55,39597866228969991";"1. Despertados (Efeito Indutor)"
"2405603";"JARDIM DE PIRANHAS";"RN";"Pequeno Porte I";"69,628725598360105664";"151,19257450648910890";"1. Despertados (Efeito Indutor)"
"2405702";"JARDIM DO SERIDO";"RN";"Pequeno Porte I";"96,503335822908866248";"84,48467501199102969";"2. Constantes (Sustentabilidade)"
"2405801";"JOAO CAMARA";"RN";"Pequeno Porte II";"9,876861221324819695";"100,60411638967249814";"1. Despertados (Efeito Indutor)"
"2405900";"JOAO DIAS";"RN";"Pequeno Porte I";"0,000000000000000000";"157,97671138575822170";"1. Despertados (Efeito Indutor)"
"2406106";"JUCURUTU";"RN";"Pequeno Porte I";"17,437624602580459765";"94,00425240092991430";"1. Despertados (Efeito Indutor)"
"2406155";"JUNDIA";"RN";"Pequeno Porte I";"10,457486273827385048";"3,14322275149445707";"4. Efeito Substituição (Retração Local)"
"2406205";"LAGOA D'ANTA";"RN";"Pequeno Porte I";"16,617285146498083748";"94,81673591493412800";"1. Despertados (Efeito Indutor)"
"2406304";"LAGOA DE PEDRAS";"RN";"Pequeno Porte I";"5,281879722764615259";"36,14925509356383060";"1. Despertados (Efeito Indutor)"
"2406403";"LAGOA DE VELHOS";"RN";"Pequeno Porte I";"2,395664757964920177";"88,33620539149535489";"1. Despertados (Efeito Indutor)"
"2406502";"LAGOA NOVA";"RN";"Pequeno Porte I";"6,643092116631716060";"5,51830532230433413";"2. Constantes (Sustentabilidade)"
"2406601";"LAGOA SALGADA";"RN";"Pequeno Porte I";"0,000000000000000000";"83,36851000546036516";"1. Despertados (Efeito Indutor)"
"2406700";"LAJES";"RN";"Pequeno Porte I";"19,291873385431770771";"57,59709119908703912";"1. Despertados (Efeito Indutor)"
"2406809";"LAJES PINTADAS";"RN";"Pequeno Porte I";"68,784808484046081389";"69,08237182476904081";"2. Constantes (Sustentabilidade)"
"2407005";"LUIS GOMES";"RN";"Pequeno Porte I";"36,586103692918001684";"163,89642787310214089";"1. Despertados (Efeito Indutor)"
"2407104";"MACAIBA";"RN";"Médio Porte";"96,925775269773211562";"70,30249322320302952";"4. Efeito Substituição (Retração Local)"
"2407203";"MACAU";"RN";"Pequeno Porte II";"0,811922314269336365";"22,10432618162250407";"1. Despertados (Efeito Indutor)"
"2407302";"MARCELINO VIEIRA";"RN";"Pequeno Porte I";"28,033810607282592997";"84,41203532693889144";"1. Despertados (Efeito Indutor)"
"2407401";"MARTINS";"RN";"Pequeno Porte I";"43,775635762887645797";"2,16713511565431460";"4. Efeito Substituição (Retração Local)"
"2407500";"MAXARANGUAPE";"RN";"Pequeno Porte I";"28,971382837749015238";"11,78595806923451939";"4. Efeito Substituição (Retração Local)"
"2407609";"MESSIAS TARGINO";"RN";"Pequeno Porte I";"14,754548458545249545";"85,71786422983126386";"1. Despertados (Efeito Indutor)"
"2407708";"MONTANHAS";"RN";"Pequeno Porte I";"174,482318573663974348";"142,03494563876026291";"2. Constantes (Sustentabilidade)"
"2407906";"MONTE DAS GAMELEIRAS";"RN";"Pequeno Porte I";"63,455082386434455088";"110,69208719352283765";"1. Despertados (Efeito Indutor)"
"2408003";"MOSSORO";"RN";"Grande Porte";"57,079165720827532482";"116,22486540244767639";"1. Despertados (Efeito Indutor)"
"2408102";"NATAL";"RN";"Grande Porte";"49,834485552190550095";"71,45272967290759425";"1. Despertados (Efeito Indutor)"
"2408201";"NISIA FLORESTA";"RN";"Pequeno Porte II";"82,198520818555806500";"76,06457988002534876";"2. Constantes (Sustentabilidade)"
"2408409";"OLHO D'AGUA DO BORGES";"RN";"Pequeno Porte I";"25,997099275705593868";"37,35785647783568919";"1. Despertados (Efeito Indutor)"
"2408607";"PARANA";"RN";"Pequeno Porte I";"0,000000000000000000";"107,05070038677231992";"1. Despertados (Efeito Indutor)"
"2408805";"PARAZINHO";"RN";"Pequeno Porte I";"0,000000000000000000";"74,53186920945374538";"1. Despertados (Efeito Indutor)"
"2408904";"PARELHAS";"RN";"Pequeno Porte II";"126,263986757464962807";"6,20051036322792548";"4. Efeito Substituição (Retração Local)"
"2408953";"RIO DO FOGO";"RN";"Pequeno Porte I";"11,688189534897722055";"0,00000000000000000";"4. Efeito Substituição (Retração Local)"
"2409100";"PASSA E FICA";"RN";"Pequeno Porte I";"13,902847364469129943";"140,76513598895604673";"1. Despertados (Efeito Indutor)"
"2409209";"PASSAGEM";"RN";"Pequeno Porte I";"18,245819740423385724";"117,39571977957328386";"1. Despertados (Efeito Indutor)"
"2409308";"PATU";"RN";"Pequeno Porte I";"10,681134550479555401";"54,17301907364863922";"1. Despertados (Efeito Indutor)"
"2409332";"SANTA MARIA";"RN";"Pequeno Porte I";"0,000000000000000000";"41,67657866387081356";"1. Despertados (Efeito Indutor)"
"2409407";"PAU DOS FERROS";"RN";"Pequeno Porte II";"5,772095784631051885";"179,32765548722204585";"1. Despertados (Efeito Indutor)"
"2409605";"PEDRA PRETA";"RN";"Pequeno Porte I";"0,000000000000000000";"1,02417042195821395";"2. Constantes (Sustentabilidade)"
"2409803";"PEDRO VELHO";"RN";"Pequeno Porte I";"45,476206726516956280";"53,29331038616097516";"2. Constantes (Sustentabilidade)"
"2409902";"PENDENCIAS";"RN";"Pequeno Porte I";"103,312730832150123206";"177,20030551734430446";"1. Despertados (Efeito Indutor)"
"2410009";"PILOES";"RN";"Pequeno Porte I";"36,842620818118788861";"11,75331351786144651";"4. Efeito Substituição (Retração Local)"
"2410108";"POCO BRANCO";"RN";"Pequeno Porte I";"54,876243159523532711";"76,64754316803809786";"1. Despertados (Efeito Indutor)"
"2410207";"PORTALEGRE";"RN";"Pequeno Porte I";"11,945035409589248587";"153,92685058224486738";"1. Despertados (Efeito Indutor)"
"2410256";"PORTO DO MANGUE";"RN";"Pequeno Porte I";"21,971922121341311396";"23,43896368738792546";"2. Constantes (Sustentabilidade)"
"2410306";"SERRA CAIADA";"RN";"Pequeno Porte I";"30,054482320688585162";"50,13906547778395861";"1. Despertados (Efeito Indutor)"
"2410405";"PUREZA";"RN";"Pequeno Porte I";"16,294716907461555877";"5,95904624008131023";"4. Efeito Substituição (Retração Local)"
"2410603";"RAFAEL GODEIRO";"RN";"Pequeno Porte I";"9,951608668116524115";"0,00000000000000000";"4. Efeito Substituição (Retração Local)"
"2410801";"RIACHO DE SANTANA";"RN";"Pequeno Porte I";"45,071183898371344867";"82,22776136666651325";"1. Despertados (Efeito Indutor)"
"2410900";"RIACHUELO";"RN";"Pequeno Porte I";"12,536561894640103176";"2,70466301258627695";"4. Efeito Substituição (Retração Local)"
"2411007";"RODOLFO FERNANDES";"RN";"Pequeno Porte I";"54,909407013762447036";"120,35105361934647306";"1. Despertados (Efeito Indutor)"
"2411056";"TIBAU";"RN";"Pequeno Porte I";"11,804758755642922097";"84,51248645545065585";"1. Despertados (Efeito Indutor)"
"2411205";"SANTA CRUZ";"RN";"Pequeno Porte II";"44,782044626556917422";"57,89433059699052819";"2. Constantes (Sustentabilidade)"
"2411403";"SANTANA DO MATOS";"RN";"Pequeno Porte I";"22,766226458802812260";"41,22662189509935615";"1. Despertados (Efeito Indutor)"
"2411502";"SANTO ANTONIO";"RN";"Pequeno Porte II";"26,029041511254671803";"7,50151476018638608";"4. Efeito Substituição (Retração Local)"
"2411700";"SAO BENTO DO TRAIRI";"RN";"Pequeno Porte I";"0,000000000000000000";"61,14727236474145400";"1. Despertados (Efeito Indutor)"
"2411809";"SAO FERNANDO";"RN";"Pequeno Porte I";"0,739947182238387735";"74,88228700114673586";"1. Despertados (Efeito Indutor)"
"2412005";"SAO GONCALO DO AMARANTE";"RN";"Grande Porte";"40,230944489268900099";"6,79683779018083456";"4. Efeito Substituição (Retração Local)"
"2412104";"SAO JOAO DO SABUGI";"RN";"Pequeno Porte I";"51,176055871020693644";"169,01229930364465304";"1. Despertados (Efeito Indutor)"
"2412203";"SAO JOSE DE MIPIBU";"RN";"Pequeno Porte II";"30,710701450727967199";"75,03291735217484870";"1. Despertados (Efeito Indutor)"
"2412302";"SAO JOSE DO CAMPESTRE";"RN";"Pequeno Porte I";"41,511651844233789177";"106,69241353888668300";"1. Despertados (Efeito Indutor)"
"2412401";"SAO JOSE DO SERIDO";"RN";"Pequeno Porte I";"14,827368347260915016";"14,85348101613556793";"2. Constantes (Sustentabilidade)"
"2412500";"SAO MIGUEL";"RN";"Pequeno Porte II";"9,709796922323580048";"48,25433393589842979";"1. Despertados (Efeito Indutor)"
"2412559";"SAO MIGUEL DO GOSTOSO";"RN";"Pequeno Porte I";"12,488449337892243207";"152,34671845965615944";"1. Despertados (Efeito Indutor)"
"2412609";"SAO PAULO DO POTENGI";"RN";"Pequeno Porte I";"15,098122300365675486";"58,57592377818963314";"1. Despertados (Efeito Indutor)"
"2412708";"SAO PEDRO";"RN";"Pequeno Porte I";"0,000000000000000000";"130,93768412973199133";"1. Despertados (Efeito Indutor)"
"2412807";"SAO RAFAEL";"RN";"Pequeno Porte I";"9,350746415809211953";"41,83410453868974344";"1. Despertados (Efeito Indutor)"
"2412906";"SAO TOME";"RN";"Pequeno Porte I";"18,850357645799750372";"81,01181989855267318";"1. Despertados (Efeito Indutor)"
"2413003";"SAO VICENTE";"RN";"Pequeno Porte I";"28,509864154255748048";"148,17472318187901692";"1. Despertados (Efeito Indutor)"
"2413102";"SENADOR ELOI DE SOUZA";"RN";"Pequeno Porte I";"104,210576365958885958";"0,00000000000000000";"4. Efeito Substituição (Retração Local)"
"2413300";"SERRA DE SAO BENTO";"RN";"Pequeno Porte I";"13,818834752144786293";"22,88826827918867934";"1. Despertados (Efeito Indutor)"
"2413359";"SERRA DO MEL";"RN";"Pequeno Porte I";"163,121439232903185257";"170,25577163923827584";"2. Constantes (Sustentabilidade)"
"2413409";"SERRA NEGRA DO NORTE";"RN";"Pequeno Porte I";"17,166952123698408172";"5,76014660653297383";"4. Efeito Substituição (Retração Local)"
"2413508";"SERRINHA";"RN";"Pequeno Porte I";"183,482911534921157681";"0,00000000000000000";"4. Efeito Substituição (Retração Local)"
"2413557";"SERRINHA DOS PINTOS";"RN";"Pequeno Porte I";"43,782776450269274449";"165,33490605657061678";"1. Despertados (Efeito Indutor)"
"2413607";"SEVERIANO MELO";"RN";"Pequeno Porte I";"29,156188696363916080";"35,08292327319117732";"2. Constantes (Sustentabilidade)"
"2413706";"SITIO NOVO";"RN";"Pequeno Porte I";"55,561527332332019569";"73,49687031351611211";"1. Despertados (Efeito Indutor)"
"2413904";"TAIPU";"RN";"Pequeno Porte I";"0,000000000000000000";"67,00730121332384215";"1. Despertados (Efeito Indutor)"
"2414001";"TANGARA";"RN";"Pequeno Porte I";"17,647089346781047681";"30,74465679710680988";"1. Despertados (Efeito Indutor)"
"2414100";"TENENTE ANANIAS";"RN";"Pequeno Porte I";"0,000000000000000000";"90,01078426168417934";"1. Despertados (Efeito Indutor)"
"2414159";"TENENTE LAURENTINO CRUZ";"RN";"Pequeno Porte I";"34,066075120445816538";"7,25499889419601729";"4. Efeito Substituição (Retração Local)"
"2414209";"TIBAU DO SUL";"RN";"Pequeno Porte I";"105,201824164328840538";"47,18792394941078072";"4. Efeito Substituição (Retração Local)"
"2414407";"TOUROS";"RN";"Pequeno Porte II";"10,310434332285442594";"1,51890938338401082";"4. Efeito Substituição (Retração Local)"
"2414456";"TRIUNFO POTIGUAR";"RN";"Pequeno Porte I";"105,352092212723420062";"100,16480519553265083";"2. Constantes (Sustentabilidade)"
"2414506";"UMARIZAL";"RN";"Pequeno Porte I";"35,179076569057436075";"85,00608212392255325";"1. Despertados (Efeito Indutor)"
"2414605";"UPANEMA";"RN";"Pequeno Porte I";"87,295126360352440997";"173,44339904210167447";"1. Despertados (Efeito Indutor)"
"2414704";"VARZEA";"RN";"Pequeno Porte I";"26,819887879353085935";"164,08324205019516739";"1. Despertados (Efeito Indutor)"
"2414753";"VENHA-VER";"RN";"Pequeno Porte I";"6,102674368460437648";"11,36278865295288654";"2. Constantes (Sustentabilidade)"
"2414803";"VERA CRUZ";"RN";"Pequeno Porte I";"23,816077084204987813";"98,23705631432406449";"1. Despertados (Efeito Indutor)"
"2414902";"VICOSA";"RN";"Pequeno Porte I";"4,109840468699753835";"86,83923461926764276";"1. Despertados (Efeito Indutor)"
"2415008";"VILA FLOR";"RN";"Pequeno Porte I";"121,786633847610872294";"146,05137804160330006";"2. Constantes (Sustentabilidade)"
"2500106";"AGUA BRANCA";"PB";"Pequeno Porte I";"52,850538925725864203";"54,73268452062131928";"2. Constantes (Sustentabilidade)"
"2500205";"AGUIAR";"PB";"Pequeno Porte I";"71,841391601615057994";"183,13603804601524416";"1. Despertados (Efeito Indutor)"
"2500304";"ALAGOA GRANDE";"PB";"Pequeno Porte II";"29,340102361937706377";"89,49723989936471469";"1. Despertados (Efeito Indutor)"
"2500403";"ALAGOA NOVA";"PB";"Pequeno Porte II";"21,822944567447681408";"170,53814111825684563";"1. Despertados (Efeito Indutor)"
"2500536";"ALCANTIL";"PB";"Pequeno Porte I";"20,448802620987628131";"163,68839252007987284";"1. Despertados (Efeito Indutor)"
"2500577";"ALGODAO DE JANDAIRA";"PB";"Pequeno Porte I";"4,147533002432906457";"154,44695837103455460";"1. Despertados (Efeito Indutor)"
"2500601";"ALHANDRA";"PB";"Pequeno Porte II";"0,178363706422672547";"162,75990653920416662";"1. Despertados (Efeito Indutor)"
"2500700";"SAO JOAO DO RIO DO PEIXE";"PB";"Pequeno Porte I";"22,742074643481814178";"92,99072358568284358";"1. Despertados (Efeito Indutor)"
"2500775";"APARECIDA";"PB";"Pequeno Porte I";"26,523079283523593119";"80,57738065326633148";"1. Despertados (Efeito Indutor)"
"2500809";"ARACAGI";"PB";"Pequeno Porte I";"48,383410994412983541";"41,06599843806319683";"2. Constantes (Sustentabilidade)"
"2501005";"ARARUNA";"PB";"Pequeno Porte I";"2,214252231330799070";"16,64504683227645643";"1. Despertados (Efeito Indutor)"
"2501104";"AREIA";"PB";"Pequeno Porte II";"19,230680667951229879";"42,09755014113155624";"1. Despertados (Efeito Indutor)"
"2501302";"AROEIRAS";"PB";"Pequeno Porte I";"18,499223100866103664";"155,77714817239478862";"1. Despertados (Efeito Indutor)"
"2501401";"BAIA DA TRAICAO";"PB";"Pequeno Porte I";"8,685095141482445769";"100,34508308086299166";"1. Despertados (Efeito Indutor)"
"2501500";"BANANEIRAS";"PB";"Pequeno Porte II";"23,461135599119160133";"0,00000000000000000";"4. Efeito Substituição (Retração Local)"
"2501534";"BARAUNA";"PB";"Pequeno Porte I";"27,375399482236602466";"175,27514705409376461";"1. Despertados (Efeito Indutor)"
"2501575";"BARRA DE SANTANA";"PB";"Pequeno Porte I";"29,210142563503151081";"150,82234700359964563";"1. Despertados (Efeito Indutor)"
"2501609";"BARRA DE SANTA ROSA";"PB";"Pequeno Porte I";"14,687596044142326335";"189,86440371936251381";"1. Despertados (Efeito Indutor)"
"2501807";"BAYEUX";"PB";"Médio Porte";"17,292291648102494861";"11,64958118285412425";"2. Constantes (Sustentabilidade)"
"2501906";"BELEM";"PB";"Pequeno Porte I";"42,205013094431926390";"179,26785292397204330";"1. Despertados (Efeito Indutor)"
"2502003";"BELEM DO BREJO DO CRUZ";"PB";"Pequeno Porte I";"38,236322020266818811";"53,70710595400316834";"1. Despertados (Efeito Indutor)"
"2502102";"BOA VENTURA";"PB";"Pequeno Porte I";"0,000000000000000000";"41,05887793095775606";"1. Despertados (Efeito Indutor)"
"2502300";"BOM SUCESSO";"PB";"Pequeno Porte I";"4,989285570347146148";"8,41435850675820518";"2. Constantes (Sustentabilidade)"
"2502409";"BONITO DE SANTA FE";"PB";"Pequeno Porte I";"17,493718976801503118";"63,17840457881955984";"1. Despertados (Efeito Indutor)"
"2502508";"BOQUEIRAO";"PB";"Pequeno Porte I";"15,814939952908318332";"4,56920866485077859";"4. Efeito Substituição (Retração Local)"
"2502805";"BREJO DO CRUZ";"PB";"Pequeno Porte I";"12,486708986951057909";"35,93016466534390929";"1. Despertados (Efeito Indutor)"
"2502904";"BREJO DOS SANTOS";"PB";"Pequeno Porte I";"28,264197186738627465";"26,47553898138755812";"2. Constantes (Sustentabilidade)"
"2503001";"CAAPORA";"PB";"Pequeno Porte II";"45,167562433180975745";"146,42138386759603463";"1. Despertados (Efeito Indutor)"
"2503100";"CABACEIRAS";"PB";"Pequeno Porte I";"29,021876616344695066";"144,26870687618057332";"1. Despertados (Efeito Indutor)"
"2503209";"CABEDELO";"PB";"Médio Porte";"63,067256237847708178";"55,13630873325902826";"2. Constantes (Sustentabilidade)"
"2503308";"CACHOEIRA DOS INDIOS";"PB";"Pequeno Porte I";"8,583807784443674649";"107,40891597738911400";"1. Despertados (Efeito Indutor)"
"2503506";"CACIMBA DE DENTRO";"PB";"Pequeno Porte I";"11,876928058693755119";"129,52306009351349303";"1. Despertados (Efeito Indutor)"
"2503555";"CACIMBAS";"PB";"Pequeno Porte I";"16,547720772357077834";"5,58595542189619110";"4. Efeito Substituição (Retração Local)"
"2503605";"CAICARA";"PB";"Pequeno Porte I";"30,843885376352623950";"191,84973310836119254";"1. Despertados (Efeito Indutor)"
"2503704";"CAJAZEIRAS";"PB";"Médio Porte";"22,641425196268190945";"36,51678014568214792";"1. Despertados (Efeito Indutor)"
"2503753";"CAJAZEIRINHAS";"PB";"Pequeno Porte I";"0,000000000000000000";"155,96459502220051263";"1. Despertados (Efeito Indutor)"
"2504009";"CAMPINA GRANDE";"PB";"Grande Porte";"8,395573204004548984";"3,35610098180963945";"2. Constantes (Sustentabilidade)"
"2504033";"CAPIM";"PB";"Pequeno Porte I";"29,913842313740865109";"33,89567520105269693";"2. Constantes (Sustentabilidade)"
"2504074";"CARAUBAS";"PB";"Pequeno Porte I";"0,000000000000000000";"18,59237428344859211";"1. Despertados (Efeito Indutor)"
"2504108";"CARRAPATEIRA";"PB";"Pequeno Porte I";"18,438218266869323969";"69,95532693020766146";"1. Despertados (Efeito Indutor)"
"2504157";"CASSERENGUE";"PB";"Pequeno Porte I";"12,986912637533297499";"81,87823807151764299";"1. Despertados (Efeito Indutor)"
"2504306";"CATOLE DO ROCHA";"PB";"Pequeno Porte II";"54,674912348219521618";"119,71181949024338564";"1. Despertados (Efeito Indutor)"
"2504405";"CONCEICAO";"PB";"Pequeno Porte I";"10,563229666629325720";"50,11338008378326947";"1. Despertados (Efeito Indutor)"
"2504504";"CONDADO";"PB";"Pequeno Porte I";"21,936402129043305109";"163,90086695593134891";"1. Despertados (Efeito Indutor)"
"2504603";"CONDE";"PB";"Pequeno Porte II";"9,398996152857844066";"1,64110608042361505";"4. Efeito Substituição (Retração Local)"
"2504801";"COREMAS";"PB";"Pequeno Porte I";"46,018959077009718328";"89,74314222147111764";"1. Despertados (Efeito Indutor)"
"2504900";"CRUZ DO ESPIRITO SANTO";"PB";"Pequeno Porte I";"47,932695539391581008";"96,03609438198319026";"1. Despertados (Efeito Indutor)"
"2505006";"CUBATI";"PB";"Pequeno Porte I";"46,198382291266298694";"187,85031468076761030";"1. Despertados (Efeito Indutor)"
"2505105";"CUITE";"PB";"Pequeno Porte I";"14,048280730481089051";"84,72242951609318595";"1. Despertados (Efeito Indutor)"
"2505352";"DAMIAO";"PB";"Pequeno Porte I";"3,703134143132848610";"78,73638665215972310";"1. Despertados (Efeito Indutor)"
"2505402";"DESTERRO";"PB";"Pequeno Porte I";"16,212206990015371133";"8,75026857749343279";"2. Constantes (Sustentabilidade)"
"2505501";"VISTA SERRANA";"PB";"Pequeno Porte I";"46,483152761509870743";"34,06177236009826004";"2. Constantes (Sustentabilidade)"
"2505600";"DIAMANTE";"PB";"Pequeno Porte I";"14,566902993518485943";"11,04782140000877355";"2. Constantes (Sustentabilidade)"
"2505709";"DONA INES";"PB";"Pequeno Porte I";"21,211992742494206965";"77,99176554318036381";"1. Despertados (Efeito Indutor)"
"2506004";"ESPERANCA";"PB";"Pequeno Porte II";"35,131185042786803763";"27,44733008085020032";"2. Constantes (Sustentabilidade)"
"2506103";"FAGUNDES";"PB";"Pequeno Porte I";"11,587657255557344271";"17,93445565850288759";"2. Constantes (Sustentabilidade)"
"2506251";"GADO BRAVO";"PB";"Pequeno Porte I";"3,759427456715950022";"43,17948371600013502";"1. Despertados (Efeito Indutor)"
"2506301";"GUARABIRA";"PB";"Médio Porte";"64,964294177916414696";"95,04398664514800998";"1. Despertados (Efeito Indutor)"
"2506400";"GURINHEM";"PB";"Pequeno Porte I";"19,891447813342079343";"46,61624549625456382";"1. Despertados (Efeito Indutor)"
"2506608";"IBIARA";"PB";"Pequeno Porte I";"94,381991220059802572";"131,43835350335587009";"1. Despertados (Efeito Indutor)"
"2506806";"INGA";"PB";"Pequeno Porte I";"0,000000000000000000";"170,87794798181420219";"1. Despertados (Efeito Indutor)"
"2506905";"ITABAIANA";"PB";"Pequeno Porte II";"20,871280963476799286";"139,38365130346340948";"1. Despertados (Efeito Indutor)"
"2507002";"ITAPORANGA";"PB";"Pequeno Porte II";"29,380506107053651732";"41,15751553197661394";"1. Despertados (Efeito Indutor)"
"2507101";"ITAPOROROCA";"PB";"Pequeno Porte I";"30,123508332476124139";"111,47934411401473653";"1. Despertados (Efeito Indutor)"
"2507200";"ITATUBA";"PB";"Pequeno Porte I";"11,864355530774798098";"29,72563926367396192";"1. Despertados (Efeito Indutor)"
"2507309";"JACARAU";"PB";"Pequeno Porte I";"27,561982192631564459";"177,35615418967577739";"1. Despertados (Efeito Indutor)"
"2507408";"JERICO";"PB";"Pequeno Porte I";"9,175949097267531940";"12,81923702684344235";"2. Constantes (Sustentabilidade)"
"2507507";"JOAO PESSOA";"PB";"Grande Porte";"10,380778941562571305";"27,70225242182470282";"1. Despertados (Efeito Indutor)"
"2507606";"JUAREZ TAVORA";"PB";"Pequeno Porte I";"4,305387805193698902";"159,19157907077982372";"1. Despertados (Efeito Indutor)"
"2507705";"JUAZEIRINHO";"PB";"Pequeno Porte I";"19,529942424532364953";"123,03445079258577266";"1. Despertados (Efeito Indutor)"
"2507804";"JUNCO DO SERIDO";"PB";"Pequeno Porte I";"0,000000000000000000";"191,50555116740687822";"1. Despertados (Efeito Indutor)"
"2508000";"JURU";"PB";"Pequeno Porte I";"18,863845105873565444";"33,92981860515486403";"1. Despertados (Efeito Indutor)"
"2508109";"LAGOA";"PB";"Pequeno Porte I";"21,189699356509567707";"64,77277756863486502";"1. Despertados (Efeito Indutor)"
"2508208";"LAGOA DE DENTRO";"PB";"Pequeno Porte I";"91,761697315057347168";"195,42653699193363082";"1. Despertados (Efeito Indutor)"
"2508307";"LAGOA SECA";"PB";"Pequeno Porte II";"1,137734035059374316";"13,22979231216099194";"1. Despertados (Efeito Indutor)"
"2508406";"LASTRO";"PB";"Pequeno Porte I";"37,444466945548860792";"25,62048469707165310";"2. Constantes (Sustentabilidade)"
"2508505";"LIVRAMENTO";"PB";"Pequeno Porte I";"19,376113172602533297";"185,47320416862592651";"1. Despertados (Efeito Indutor)"
"2508554";"LOGRADOURO";"PB";"Pequeno Porte I";"44,298403521071755051";"141,83581509276632460";"1. Despertados (Efeito Indutor)"
"2508604";"LUCENA";"PB";"Pequeno Porte I";"34,524120844017822662";"33,23221138369514449";"2. Constantes (Sustentabilidade)"
"2508703";"MAE D'AGUA";"PB";"Pequeno Porte I";"54,904957339239054193";"79,39618978231011681";"1. Despertados (Efeito Indutor)"
"2508901";"MAMANGUAPE";"PB";"Pequeno Porte II";"13,773145065326636072";"65,62909509657026774";"1. Despertados (Efeito Indutor)"
"2509008";"MANAIRA";"PB";"Pequeno Porte I";"15,085030666301085134";"141,12750587684149650";"1. Despertados (Efeito Indutor)"
"2509057";"MARCACAO";"PB";"Pequeno Porte I";"2,241060656599421108";"5,98914997450578568";"2. Constantes (Sustentabilidade)"
"2509107";"MARI";"PB";"Pequeno Porte II";"34,138482915745328228";"115,25315989750802714";"1. Despertados (Efeito Indutor)"
"2509156";"MARIZOPOLIS";"PB";"Pequeno Porte I";"11,918290528823632712";"76,32193458985445034";"1. Despertados (Efeito Indutor)"
"2509206";"MASSARANDUBA";"PB";"Pequeno Porte I";"9,310388463199934961";"76,26530295486944055";"1. Despertados (Efeito Indutor)"
"2509396";"MATUREIA";"PB";"Pequeno Porte I";"11,490808086392213738";"0,00000000000000000";"4. Efeito Substituição (Retração Local)"
"2509404";"MOGEIRO";"PB";"Pequeno Porte I";"10,641750348410020877";"24,61692873951168181";"1. Despertados (Efeito Indutor)"
"2509503";"MONTADAS";"PB";"Pequeno Porte I";"0,000000000000000000";"23,55990106675842810";"1. Despertados (Efeito Indutor)"
"2509602";"MONTE HOREBE";"PB";"Pequeno Porte I";"45,711328251783371002";"40,21802342242703787";"2. Constantes (Sustentabilidade)"
"2509701";"MONTEIRO";"PB";"Pequeno Porte II";"25,708560819721263613";"136,78612809806483597";"1. Despertados (Efeito Indutor)"
"2509800";"MULUNGU";"PB";"Pequeno Porte I";"30,380803830036942514";"102,54758392093273756";"1. Despertados (Efeito Indutor)"
"2510006";"NAZAREZINHO";"PB";"Pequeno Porte I";"0,000000000000000000";"78,99813875740579761";"1. Despertados (Efeito Indutor)"
"2510105";"NOVA FLORESTA";"PB";"Pequeno Porte I";"20,126991932709323407";"87,58862227439421133";"1. Despertados (Efeito Indutor)"
"2510204";"NOVA OLINDA";"PB";"Pequeno Porte I";"15,196851105096364165";"168,94082512528078155";"1. Despertados (Efeito Indutor)"
"2510501";"OLIVEDOS";"PB";"Pequeno Porte I";"18,036861306451715592";"171,68520863945332167";"1. Despertados (Efeito Indutor)"
"2510659";"PARARI";"PB";"Pequeno Porte I";"0,000000000000000000";"182,33874377376321263";"1. Despertados (Efeito Indutor)"
"2510709";"PASSAGEM";"PB";"Pequeno Porte I";"59,359519032209639988";"133,36495228430965199";"1. Despertados (Efeito Indutor)"
"2510808";"PATOS";"PB";"Grande Porte";"19,530501389705737125";"34,97152459294395754";"1. Despertados (Efeito Indutor)"
"2510907";"PAULISTA";"PB";"Pequeno Porte I";"7,280388847170200073";"5,90699412992495176";"2. Constantes (Sustentabilidade)"
"2511004";"PEDRA BRANCA";"PB";"Pequeno Porte I";"1,724624167016707066";"42,30615804379527845";"1. Despertados (Efeito Indutor)"
"2511103";"PEDRA LAVRADA";"PB";"Pequeno Porte I";"28,081557701415437833";"28,12812575315556174";"2. Constantes (Sustentabilidade)"
"2511202";"PEDRAS DE FOGO";"PB";"Pequeno Porte II";"9,592523671919947148";"84,44667613530427275";"1. Despertados (Efeito Indutor)"
"2511301";"PIANCO";"PB";"Pequeno Porte I";"32,985938272220636236";"101,43476339720373858";"1. Despertados (Efeito Indutor)"
"2511400";"PICUI";"PB";"Pequeno Porte I";"27,030062677245673797";"80,03051658998563767";"1. Despertados (Efeito Indutor)"
"2511509";"PILAR";"PB";"Pequeno Porte I";"0,000000000000000000";"14,32994929094390102";"1. Despertados (Efeito Indutor)"
"2511905";"PITIMBU";"PB";"Pequeno Porte I";"36,830823562611215038";"191,44076658340176778";"1. Despertados (Efeito Indutor)"
"2512002";"POCINHOS";"PB";"Pequeno Porte I";"29,096555819571332080";"150,36765365866719435";"1. Despertados (Efeito Indutor)"
"2512036";"POCO DANTAS";"PB";"Pequeno Porte I";"9,250076247603525204";"50,03676627031907742";"1. Despertados (Efeito Indutor)"
"2512077";"POCO DE JOSE DE MOURA";"PB";"Pequeno Porte I";"59,537759008608297506";"91,23726283877283549";"1. Despertados (Efeito Indutor)"
"2512101";"POMBAL";"PB";"Pequeno Porte II";"10,220767459350346584";"6,25939805540317096";"2. Constantes (Sustentabilidade)"
"2512309";"PRINCESA ISABEL";"PB";"Pequeno Porte II";"14,825604976282061642";"130,85680039392875074";"1. Despertados (Efeito Indutor)"
"2512408";"PUXINANA";"PB";"Pequeno Porte I";"10,443352241459386676";"107,03024430596740046";"1. Despertados (Efeito Indutor)"
"2512507";"QUEIMADAS";"PB";"Pequeno Porte II";"19,956575690352661212";"41,96714210015176150";"1. Despertados (Efeito Indutor)"
"2512705";"REMIGIO";"PB";"Pequeno Porte I";"5,453341558275071499";"127,27091982201702081";"1. Despertados (Efeito Indutor)"
"2512747";"RIACHAO";"PB";"Pequeno Porte I";"25,256175483294416750";"188,18036939656167306";"1. Despertados (Efeito Indutor)"
"2512762";"RIACHAO DO POCO";"PB";"Pequeno Porte I";"15,023026741300114395";"11,66492190797804973";"2. Constantes (Sustentabilidade)"
"2512804";"RIACHO DOS CAVALOS";"PB";"Pequeno Porte I";"0,000000000000000000";"186,20343969830696551";"1. Despertados (Efeito Indutor)"
"2512903";"RIO TINTO";"PB";"Pequeno Porte II";"11,594475794487628661";"26,89768322736086503";"1. Despertados (Efeito Indutor)"
"2513000";"SALGADINHO";"PB";"Pequeno Porte I";"13,395438295567091203";"126,95939868876632772";"1. Despertados (Efeito Indutor)"
"2513109";"SALGADO DE SAO FELIX";"PB";"Pequeno Porte I";"109,230713793107739207";"116,46883389210485404";"2. Constantes (Sustentabilidade)"
"2513158";"SANTA CECILIA";"PB";"Pequeno Porte I";"10,227206856659240231";"96,05933115351791685";"1. Despertados (Efeito Indutor)"
"2513208";"SANTA CRUZ";"PB";"Pequeno Porte I";"0,000000000000000000";"8,26285017655960985";"1. Despertados (Efeito Indutor)"
"2513307";"SANTA HELENA";"PB";"Pequeno Porte I";"53,312065445777307104";"104,78965104189607871";"1. Despertados (Efeito Indutor)"
"2513356";"SANTA INES";"PB";"Pequeno Porte I";"10,798977927175664959";"62,90530128756921613";"1. Despertados (Efeito Indutor)"
"2513505";"SANTANA DE MANGUEIRA";"PB";"Pequeno Porte I";"0,000000000000000000";"49,79251497005988369";"1. Despertados (Efeito Indutor)"
"2513604";"SANTANA DOS GARROTES";"PB";"Pequeno Porte I";"31,024372597566635790";"181,41067054961158078";"1. Despertados (Efeito Indutor)"
"2513703";"SANTA RITA";"PB";"Grande Porte";"8,601030353664654626";"46,46684804323773221";"1. Despertados (Efeito Indutor)"
"2513802";"SANTA TERESINHA";"PB";"Pequeno Porte I";"17,524353011140142655";"114,00064843346909527";"1. Despertados (Efeito Indutor)"
"2513901";"SAO BENTO";"PB";"Pequeno Porte II";"15,465185654349868472";"96,47524204073707210";"1. Despertados (Efeito Indutor)"
"2513927";"SAO BENTINHO";"PB";"Pequeno Porte I";"16,293232076774511796";"38,00886825292377580";"1. Despertados (Efeito Indutor)"
"2513968";"SAO DOMINGOS";"PB";"Pequeno Porte I";"0,000000000000000000";"10,38840739510675348";"1. Despertados (Efeito Indutor)"
"2514206";"SAO JOSE DA LAGOA TAPADA";"PB";"Pequeno Porte I";"25,006646438615089068";"31,38451151979319320";"2. Constantes (Sustentabilidade)"
"2514305";"SAO JOSE DE CAIANA";"PB";"Pequeno Porte I";"24,695037732224420779";"110,09278331077553048";"1. Despertados (Efeito Indutor)"
"2514404";"SAO JOSE DE ESPINHARAS";"PB";"Pequeno Porte I";"13,766379157178301185";"85,18388905652591347";"1. Despertados (Efeito Indutor)"
"2514453";"SAO JOSE DOS RAMOS";"PB";"Pequeno Porte I";"35,123309916035729827";"158,11698968659919728";"1. Despertados (Efeito Indutor)"
"2514503";"SAO JOSE DE PIRANHAS";"PB";"Pequeno Porte I";"15,119007548135042995";"68,57452582434632404";"1. Despertados (Efeito Indutor)"
"2514552";"SAO JOSE DE PRINCESA";"PB";"Pequeno Porte I";"117,883223024188197314";"128,98282771980740335";"2. Constantes (Sustentabilidade)"
"2514602";"SAO JOSE DO BONFIM";"PB";"Pequeno Porte I";"113,714776876584778620";"91,99192858266482631";"2. Constantes (Sustentabilidade)"
"2515005";"SAO MIGUEL DE TAIPU";"PB";"Pequeno Porte I";"48,060239843344675137";"0,00000000000000000";"4. Efeito Substituição (Retração Local)"
"2515104";"SAO SEBASTIAO DE LAGOA DE ROCA";"PB";"Pequeno Porte I";"11,089924102875970746";"35,08743389953373537";"1. Despertados (Efeito Indutor)"
"2515302";"SAPE";"PB";"Médio Porte";"18,877759105324457778";"135,77430733332352020";"1. Despertados (Efeito Indutor)"
"2515500";"SERRA BRANCA";"PB";"Pequeno Porte I";"9,888420647540254294";"1,18385778507495676";"4. Efeito Substituição (Retração Local)"
"2515807";"SERRA REDONDA";"PB";"Pequeno Porte I";"35,824567204714647062";"190,36555877355795019";"1. Despertados (Efeito Indutor)"
"2515906";"SERRARIA";"PB";"Pequeno Porte I";"21,152107581941439918";"151,44041713105036706";"1. Despertados (Efeito Indutor)"
"2515971";"SOBRADO";"PB";"Pequeno Porte I";"40,789751480597161049";"66,09424351325039027";"1. Despertados (Efeito Indutor)"
"2516003";"SOLANEA";"PB";"Pequeno Porte II";"0,000000000000000000";"88,37405920748830113";"1. Despertados (Efeito Indutor)"
"2516102";"SOLEDADE";"PB";"Pequeno Porte I";"1,444746873320451819";"121,81067583941515409";"1. Despertados (Efeito Indutor)"
"2516151";"SOSSEGO";"PB";"Pequeno Porte I";"14,659096109300000066";"72,56624733524597559";"1. Despertados (Efeito Indutor)"
"2516201";"SOUSA";"PB";"Médio Porte";"30,328322296340736841";"10,37203361201419760";"4. Efeito Substituição (Retração Local)"
"2516300";"SUME";"PB";"Pequeno Porte I";"40,967812375941676351";"115,00813727355097171";"1. Despertados (Efeito Indutor)"
"2516409";"TACIMA";"PB";"Pequeno Porte I";"37,077772248398147781";"158,39076716369291375";"1. Despertados (Efeito Indutor)"
"2516508";"TAPEROA";"PB";"Pequeno Porte I";"60,094752629859229387";"104,01720297434644635";"1. Despertados (Efeito Indutor)"
"2516607";"TAVARES";"PB";"Pequeno Porte I";"34,074778665593669302";"88,28685128714275265";"1. Despertados (Efeito Indutor)"
"2516706";"TEIXEIRA";"PB";"Pequeno Porte I";"15,070686973135130060";"67,98601158923568732";"1. Despertados (Efeito Indutor)"
"2516805";"TRIUNFO";"PB";"Pequeno Porte I";"26,098677334019480867";"76,72050024975408178";"1. Despertados (Efeito Indutor)"
"2516904";"UIRAUNA";"PB";"Pequeno Porte I";"34,844165651665143457";"115,06413860658551584";"1. Despertados (Efeito Indutor)"
"2517001";"UMBUZEIRO";"PB";"Pequeno Porte I";"47,118958266125780199";"70,78469709783510666";"1. Despertados (Efeito Indutor)"
"2517100";"VARZEA";"PB";"Pequeno Porte I";"79,913483209755469261";"127,93104567910137348";"1. Despertados (Efeito Indutor)"
"2517209";"VIEIROPOLIS";"PB";"Pequeno Porte I";"15,493107370954366075";"41,45059107730262582";"1. Despertados (Efeito Indutor)"
"2600054";"ABREU E LIMA";"PE";"Médio Porte";"13,683472122850458774";"47,68796826995519211";"1. Despertados (Efeito Indutor)"
"2600104";"AFOGADOS DA INGAZEIRA";"PE";"Pequeno Porte II";"45,366931067082610696";"80,36212510049365676";"1. Despertados (Efeito Indutor)"
"2600302";"AGRESTINA";"PE";"Pequeno Porte II";"87,706538657889396404";"193,56613720545038859";"1. Despertados (Efeito Indutor)"
"2600401";"AGUA PRETA";"PE";"Pequeno Porte II";"28,480501788849494460";"178,21069576132546786";"1. Despertados (Efeito Indutor)"
"2600500";"AGUAS BELAS";"PE";"Pequeno Porte II";"18,446947707040692421";"18,30777888283823174";"2. Constantes (Sustentabilidade)"
"2600609";"ALAGOINHA";"PE";"Pequeno Porte I";"88,994973751333091627";"193,99393846957661935";"1. Despertados (Efeito Indutor)"
"2600708";"ALIANCA";"PE";"Pequeno Porte II";"38,436709815707757798";"111,62184339791275534";"1. Despertados (Efeito Indutor)"
"2600807";"ALTINHO";"PE";"Pequeno Porte II";"74,966568517293282525";"172,64799692012388732";"1. Despertados (Efeito Indutor)"
"2600906";"AMARAJI";"PE";"Pequeno Porte I";"18,991914106349288005";"36,92131283962449118";"1. Despertados (Efeito Indutor)"
"2601003";"ANGELIM";"PE";"Pequeno Porte I";"14,879828472832457464";"94,82639852756800281";"1. Despertados (Efeito Indutor)"
"2601052";"ARACOIABA";"PE";"Pequeno Porte I";"47,175126422784451563";"31,41707303569250698";"4. Efeito Substituição (Retração Local)"
"2601102";"ARARIPINA";"PE";"Médio Porte";"25,962370111939865325";"114,41817490258171119";"1. Despertados (Efeito Indutor)"
"2601201";"ARCOVERDE";"PE";"Médio Porte";"8,997578389200366900";"11,32264400242430824";"2. Constantes (Sustentabilidade)"
"2601300";"BARRA DE GUABIRABA";"PE";"Pequeno Porte I";"42,747110153418596212";"191,99598858182605454";"1. Despertados (Efeito Indutor)"
"2601409";"BARREIROS";"PE";"Pequeno Porte II";"88,116619061617811326";"75,85297372390033388";"2. Constantes (Sustentabilidade)"
"2601508";"BELEM DE MARIA";"PE";"Pequeno Porte I";"63,887890826266982458";"125,78811165571893582";"1. Despertados (Efeito Indutor)"
"2601607";"BELEM DO SAO FRANCISCO";"PE";"Pequeno Porte I";"11,343914269286100804";"76,74589276496367063";"1. Despertados (Efeito Indutor)"
"2601706";"BELO JARDIM";"PE";"Médio Porte";"20,100019794959095520";"49,37335133329023762";"1. Despertados (Efeito Indutor)"
"2601904";"BEZERROS";"PE";"Médio Porte";"63,724990245285503931";"101,56444213254961539";"1. Despertados (Efeito Indutor)"
"2602001";"BODOCO";"PE";"Pequeno Porte II";"12,483511563542823097";"115,41149918659603202";"1. Despertados (Efeito Indutor)"
"2602100";"BOM CONSELHO";"PE";"Pequeno Porte II";"16,316118594358098193";"64,05604765735886019";"1. Despertados (Efeito Indutor)"
"2602209";"BOM JARDIM";"PE";"Pequeno Porte II";"15,718598424176047246";"135,66184844534024023";"1. Despertados (Efeito Indutor)"
"2602308";"BONITO";"PE";"Pequeno Porte II";"31,131151428762951383";"145,89626121564265304";"1. Despertados (Efeito Indutor)"
"2602407";"BREJAO";"PE";"Pequeno Porte I";"12,619261810000267587";"148,33269873861240740";"1. Despertados (Efeito Indutor)"
"2602506";"BREJINHO";"PE";"Pequeno Porte I";"76,395156580249889089";"144,95482227659874752";"1. Despertados (Efeito Indutor)"
"2602605";"BREJO DA MADRE DE DEUS";"PE";"Pequeno Porte II";"23,191741376743710390";"89,80079058667587333";"1. Despertados (Efeito Indutor)"
"2602803";"BUIQUE";"PE";"Médio Porte";"54,290479492686749552";"25,72037929085405494";"4. Efeito Substituição (Retração Local)"
"2602902";"CABO DE SANTO AGOSTINHO";"PE";"Grande Porte";"13,919176503149168767";"20,45332909415380129";"2. Constantes (Sustentabilidade)"
"2603009";"CABROBO";"PE";"Pequeno Porte II";"27,440253528900978353";"92,97681084598498558";"1. Despertados (Efeito Indutor)"
"2603108";"CACHOEIRINHA";"PE";"Pequeno Porte I";"19,640866805497587677";"77,25434824138272916";"1. Despertados (Efeito Indutor)"
"2603207";"CAETES";"PE";"Pequeno Porte II";"24,978860427653238219";"60,80585049717883805";"1. Despertados (Efeito Indutor)"
"2603306";"CALCADO";"PE";"Pequeno Porte I";"18,032713157857941155";"91,79812548272008144";"1. Despertados (Efeito Indutor)"
"2603454";"CAMARAGIBE";"PE";"Grande Porte";"23,619923141680335021";"25,11265274782533652";"2. Constantes (Sustentabilidade)"
"2603702";"CANHOTINHO";"PE";"Pequeno Porte II";"64,876165415393074909";"65,26139031933797696";"2. Constantes (Sustentabilidade)"
"2603801";"CAPOEIRAS";"PE";"Pequeno Porte I";"16,760108555468196556";"53,50831518146015497";"1. Despertados (Efeito Indutor)"
"2603900";"CARNAIBA";"PE";"Pequeno Porte I";"33,479503176989048541";"119,90626372794483245";"1. Despertados (Efeito Indutor)"
"2604007";"CARPINA";"PE";"Médio Porte";"20,544494032103418846";"70,77191841976991782";"1. Despertados (Efeito Indutor)"
"2604106";"CARUARU";"PE";"Grande Porte";"25,161478183825970234";"163,65076387061543528";"1. Despertados (Efeito Indutor)"
"2604155";"CASINHAS";"PE";"Pequeno Porte I";"18,629117819583651539";"137,84570012783788684";"1. Despertados (Efeito Indutor)"
"2604205";"CATENDE";"PE";"Pequeno Porte II";"4,381758455881571201";"182,09924659060985164";"1. Despertados (Efeito Indutor)"
"2604304";"CEDRO";"PE";"Pequeno Porte I";"25,173279448606479036";"0,00000000000000000";"4. Efeito Substituição (Retração Local)"
"2604502";"CHA GRANDE";"PE";"Pequeno Porte II";"13,193005268394074392";"130,47494627859882144";"1. Despertados (Efeito Indutor)"
"2604601";"CONDADO";"PE";"Pequeno Porte II";"41,648678280385702521";"137,54839449825621500";"1. Despertados (Efeito Indutor)"
"2604700";"CORRENTES";"PE";"Pequeno Porte I";"69,869911536462836921";"144,07702192320277845";"1. Despertados (Efeito Indutor)"
"2604809";"CORTES";"PE";"Pequeno Porte I";"11,883183151760686513";"0,12792633109376422";"4. Efeito Substituição (Retração Local)"
"2604908";"CUMARU";"PE";"Pequeno Porte I";"23,558352900037110800";"99,89748850207735131";"1. Despertados (Efeito Indutor)"
"2605004";"CUPIRA";"PE";"Pequeno Porte II";"26,724751214633748475";"111,80964091487703627";"1. Despertados (Efeito Indutor)"
"2605103";"CUSTODIA";"PE";"Pequeno Porte II";"30,096275321865224583";"75,59432854414434644";"1. Despertados (Efeito Indutor)"
"2605202";"ESCADA";"PE";"Médio Porte";"10,023164111396303255";"97,29978266623596994";"1. Despertados (Efeito Indutor)"
"2605301";"EXU";"PE";"Pequeno Porte II";"20,082851719875549179";"76,15662210180411762";"1. Despertados (Efeito Indutor)"
"2605400";"FEIRA NOVA";"PE";"Pequeno Porte II";"18,696781027988723878";"192,25864450196453959";"1. Despertados (Efeito Indutor)"
"2605509";"FERREIROS";"PE";"Pequeno Porte I";"31,122415859963250995";"118,41959140800520345";"1. Despertados (Efeito Indutor)"
"2605608";"FLORES";"PE";"Pequeno Porte II";"9,147196009923609594";"189,23605950587690927";"1. Despertados (Efeito Indutor)"
"2605707";"FLORESTA";"PE";"Pequeno Porte II";"7,570022627267425364";"61,74247564551666301";"1. Despertados (Efeito Indutor)"
"2605806";"FREI MIGUELINHO";"PE";"Pequeno Porte I";"20,392598901761935792";"36,19481358552074113";"1. Despertados (Efeito Indutor)"
"2605905";"GAMELEIRA";"PE";"Pequeno Porte I";"41,343715678392953805";"96,18564509345193869";"1. Despertados (Efeito Indutor)"
"2606002";"GARANHUNS";"PE";"Grande Porte";"5,753161340250358080";"159,00717713812241527";"1. Despertados (Efeito Indutor)"
"2606101";"GLORIA DO GOITA";"PE";"Pequeno Porte II";"54,769431703355792251";"164,18326572208596303";"1. Despertados (Efeito Indutor)"
"2606309";"GRANITO";"PE";"Pequeno Porte I";"14,826130886733936975";"135,18364012191580059";"1. Despertados (Efeito Indutor)"
"2606408";"GRAVATA";"PE";"Médio Porte";"33,181900058512731277";"120,18908239338664146";"1. Despertados (Efeito Indutor)"
"2606507";"IATI";"PE";"Pequeno Porte I";"11,704772166140173795";"23,80042616212940487";"1. Despertados (Efeito Indutor)"
"2606606";"IBIMIRIM";"PE";"Pequeno Porte II";"17,638067720620465906";"68,49459675133542191";"1. Despertados (Efeito Indutor)"
"2606804";"IGARASSU";"PE";"Grande Porte";"55,909674183687073423";"81,54232255440746258";"1. Despertados (Efeito Indutor)"
"2606903";"IGUARACY";"PE";"Pequeno Porte I";"70,343919336890223803";"168,89691245391099983";"1. Despertados (Efeito Indutor)"
"2607208";"IPOJUCA";"PE";"Médio Porte";"45,538001728752824704";"156,41706337264861304";"1. Despertados (Efeito Indutor)"
"2607307";"IPUBI";"PE";"Pequeno Porte II";"9,822769069305230971";"137,26689897573032795";"1. Despertados (Efeito Indutor)"
"2607406";"ITACURUBA";"PE";"Pequeno Porte I";"17,916260755325218668";"77,33288061420918780";"1. Despertados (Efeito Indutor)"
"2607505";"ITAIBA";"PE";"Pequeno Porte II";"22,213192992441634033";"90,35311935938250372";"1. Despertados (Efeito Indutor)"
"2607604";"ILHA DE ITAMARACA";"PE";"Pequeno Porte II";"30,299228948724831412";"12,17357767755760456";"4. Efeito Substituição (Retração Local)"
"2607653";"ITAMBE";"PE";"Pequeno Porte II";"14,327347709214540927";"41,14994257463220606";"1. Despertados (Efeito Indutor)"
"2607703";"ITAPETIM";"PE";"Pequeno Porte I";"23,502063671414372692";"48,67720797522805753";"1. Despertados (Efeito Indutor)"
"2607901";"JABOATAO DOS GUARARAPES";"PE";"Grande Porte";"5,688009264431099332";"30,22922863763993462";"1. Despertados (Efeito Indutor)"
"2608008";"JATAUBA";"PE";"Pequeno Porte I";"24,776640675378260426";"158,14630453107190533";"1. Despertados (Efeito Indutor)"
"2608057";"JATOBA";"PE";"Pequeno Porte I";"7,659382449105017088";"177,34634564842718873";"1. Despertados (Efeito Indutor)"
"2608107";"JOAO ALFREDO";"PE";"Pequeno Porte II";"16,238557586286212597";"190,02956212796547675";"1. Despertados (Efeito Indutor)"
"2608305";"JUPI";"PE";"Pequeno Porte I";"20,003500804853590722";"79,90721376530500208";"1. Despertados (Efeito Indutor)"
"2608404";"JUREMA";"PE";"Pequeno Porte I";"24,648944661728066308";"180,95503147438674318";"1. Despertados (Efeito Indutor)"
"2608453";"LAGOA DO CARRO";"PE";"Pequeno Porte I";"67,356047073861532226";"122,71196370969781242";"1. Despertados (Efeito Indutor)"
"2608503";"LAGOA DE ITAENGA";"PE";"Pequeno Porte I";"31,637803692943823108";"158,24415601052626812";"1. Despertados (Efeito Indutor)"
"2608602";"LAGOA DO OURO";"PE";"Pequeno Porte I";"12,979291963461113468";"157,27806505681280669";"1. Despertados (Efeito Indutor)"
"2608750";"LAGOA GRANDE";"PE";"Pequeno Porte II";"15,625403107732049435";"194,19196451372596357";"1. Despertados (Efeito Indutor)"
"2608800";"LAJEDO";"PE";"Pequeno Porte II";"22,915964061217191983";"101,34558424990194681";"1. Despertados (Efeito Indutor)"
"2608909";"LIMOEIRO";"PE";"Médio Porte";"0,000000000000000000";"108,27830807174157712";"1. Despertados (Efeito Indutor)"
"2609006";"MACAPARANA";"PE";"Pequeno Porte II";"27,635961420308763792";"137,35016360946207215";"1. Despertados (Efeito Indutor)"
"2609154";"MANARI";"PE";"Pequeno Porte II";"49,328247851123073531";"89,44208111416688212";"1. Despertados (Efeito Indutor)"
"2609204";"MARAIAL";"PE";"Pequeno Porte I";"153,631218635002738893";"178,59150239076723210";"2. Constantes (Sustentabilidade)"
"2609303";"MIRANDIBA";"PE";"Pequeno Porte I";"11,687744309594028991";"131,75710344416694397";"1. Despertados (Efeito Indutor)"
"2609402";"MORENO";"PE";"Médio Porte";"19,726566579071487695";"73,04341666311907488";"1. Despertados (Efeito Indutor)"
"2609501";"NAZARE DA MATA";"PE";"Pequeno Porte II";"45,859712397820061369";"87,90384937448146729";"1. Despertados (Efeito Indutor)"
"2609600";"OLINDA";"PE";"Grande Porte";"66,500887618977856164";"66,13982587346481523";"2. Constantes (Sustentabilidade)"
"2609709";"OROBO";"PE";"Pequeno Porte II";"9,879838301821123991";"145,78021768014892245";"1. Despertados (Efeito Indutor)"
"2609808";"OROCO";"PE";"Pequeno Porte I";"10,629694205863643219";"0,00000000000000000";"4. Efeito Substituição (Retração Local)"
"2609907";"OURICURI";"PE";"Médio Porte";"52,724095055468765736";"81,54383476630613359";"1. Despertados (Efeito Indutor)"
"2610004";"PALMARES";"PE";"Médio Porte";"31,315814413911269298";"99,00063216293690971";"1. Despertados (Efeito Indutor)"
"2610103";"PALMEIRINA";"PE";"Pequeno Porte I";"3,219303812956578081";"52,85477230977768670";"1. Despertados (Efeito Indutor)"
"2610301";"PARANATAMA";"PE";"Pequeno Porte I";"45,626224041906667139";"93,61326843952002719";"1. Despertados (Efeito Indutor)"
"2610400";"PARNAMIRIM";"PE";"Pequeno Porte I";"29,517851181659022330";"112,73228530247259016";"1. Despertados (Efeito Indutor)"
"2610509";"PASSIRA";"PE";"Pequeno Porte II";"11,953024275418227873";"79,26991380783036334";"1. Despertados (Efeito Indutor)"
"2610608";"PAUDALHO";"PE";"Médio Porte";"41,289744080798271852";"179,11465684603223281";"1. Despertados (Efeito Indutor)"
"2610707";"PAULISTA";"PE";"Grande Porte";"5,063103278190092205";"7,00310170480980876";"2. Constantes (Sustentabilidade)"
"2610806";"PEDRA";"PE";"Pequeno Porte II";"62,099219951115244953";"68,06228930657891851";"2. Constantes (Sustentabilidade)"
"2610905";"PESQUEIRA";"PE";"Médio Porte";"60,226728762722459010";"72,76500261070913211";"2. Constantes (Sustentabilidade)"
"2611002";"PETROLANDIA";"PE";"Pequeno Porte II";"12,361535700332566989";"173,77151322454221827";"1. Despertados (Efeito Indutor)"
"2611101";"PETROLINA";"PE";"Grande Porte";"8,766534340552919247";"2,66257840259256273";"2. Constantes (Sustentabilidade)"
"2611200";"POCAO";"PE";"Pequeno Porte I";"24,927482753562333784";"141,88275169173206791";"1. Despertados (Efeito Indutor)"
"2611309";"POMBOS";"PE";"Pequeno Porte II";"14,633094698427354885";"66,30369222706617904";"1. Despertados (Efeito Indutor)"
"2611507";"QUIPAPA";"PE";"Pequeno Porte I";"14,249755960488709405";"71,58380350529321845";"1. Despertados (Efeito Indutor)"
"2611606";"RECIFE";"PE";"Metrópole";"96,278769880092909261";"133,22425201637381065";"1. Despertados (Efeito Indutor)"
"2611705";"RIACHO DAS ALMAS";"PE";"Pequeno Porte II";"2,805967355713013589";"108,29727686703887457";"1. Despertados (Efeito Indutor)"
"2611804";"RIBEIRAO";"PE";"Pequeno Porte II";"39,617824098268613398";"58,98961739961455919";"1. Despertados (Efeito Indutor)"
"2611903";"RIO FORMOSO";"PE";"Pequeno Porte II";"98,537343394505342076";"128,26331972932564440";"1. Despertados (Efeito Indutor)"
"2612208";"SALGUEIRO";"PE";"Médio Porte";"22,422530070366438082";"22,21061631551844329";"2. Constantes (Sustentabilidade)"
"2612307";"SALOA";"PE";"Pequeno Porte I";"4,234007756501461550";"107,54388712300200837";"1. Despertados (Efeito Indutor)"
"2612406";"SANHARO";"PE";"Pequeno Porte I";"13,650232990249280718";"130,28522640347063088";"1. Despertados (Efeito Indutor)"
"2612455";"SANTA CRUZ";"PE";"Pequeno Porte I";"5,298105070355021873";"163,45222759456660810";"1. Despertados (Efeito Indutor)"
"2612471";"SANTA CRUZ DA BAIXA VERDE";"PE";"Pequeno Porte I";"1,585168659408345837";"61,49853986464884770";"1. Despertados (Efeito Indutor)"
"2612505";"SANTA CRUZ DO CAPIBARIBE";"PE";"Médio Porte";"23,254169589018005126";"106,97328636993402995";"1. Despertados (Efeito Indutor)"
"2612554";"SANTA FILOMENA";"PE";"Pequeno Porte I";"0,902634588206840061";"100,78395109627761883";"1. Despertados (Efeito Indutor)"
"2612604";"SANTA MARIA DA BOA VISTA";"PE";"Pequeno Porte II";"23,659551324810955464";"75,39225895685947876";"1. Despertados (Efeito Indutor)"
"2612703";"SANTA MARIA DO CAMBUCA";"PE";"Pequeno Porte I";"63,080187049778508879";"123,81289433342308826";"1. Despertados (Efeito Indutor)"
"2612802";"SANTA TEREZINHA";"PE";"Pequeno Porte I";"17,285307850537130037";"151,58860650136665527";"1. Despertados (Efeito Indutor)"
"2612901";"SAO BENEDITO DO SUL";"PE";"Pequeno Porte I";"56,946595045800691537";"85,63222168111803967";"1. Despertados (Efeito Indutor)"
"2613008";"SAO BENTO DO UNA";"PE";"Pequeno Porte II";"39,280507912494194045";"98,41452110242403251";"1. Despertados (Efeito Indutor)"
"2613107";"SAO CAITANO";"PE";"Pequeno Porte II";"33,980666725030879149";"88,08349961997723199";"1. Despertados (Efeito Indutor)"
"2613206";"SAO JOAO";"PE";"Pequeno Porte II";"28,936611919381117985";"98,00328059555661753";"1. Despertados (Efeito Indutor)"
"2613503";"SAO JOSE DO BELMONTE";"PE";"Pequeno Porte II";"11,035867031122773341";"127,83573636873802570";"1. Despertados (Efeito Indutor)"
"2613602";"SAO JOSE DO EGITO";"PE";"Pequeno Porte II";"47,063929145806177701";"59,31775611260800929";"2. Constantes (Sustentabilidade)"
"2613701";"SAO LOURENCO DA MATA";"PE";"Grande Porte";"11,660087050011799903";"73,77501143915920068";"1. Despertados (Efeito Indutor)"
"2613800";"SAO VICENTE FERRER";"PE";"Pequeno Porte I";"53,161989448210405840";"191,49428614911363411";"1. Despertados (Efeito Indutor)"
"2613909";"SERRA TALHADA";"PE";"Médio Porte";"10,147981836614020423";"116,74868134693576849";"1. Despertados (Efeito Indutor)"
"2614105";"SERTANIA";"PE";"Pequeno Porte II";"52,599429354504820822";"125,11743454006580123";"1. Despertados (Efeito Indutor)"
"2614204";"SIRINHAEM";"PE";"Pequeno Porte II";"88,113664358011462241";"138,77143380923516247";"1. Despertados (Efeito Indutor)"
"2614303";"MOREILANDIA";"PE";"Pequeno Porte I";"10,471410815906383007";"71,05319388262203972";"1. Despertados (Efeito Indutor)"
"2614501";"SURUBIM";"PE";"Médio Porte";"10,025026364806604917";"5,08899652772678301";"2. Constantes (Sustentabilidade)"
"2614600";"TABIRA";"PE";"Pequeno Porte II";"26,962525917431907629";"95,27358412526527331";"1. Despertados (Efeito Indutor)"
"2614808";"TACARATU";"PE";"Pequeno Porte II";"50,392719911004206779";"139,23922198635057157";"1. Despertados (Efeito Indutor)"
"2615003";"TAQUARITINGA DO NORTE";"PE";"Pequeno Porte II";"34,437472375702739669";"89,83826991851992716";"1. Despertados (Efeito Indutor)"
"2615300";"TIMBAUBA";"PE";"Pequeno Porte II";"28,059765320225370289";"165,49477852184361382";"1. Despertados (Efeito Indutor)"
"2615409";"TORITAMA";"PE";"Pequeno Porte II";"28,640565265782043980";"130,25077509891144700";"1. Despertados (Efeito Indutor)"
"2615607";"TRINDADE";"PE";"Pequeno Porte II";"13,177310458164376072";"151,18478099973137319";"1. Despertados (Efeito Indutor)"
"2615805";"TUPANATINGA";"PE";"Pequeno Porte II";"42,043023465738741606";"84,82811068124561871";"1. Despertados (Efeito Indutor)"
"2616001";"VENTUROSA";"PE";"Pequeno Porte I";"1,497823639427540376";"40,63057928098938731";"1. Despertados (Efeito Indutor)"
"2616100";"VERDEJANTE";"PE";"Pequeno Porte I";"20,979614373583576281";"164,94959411544954264";"1. Despertados (Efeito Indutor)"
"2616183";"VERTENTE DO LERIO";"PE";"Pequeno Porte I";"42,260210172204871526";"145,58730925239768794";"1. Despertados (Efeito Indutor)"
"2616209";"VERTENTES";"PE";"Pequeno Porte II";"34,762945898801397959";"151,30208488681662971";"1. Despertados (Efeito Indutor)"
"2616308";"VICENCIA";"PE";"Pequeno Porte II";"54,957386276929447888";"151,95792000166051139";"1. Despertados (Efeito Indutor)"
"2616407";"VITORIA DE SANTO ANTAO";"PE";"Grande Porte";"2,635627140546238589";"120,85047951688150647";"1. Despertados (Efeito Indutor)"
"2616506";"XEXEU";"PE";"Pequeno Porte I";"44,840795817622648656";"169,38412724813312593";"1. Despertados (Efeito Indutor)"
"2700300";"ARAPIRACA";"AL";"Grande Porte";"13,970476297177926384";"38,14404012285385193";"1. Despertados (Efeito Indutor)"
"2700409";"ATALAIA";"AL";"Pequeno Porte II";"29,948001511373174566";"142,30357787681049331";"1. Despertados (Efeito Indutor)"
"2700607";"BARRA DE SAO MIGUEL";"AL";"Pequeno Porte I";"16,669769318893887800";"7,89906353317597176";"4. Efeito Substituição (Retração Local)"
"2700706";"BATALHA";"AL";"Pequeno Porte I";"0,868527761808114751";"60,79328421175080166";"1. Despertados (Efeito Indutor)"
"2701100";"BRANQUINHA";"AL";"Pequeno Porte I";"0,000000000000000000";"6,12628997980395873";"1. Despertados (Efeito Indutor)"
"2701308";"CAJUEIRO";"AL";"Pequeno Porte I";"56,199263227335826798";"70,47776633888082642";"2. Constantes (Sustentabilidade)"
"2701357";"CAMPESTRE";"AL";"Pequeno Porte I";"0,000000000000000000";"136,82744893439479483";"1. Despertados (Efeito Indutor)"
"2701407";"CAMPO ALEGRE";"AL";"Pequeno Porte II";"14,571206440164713669";"20,46707700980418210";"2. Constantes (Sustentabilidade)"
"2701506";"CAMPO GRANDE";"AL";"Pequeno Porte I";"0,000000000000000000";"111,99250241283817786";"1. Despertados (Efeito Indutor)"
"2701704";"CAPELA";"AL";"Pequeno Porte I";"46,858731121178216483";"81,22442123469930664";"1. Despertados (Efeito Indutor)"
"2701902";"CHA PRETA";"AL";"Pequeno Porte I";"108,722409541195901284";"1,49204314720812192";"4. Efeito Substituição (Retração Local)"
"2702306";"CORURIPE";"AL";"Médio Porte";"56,810249235152539882";"140,67610812168123857";"1. Despertados (Efeito Indutor)"
"2702355";"CRAIBAS";"AL";"Pequeno Porte II";"55,633839337255793112";"151,17524734328148384";"1. Despertados (Efeito Indutor)"
"2702405";"DELMIRO GOUVEIA";"AL";"Médio Porte";"60,560701216428533655";"168,45858867971267614";"1. Despertados (Efeito Indutor)"
"2702504";"DOIS RIACHOS";"AL";"Pequeno Porte I";"63,800089229706223648";"175,08267726643700257";"1. Despertados (Efeito Indutor)"
"2702553";"ESTRELA DE ALAGOAS";"AL";"Pequeno Porte I";"13,633151463852838603";"128,50566089244028944";"1. Despertados (Efeito Indutor)"
"2702603";"FEIRA GRANDE";"AL";"Pequeno Porte II";"0,000000000000000000";"40,15300049083045764";"1. Despertados (Efeito Indutor)"
"2702900";"GIRAU DO PONCIANO";"AL";"Pequeno Porte II";"0,000000000000000000";"41,69296623864997287";"1. Despertados (Efeito Indutor)"
"2703106";"IGACI";"AL";"Pequeno Porte II";"28,641020466300673775";"45,50585758285531313";"1. Despertados (Efeito Indutor)"
"2703205";"IGREJA NOVA";"AL";"Pequeno Porte II";"0,000000000000000000";"98,82174771419340686";"1. Despertados (Efeito Indutor)"
"2703908";"JUNDIA";"AL";"Pequeno Porte I";"0,000000000000000000";"41,91204835516855809";"1. Despertados (Efeito Indutor)"
"2704005";"JUNQUEIRO";"AL";"Pequeno Porte II";"21,543887178513827507";"19,31557659834928131";"2. Constantes (Sustentabilidade)"
"2704104";"LAGOA DA CANOA";"AL";"Pequeno Porte I";"40,238892025452727808";"147,43645219503872568";"1. Despertados (Efeito Indutor)"
"2704203";"LIMOEIRO DE ANADIA";"AL";"Pequeno Porte II";"0,000000000000000000";"98,01400521903350693";"1. Despertados (Efeito Indutor)"
"2704302";"MACEIO";"AL";"Metrópole";"15,132789368955959830";"63,85832440347107308";"1. Despertados (Efeito Indutor)"
"2704401";"MAJOR ISIDORO";"AL";"Pequeno Porte I";"43,587668515730314311";"113,75182959824061868";"1. Despertados (Efeito Indutor)"
"2704500";"MARAGOGI";"AL";"Pequeno Porte II";"163,594519566557352164";"177,94079175542776738";"2. Constantes (Sustentabilidade)"
"2704609";"MARAVILHA";"AL";"Pequeno Porte I";"17,896926828030196077";"108,88053501586173866";"1. Despertados (Efeito Indutor)"
"2704807";"MARIBONDO";"AL";"Pequeno Porte I";"12,807085239675656041";"5,83653368287194141";"2. Constantes (Sustentabilidade)"
"2704906";"MAR VERMELHO";"AL";"Pequeno Porte I";"0,000000000000000000";"70,98091095253279548";"1. Despertados (Efeito Indutor)"
"2705002";"MATA GRANDE";"AL";"Pequeno Porte II";"81,680039598406892765";"72,89824640732720695";"2. Constantes (Sustentabilidade)"
"2705408";"MONTEIROPOLIS";"AL";"Pequeno Porte I";"24,278331600914633270";"179,46659335571467864";"1. Despertados (Efeito Indutor)"
"2705705";"OLHO D'AGUA DAS FLORES";"AL";"Pequeno Porte II";"32,267480496969739079";"4,35654742528243677";"4. Efeito Substituição (Retração Local)"
"2705804";"OLHO D'AGUA DO CASADO";"AL";"Pequeno Porte I";"34,316254565822056577";"154,48541323226845634";"1. Despertados (Efeito Indutor)"
"2706505";"PASSO DE CAMARAGIBE";"AL";"Pequeno Porte I";"0,000000000000000000";"64,25499292481478619";"1. Despertados (Efeito Indutor)"
"2706604";"PAULO JACINTO";"AL";"Pequeno Porte I";"10,970019760910638240";"162,85377215251730831";"1. Despertados (Efeito Indutor)"
"2706802";"PIACABUCU";"AL";"Pequeno Porte I";"0,000000000000000000";"112,69805474222548014";"1. Despertados (Efeito Indutor)"
"2707305";"PORTO CALVO";"AL";"Pequeno Porte II";"0,000000000000000000";"37,88604325319850830";"1. Despertados (Efeito Indutor)"
"2707800";"ROTEIRO";"AL";"Pequeno Porte I";"83,363688842497040810";"10,61427861927076677";"4. Efeito Substituição (Retração Local)"
"2708006";"SANTANA DO IPANEMA";"AL";"Pequeno Porte II";"10,874658493883519128";"146,16350971719955965";"1. Despertados (Efeito Indutor)"
"2708105";"SANTANA DO MUNDAU";"AL";"Pequeno Porte I";"154,093542957257199078";"132,22888810385938996";"2. Constantes (Sustentabilidade)"
"2708204";"SAO BRAS";"AL";"Pequeno Porte I";"0,000000000000000000";"139,12356173115810520";"1. Despertados (Efeito Indutor)"
"2708303";"SAO JOSE DA LAJE";"AL";"Pequeno Porte II";"64,602110984505600300";"19,64563974439052529";"4. Efeito Substituição (Retração Local)"
"2708600";"SAO MIGUEL DOS CAMPOS";"AL";"Médio Porte";"27,745248036614608367";"37,44477904330673823";"2. Constantes (Sustentabilidade)"
"2708808";"SAO SEBASTIAO";"AL";"Pequeno Porte II";"31,330396998947598775";"155,34955412953863174";"1. Despertados (Efeito Indutor)"
"2708907";"SATUBA";"AL";"Pequeno Porte II";"0,000000000000000000";"37,56301784116242715";"1. Despertados (Efeito Indutor)"
"2709004";"TANQUE D'ARCA";"AL";"Pequeno Porte I";"81,165683096281611597";"181,17573689548351012";"1. Despertados (Efeito Indutor)"
"2709152";"TEOTONIO VILELA";"AL";"Pequeno Porte II";"10,997934565064833023";"15,49859996210256341";"2. Constantes (Sustentabilidade)"
"2709301";"UNIAO DOS PALMARES";"AL";"Médio Porte";"25,330784900152377048";"113,29931264538140567";"1. Despertados (Efeito Indutor)"
"2709400";"VICOSA";"AL";"Pequeno Porte II";"112,732643409160957049";"181,44583474198145723";"1. Despertados (Efeito Indutor)"
"2800100";"AMPARO DO SAO FRANCISCO";"SE";"Pequeno Porte I";"0,000000000000000000";"0,89861751152073732";"2. Constantes (Sustentabilidade)"
"2800308";"ARACAJU";"SE";"Grande Porte";"12,138979040311447477";"29,08257621839756979";"1. Despertados (Efeito Indutor)"
"2800407";"ARAUA";"SE";"Pequeno Porte I";"0,000000000000000000";"113,18071406675929325";"1. Despertados (Efeito Indutor)"
"2800605";"BARRA DOS COQUEIROS";"SE";"Pequeno Porte II";"39,095068418448569503";"76,91989612161005141";"1. Despertados (Efeito Indutor)"
"2800670";"BOQUIM";"SE";"Pequeno Porte II";"13,850849648150088456";"90,99389829923534023";"1. Despertados (Efeito Indutor)"
"2801009";"CAMPO DO BRITO";"SE";"Pequeno Porte I";"28,840607522365839799";"117,71124532604198976";"1. Despertados (Efeito Indutor)"
"2801207";"CANINDE DE SAO FRANCISCO";"SE";"Pequeno Porte II";"11,575001853432082655";"12,63837419719558142";"2. Constantes (Sustentabilidade)"
"2801405";"CARIRA";"SE";"Pequeno Porte I";"15,194430736453119479";"26,12934638216177774";"1. Despertados (Efeito Indutor)"
"2801504";"CARMOPOLIS";"SE";"Pequeno Porte I";"12,923547721836584401";"38,33689957089687539";"1. Despertados (Efeito Indutor)"
"2802106";"ESTANCIA";"SE";"Médio Porte";"45,510272253965538880";"140,80130242776507998";"1. Despertados (Efeito Indutor)"
"2802205";"FEIRA NOVA";"SE";"Pequeno Porte I";"0,000000000000000000";"0,90732841009952436";"2. Constantes (Sustentabilidade)"
"2802601";"GRACCHO CARDOSO";"SE";"Pequeno Porte I";"18,362056958810423879";"125,42843008603475141";"1. Despertados (Efeito Indutor)"
"2802700";"ILHA DAS FLORES";"SE";"Pequeno Porte I";"21,389643333373985712";"192,45476941226354484";"1. Despertados (Efeito Indutor)"
"2802809";"INDIAROBA";"SE";"Pequeno Porte I";"71,014879836136131530";"161,68091780198653851";"1. Despertados (Efeito Indutor)"
"2802908";"ITABAIANA";"SE";"Grande Porte";"18,073384730539554965";"136,04907754359305727";"1. Despertados (Efeito Indutor)"
"2803005";"ITABAIANINHA";"SE";"Pequeno Porte II";"73,823104006311424996";"126,86296933863569336";"1. Despertados (Efeito Indutor)"
"2803104";"ITABI";"SE";"Pequeno Porte I";"0,000000000000000000";"171,34702510544235565";"1. Despertados (Efeito Indutor)"
"2803203";"ITAPORANGA D'AJUDA";"SE";"Pequeno Porte II";"45,489171221899475483";"51,81632889696006572";"2. Constantes (Sustentabilidade)"
"2803500";"LAGARTO";"SE";"Grande Porte";"32,860379609815552726";"97,84248599365297139";"1. Despertados (Efeito Indutor)"
"2803708";"MACAMBIRA";"SE";"Pequeno Porte I";"33,989264289222120397";"90,88440331595921862";"1. Despertados (Efeito Indutor)"
"2804003";"MARUIM";"SE";"Pequeno Porte I";"60,840622011136723302";"103,74961332765703048";"1. Despertados (Efeito Indutor)"
"2804102";"MOITA BONITA";"SE";"Pequeno Porte I";"110,471885987720384037";"191,67660898567953609";"1. Despertados (Efeito Indutor)"
"2804458";"NOSSA SENHORA APARECIDA";"SE";"Pequeno Porte I";"44,442338912309871546";"193,96510490955387240";"1. Despertados (Efeito Indutor)"
"2804508";"NOSSA SENHORA DA GLORIA";"SE";"Pequeno Porte II";"0,000000000000000000";"1,09178930611568425";"2. Constantes (Sustentabilidade)"
"2804607";"NOSSA SENHORA DAS DORES";"SE";"Pequeno Porte II";"14,662693493456334437";"190,38074065189692874";"1. Despertados (Efeito Indutor)"
"2804706";"NOSSA SENHORA DE LOURDES";"SE";"Pequeno Porte I";"0,000000000000000000";"0,28705535663641080";"2. Constantes (Sustentabilidade)"
"2804805";"NOSSA SENHORA DO SOCORRO";"SE";"Grande Porte";"10,661988989053213572";"39,16367917544410915";"1. Despertados (Efeito Indutor)"
"2805109";"PEDRINHAS";"SE";"Pequeno Porte I";"14,084665870581643432";"147,37310649440036059";"1. Despertados (Efeito Indutor)"
"2805406";"POCO REDONDO";"SE";"Pequeno Porte II";"23,456666719164175561";"68,74366256419899912";"1. Despertados (Efeito Indutor)"
"2805505";"POCO VERDE";"SE";"Pequeno Porte II";"54,724633396123586238";"0,00000000000000000";"4. Efeito Substituição (Retração Local)"
"2805703";"PROPRIA";"SE";"Pequeno Porte II";"53,820601116332987601";"104,33437351171545515";"1. Despertados (Efeito Indutor)"
"2805802";"RIACHAO DO DANTAS";"SE";"Pequeno Porte I";"13,406915949518053210";"52,13677791765931602";"1. Despertados (Efeito Indutor)"
"2806008";"RIBEIROPOLIS";"SE";"Pequeno Porte I";"28,019068370157455661";"0,00000000000000000";"4. Efeito Substituição (Retração Local)"
"2806206";"SALGADO";"SE";"Pequeno Porte II";"14,764060561307248420";"35,19993635081959127";"1. Despertados (Efeito Indutor)"
"2806305";"SANTA LUZIA DO ITANHY";"SE";"Pequeno Porte I";"0,000000000000000000";"191,90007618023082614";"1. Despertados (Efeito Indutor)"
"2806602";"SANTO AMARO DAS BROTAS";"SE";"Pequeno Porte I";"35,662291965038214414";"190,49869792468788887";"1. Despertados (Efeito Indutor)"
"2806701";"SAO CRISTOVAO";"SE";"Médio Porte";"27,127448533008923448";"89,84726271702379563";"1. Despertados (Efeito Indutor)"
"2807006";"SAO MIGUEL DO ALEIXO";"SE";"Pequeno Porte I";"0,000000000000000000";"30,73097699475830069";"1. Despertados (Efeito Indutor)"
"2807105";"SIMAO DIAS";"SE";"Pequeno Porte II";"7,169650521424203227";"15,70401793635860521";"1. Despertados (Efeito Indutor)"
"2807204";"SIRIRI";"SE";"Pequeno Porte I";"12,499179186340466430";"158,29710090246922505";"1. Despertados (Efeito Indutor)"
"2807303";"TELHA";"SE";"Pequeno Porte I";"0,000000000000000000";"7,00328175195109282";"1. Despertados (Efeito Indutor)"
"2807402";"TOBIAS BARRETO";"SE";"Médio Porte";"40,764019587799424471";"85,50666887962681528";"1. Despertados (Efeito Indutor)"
"2807501";"TOMAR DO GERU";"SE";"Pequeno Porte I";"0,000000000000000000";"33,94584990085355969";"1. Despertados (Efeito Indutor)"
"2807600";"UMBAUBA";"SE";"Pequeno Porte II";"21,146929371268537778";"129,51679688864109607";"1. Despertados (Efeito Indutor)"
"2900108";"ABAIRA";"BA";"Pequeno Porte I";"10,794249361934216580";"172,29354916513264584";"1. Despertados (Efeito Indutor)"
"2900207";"ABARE";"BA";"Pequeno Porte I";"14,623830782601809020";"57,07686275010409105";"1. Despertados (Efeito Indutor)"
"2900306";"ACAJUTIBA";"BA";"Pequeno Porte I";"53,571594787673625149";"137,88344618357785976";"1. Despertados (Efeito Indutor)"
"2900405";"AGUA FRIA";"BA";"Pequeno Porte I";"6,734401455851803497";"0,00000000000000000";"4. Efeito Substituição (Retração Local)"
"2900702";"ALAGOINHAS";"BA";"Grande Porte";"13,951820668847929596";"58,61490164167326355";"1. Despertados (Efeito Indutor)"
"2900801";"ALCOBACA";"BA";"Pequeno Porte II";"45,218313983698692482";"147,31514859355891645";"1. Despertados (Efeito Indutor)"
"2900900";"ALMADINA";"BA";"Pequeno Porte I";"21,904679975709516526";"125,99335124856986567";"1. Despertados (Efeito Indutor)"
"2901106";"AMELIA RODRIGUES";"BA";"Pequeno Porte II";"40,581768438918082609";"164,76591639429619818";"1. Despertados (Efeito Indutor)"
"2901205";"ANAGE";"BA";"Pequeno Porte II";"3,327976830256299312";"124,75047351984922273";"1. Despertados (Efeito Indutor)"
"2901304";"ANDARAI";"BA";"Pequeno Porte I";"53,227263779277151912";"120,11760103095838303";"1. Despertados (Efeito Indutor)"
"2901403";"ANGICAL";"BA";"Pequeno Porte I";"6,065521715260474345";"32,91767680413862251";"1. Despertados (Efeito Indutor)"
"2901601";"ANTAS";"BA";"Pequeno Porte I";"18,997166299671061296";"128,53363300043324102";"1. Despertados (Efeito Indutor)"
"2901700";"ANTONIO CARDOSO";"BA";"Pequeno Porte I";"0,000000000000000000";"115,67309530144842711";"1. Despertados (Efeito Indutor)"
"2901809";"ANTONIO GONCALVES";"BA";"Pequeno Porte I";"15,078928908787727181";"34,16062294614087591";"1. Despertados (Efeito Indutor)"
"2901908";"APORA";"BA";"Pequeno Porte I";"27,772333304966910106";"60,88688549980551556";"1. Despertados (Efeito Indutor)"
"2901957";"APUAREMA";"BA";"Pequeno Porte I";"14,035378307524355890";"79,54013945149981168";"1. Despertados (Efeito Indutor)"
"2902005";"ARACATU";"BA";"Pequeno Porte I";"22,899569524057714176";"84,56989052639548277";"1. Despertados (Efeito Indutor)"
"2902104";"ARACI";"BA";"Pequeno Porte II";"24,012586484266162046";"133,72747611866216744";"1. Despertados (Efeito Indutor)"
"2902203";"ARAMARI";"BA";"Pequeno Porte I";"29,826295627565997393";"58,22328552171251204";"1. Despertados (Efeito Indutor)"
"2902401";"AURELINO LEAL";"BA";"Pequeno Porte I";"7,186392786099840002";"97,41717352950759334";"1. Despertados (Efeito Indutor)"
"2902500";"BAIANOPOLIS";"BA";"Pequeno Porte I";"11,989516442262319273";"187,53414974807856197";"1. Despertados (Efeito Indutor)"
"2902609";"BAIXA GRANDE";"BA";"Pequeno Porte I";"1,042350843510807090";"25,76938235172196556";"1. Despertados (Efeito Indutor)"
"2902708";"BARRA";"BA";"Médio Porte";"1,866812957515811888";"73,40174914077692847";"1. Despertados (Efeito Indutor)"
"2902807";"BARRA DA ESTIVA";"BA";"Pequeno Porte II";"21,044321256058541536";"124,12815719495593214";"1. Despertados (Efeito Indutor)"
"2902906";"BARRA DO CHOCA";"BA";"Pequeno Porte II";"0,000000000000000000";"103,41722140364419147";"1. Despertados (Efeito Indutor)"
"2903003";"BARRA DO MENDES";"BA";"Pequeno Porte I";"97,644834296571318077";"139,84367145353073170";"1. Despertados (Efeito Indutor)"
"2903201";"BARREIRAS";"BA";"Grande Porte";"61,693786721985986787";"122,21775673635248438";"1. Despertados (Efeito Indutor)"
"2903235";"BARRO ALTO";"BA";"Pequeno Porte I";"12,374374369708192489";"7,71924477811640486";"2. Constantes (Sustentabilidade)"
"2903300";"BARRO PRETO";"BA";"Pequeno Porte I";"0,000000000000000000";"12,06718908964839088";"1. Despertados (Efeito Indutor)"
"2903409";"BELMONTE";"BA";"Pequeno Porte II";"91,317579362428531908";"155,05170733419180351";"1. Despertados (Efeito Indutor)"
"2903508";"BELO CAMPO";"BA";"Pequeno Porte I";"27,937632570888869310";"87,87624750854476474";"1. Despertados (Efeito Indutor)"
"2903607";"BIRITINGA";"BA";"Pequeno Porte I";"48,313912397032225954";"96,38257013398420270";"1. Despertados (Efeito Indutor)"
"2903706";"BOA NOVA";"BA";"Pequeno Porte I";"51,436312254051699711";"129,97867846656757251";"1. Despertados (Efeito Indutor)"
"2903805";"BOA VISTA DO TUPIM";"BA";"Pequeno Porte I";"22,284740109503420769";"95,48560860321876476";"1. Despertados (Efeito Indutor)"
"2903904";"BOM JESUS DA LAPA";"BA";"Médio Porte";"19,702106283689893473";"143,65865968943583653";"1. Despertados (Efeito Indutor)"
"2903953";"BOM JESUS DA SERRA";"BA";"Pequeno Porte I";"6,129110476474762592";"66,17614401665451851";"1. Despertados (Efeito Indutor)"
"2904001";"BONINAL";"BA";"Pequeno Porte I";"11,659017810786851399";"104,88292369389500891";"1. Despertados (Efeito Indutor)"
"2904050";"BONITO";"BA";"Pequeno Porte I";"12,945328988751288790";"18,37533709494755030";"2. Constantes (Sustentabilidade)"
"2904100";"BOQUIRA";"BA";"Pequeno Porte I";"7,058707341833688531";"126,10825435806427208";"1. Despertados (Efeito Indutor)"
"2904209";"BOTUPORA";"BA";"Pequeno Porte I";"0,000000000000000000";"5,38710406184097401";"1. Despertados (Efeito Indutor)"
"2904308";"BREJOES";"BA";"Pequeno Porte I";"25,935518793370949453";"166,54665639052132065";"1. Despertados (Efeito Indutor)"
"2904407";"BREJOLANDIA";"BA";"Pequeno Porte I";"40,256911265759661944";"89,01638565097213984";"1. Despertados (Efeito Indutor)"
"2904506";"BROTAS DE MACAUBAS";"BA";"Pequeno Porte I";"23,429954522911600634";"112,93669846308134197";"1. Despertados (Efeito Indutor)"
"2904605";"BRUMADO";"BA";"Médio Porte";"16,981269641828824035";"18,69620798539789064";"2. Constantes (Sustentabilidade)"
"2904704";"BUERAREMA";"BA";"Pequeno Porte I";"21,214834156388526765";"0,00000000000000000";"4. Efeito Substituição (Retração Local)"
"2904753";"BURITIRAMA";"BA";"Pequeno Porte I";"23,660580218928114249";"47,71611692332392352";"1. Despertados (Efeito Indutor)"
"2904803";"CAATIBA";"BA";"Pequeno Porte I";"2,207034080579401092";"190,08131687989356351";"1. Despertados (Efeito Indutor)"
"2904852";"CABACEIRAS DO PARAGUACU";"BA";"Pequeno Porte I";"12,580467708359002188";"0,00000000000000000";"4. Efeito Substituição (Retração Local)"
"2904902";"CACHOEIRA";"BA";"Pequeno Porte II";"52,137876419067509914";"0,00000000000000000";"4. Efeito Substituição (Retração Local)"
"2905008";"CACULE";"BA";"Pequeno Porte II";"6,648797415475836026";"139,65877032397762036";"1. Despertados (Efeito Indutor)"
"2905107";"CAEM";"BA";"Pequeno Porte I";"4,237648439253749899";"147,57372566468131936";"1. Despertados (Efeito Indutor)"
"2905156";"CAETANOS";"BA";"Pequeno Porte I";"3,440301207673242434";"51,95066579622936587";"1. Despertados (Efeito Indutor)"
"2905206";"CAETITE";"BA";"Médio Porte";"0,000000000000000000";"75,48628902899412196";"1. Despertados (Efeito Indutor)"
"2905305";"CAFARNAUM";"BA";"Pequeno Porte I";"11,039917908685021430";"114,36706257995473379";"1. Despertados (Efeito Indutor)"
"2905404";"CAIRU";"BA";"Pequeno Porte I";"112,242203096232429971";"33,96520440445027589";"4. Efeito Substituição (Retração Local)"
"2905602";"CAMACAN";"BA";"Pequeno Porte II";"47,396747931953548516";"141,26195362794254606";"1. Despertados (Efeito Indutor)"
"2905701";"CAMACARI";"BA";"Grande Porte";"74,392618990873600637";"146,20907795333448576";"1. Despertados (Efeito Indutor)"
"2905800";"CAMAMU";"BA";"Pequeno Porte II";"0,000000000000000000";"1,51799162461128057";"2. Constantes (Sustentabilidade)"
"2905909";"CAMPO ALEGRE DE LOURDES";"BA";"Pequeno Porte II";"19,085199699604899592";"44,09076887583232462";"1. Despertados (Efeito Indutor)"
"2906006";"CAMPO FORMOSO";"BA";"Médio Porte";"8,590117295360816030";"97,01781618603473589";"1. Despertados (Efeito Indutor)"
"2906105";"CANAPOLIS";"BA";"Pequeno Porte I";"0,454866700115169664";"36,88226699266503772";"1. Despertados (Efeito Indutor)"
"2906204";"CANARANA";"BA";"Pequeno Porte II";"2,282534836970906866";"16,15129849483670199";"1. Despertados (Efeito Indutor)"
"2906303";"CANAVIEIRAS";"BA";"Pequeno Porte II";"28,775451751740032336";"25,75973270054338826";"2. Constantes (Sustentabilidade)"
"2906600";"CANDIBA";"BA";"Pequeno Porte I";"8,774469409657831065";"140,52156461278426036";"1. Despertados (Efeito Indutor)"
"2906709";"CANDIDO SALES";"BA";"Pequeno Porte II";"1,281734806846046792";"31,29346693280989911";"1. Despertados (Efeito Indutor)"
"2906808";"CANSANCAO";"BA";"Pequeno Porte II";"1,251038458533983544";"118,91823663649384457";"1. Despertados (Efeito Indutor)"
"2906824";"CANUDOS";"BA";"Pequeno Porte I";"169,289605256666959576";"77,86210566146380074";"4. Efeito Substituição (Retração Local)"
"2906857";"CAPELA DO ALTO ALEGRE";"BA";"Pequeno Porte I";"15,228611999605954352";"153,01909437709616668";"1. Despertados (Efeito Indutor)"
"2906873";"CAPIM GROSSO";"BA";"Pequeno Porte II";"27,233612746563821361";"144,80472390712114361";"1. Despertados (Efeito Indutor)"
"2906899";"CARAIBAS";"BA";"Pequeno Porte I";"12,253019910766237643";"73,63019431842371887";"1. Despertados (Efeito Indutor)"
"2906907";"CARAVELAS";"BA";"Pequeno Porte II";"97,799630861067754495";"154,18674347158452065";"1. Despertados (Efeito Indutor)"
"2907103";"CARINHANHA";"BA";"Pequeno Porte II";"63,941708393295350277";"150,21807075622209027";"1. Despertados (Efeito Indutor)"
"2907202";"CASA NOVA";"BA";"Médio Porte";"15,797729413944344046";"66,71645211792768748";"1. Despertados (Efeito Indutor)"
"2907400";"CATOLANDIA";"BA";"Pequeno Porte I";"0,000000000000000000";"127,02121680099924106";"1. Despertados (Efeito Indutor)"
"2907509";"CATU";"BA";"Pequeno Porte II";"16,970123705669408309";"110,27395695912804285";"1. Despertados (Efeito Indutor)"
"2907558";"CATURAMA";"BA";"Pequeno Porte I";"0,355099322006264762";"48,39229781698902855";"1. Despertados (Efeito Indutor)"
"2907608";"CENTRAL";"BA";"Pequeno Porte I";"13,067373737394571975";"28,44613502365525548";"1. Despertados (Efeito Indutor)"
"2907707";"CHORROCHO";"BA";"Pequeno Porte I";"26,595512603317015277";"129,85581529959361546";"1. Despertados (Efeito Indutor)"
"2907806";"CICERO DANTAS";"BA";"Pequeno Porte II";"18,825685193967512276";"125,14638537623855541";"1. Despertados (Efeito Indutor)"
"2907905";"CIPO";"BA";"Pequeno Porte I";"47,631138601715385050";"59,13099610158148778";"2. Constantes (Sustentabilidade)"
"2908002";"COARACI";"BA";"Pequeno Porte I";"8,763610575204372921";"44,47342093117175921";"1. Despertados (Efeito Indutor)"
"2908101";"COCOS";"BA";"Pequeno Porte I";"3,911174074805193523";"67,41010808835048351";"1. Despertados (Efeito Indutor)"
"2908309";"CONCEICAO DO ALMEIDA";"BA";"Pequeno Porte I";"41,357926572881893890";"187,03628725234275976";"1. Despertados (Efeito Indutor)"
"2908408";"CONCEICAO DO COITE";"BA";"Médio Porte";"9,102899672780239371";"83,47396602654330877";"1. Despertados (Efeito Indutor)"
"2908507";"CONCEICAO DO JACUIPE";"BA";"Pequeno Porte II";"17,564357559271712717";"169,92215730008621222";"1. Despertados (Efeito Indutor)"
"2908606";"CONDE";"BA";"Pequeno Porte II";"37,111137174545163475";"61,81756471984685675";"1. Despertados (Efeito Indutor)"
"2908705";"CONDEUBA";"BA";"Pequeno Porte I";"10,350014661146088812";"61,66323375362651404";"1. Despertados (Efeito Indutor)"
"2908804";"CONTENDAS DO SINCORA";"BA";"Pequeno Porte I";"15,859319436690016758";"83,30732726447585890";"1. Despertados (Efeito Indutor)"
"2908903";"CORACAO DE MARIA";"BA";"Pequeno Porte II";"11,134296575629162973";"138,20964073540801564";"1. Despertados (Efeito Indutor)"
"2909000";"CORDEIROS";"BA";"Pequeno Porte I";"11,835000125133500859";"0,00000000000000000";"4. Efeito Substituição (Retração Local)"
"2909109";"CORIBE";"BA";"Pequeno Porte I";"12,889779625568401400";"48,76782416011436538";"1. Despertados (Efeito Indutor)"
"2909208";"CORONEL JOAO SA";"BA";"Pequeno Porte I";"27,862047658899300018";"170,13643209371537068";"1. Despertados (Efeito Indutor)"
"2909307";"CORRENTINA";"BA";"Pequeno Porte II";"67,137683471719952877";"86,21617432295036565";"1. Despertados (Efeito Indutor)"
"2909505";"CRAVOLANDIA";"BA";"Pequeno Porte I";"17,845804906712128712";"146,79720900353711954";"1. Despertados (Efeito Indutor)"
"2909604";"CRISOPOLIS";"BA";"Pequeno Porte I";"0,000000000000000000";"176,06217501060342556";"1. Despertados (Efeito Indutor)"
"2909703";"CRISTOPOLIS";"BA";"Pequeno Porte I";"7,984644448697556740";"54,59621007502252610";"1. Despertados (Efeito Indutor)"
"2909802";"CRUZ DAS ALMAS";"BA";"Médio Porte";"34,076327989466896895";"194,56607335281094606";"1. Despertados (Efeito Indutor)"
"2909901";"CURACA";"BA";"Pequeno Porte II";"36,383908982371153229";"118,75367680098645451";"1. Despertados (Efeito Indutor)"
"2910008";"DARIO MEIRA";"BA";"Pequeno Porte I";"6,210901639026866761";"72,17421535679416422";"1. Despertados (Efeito Indutor)"
"2910057";"DIAS D'AVILA";"BA";"Médio Porte";"33,722797780340805218";"106,46219691357822512";"1. Despertados (Efeito Indutor)"
"2910107";"DOM BASILIO";"BA";"Pequeno Porte I";"12,330516380179597391";"141,69504685058299742";"1. Despertados (Efeito Indutor)"
"2910206";"DOM MACEDO COSTA";"BA";"Pequeno Porte I";"124,494641506054520619";"107,34449914888715227";"2. Constantes (Sustentabilidade)"
"2910305";"ELISIO MEDRADO";"BA";"Pequeno Porte I";"9,545323199730828989";"39,22450507085612514";"1. Despertados (Efeito Indutor)"
"2910404";"ENCRUZILHADA";"BA";"Pequeno Porte I";"4,971703374767352024";"79,88606281418607580";"1. Despertados (Efeito Indutor)"
"2910503";"ENTRE RIOS";"BA";"Pequeno Porte II";"0,000000000000000000";"54,17211192433989453";"1. Despertados (Efeito Indutor)"
"2910602";"ESPLANADA";"BA";"Pequeno Porte II";"93,204528662540184314";"136,62030497895031544";"1. Despertados (Efeito Indutor)"
"2910701";"EUCLIDES DA CUNHA";"BA";"Médio Porte";"31,775457966184735170";"149,40090876952908161";"1. Despertados (Efeito Indutor)"
"2910727";"EUNAPOLIS";"BA";"Grande Porte";"43,955671187382385767";"85,08506313260726017";"1. Despertados (Efeito Indutor)"
"2910750";"FATIMA";"BA";"Pequeno Porte I";"2,548905759221477663";"107,76418851927971332";"1. Despertados (Efeito Indutor)"
"2910776";"FEIRA DA MATA";"BA";"Pequeno Porte I";"29,724297548147283976";"126,53199148004739527";"1. Despertados (Efeito Indutor)"
"2910800";"FEIRA DE SANTANA";"BA";"Grande Porte";"35,228676295657763262";"8,72878507394885084";"4. Efeito Substituição (Retração Local)"
"2910859";"FILADELFIA";"BA";"Pequeno Porte I";"5,984381235827448187";"62,94037271969307312";"1. Despertados (Efeito Indutor)"
"2910909";"FIRMINO ALVES";"BA";"Pequeno Porte I";"1,036752964711070035";"188,51592245252868452";"1. Despertados (Efeito Indutor)"
"2911006";"FLORESTA AZUL";"BA";"Pequeno Porte I";"9,708008005573875110";"0,16246340963089573";"4. Efeito Substituição (Retração Local)"
"2911105";"FORMOSA DO RIO PRETO";"BA";"Pequeno Porte II";"52,898562665644696779";"186,57778901256745030";"1. Despertados (Efeito Indutor)"
"2911204";"GANDU";"BA";"Pequeno Porte II";"18,103245022492650662";"109,50018809052474467";"1. Despertados (Efeito Indutor)"
"2911253";"GAVIAO";"BA";"Pequeno Porte I";"0,000000000000000000";"176,39938989850224971";"1. Despertados (Efeito Indutor)"
"2911402";"GLORIA";"BA";"Pequeno Porte I";"2,073990635794302317";"129,28730078332131370";"1. Despertados (Efeito Indutor)"
"2911501";"GONGOGI";"BA";"Pequeno Porte I";"17,472576216417781581";"42,15685731801407599";"1. Despertados (Efeito Indutor)"
"2911709";"GUANAMBI";"BA";"Médio Porte";"31,549480721327572752";"108,53277898486444997";"1. Despertados (Efeito Indutor)"
"2911808";"GUARATINGA";"BA";"Pequeno Porte I";"5,262427702965269738";"0,00000000000000000";"2. Constantes (Sustentabilidade)"
"2911857";"HELIOPOLIS";"BA";"Pequeno Porte I";"15,390226907872241568";"191,98793406305662756";"1. Despertados (Efeito Indutor)"
"2911907";"IACU";"BA";"Pequeno Porte II";"10,087866073700544334";"88,14698988595127105";"1. Despertados (Efeito Indutor)"
"2912004";"IBIASSUCE";"BA";"Pequeno Porte I";"49,025354983889592120";"57,92594735832773267";"2. Constantes (Sustentabilidade)"
"2912103";"IBICARAI";"BA";"Pequeno Porte II";"13,849566304690460683";"26,05551950473502387";"1. Despertados (Efeito Indutor)"
"2912202";"IBICOARA";"BA";"Pequeno Porte II";"0,000000000000000000";"100,65458786896203947";"1. Despertados (Efeito Indutor)"
"2912301";"IBICUI";"BA";"Pequeno Porte I";"2,027239822687312287";"191,45660111956368610";"1. Despertados (Efeito Indutor)"
"2912400";"IBIPEBA";"BA";"Pequeno Porte I";"14,891676590587335838";"57,91039069117027793";"1. Despertados (Efeito Indutor)"
"2912509";"IBIPITANGA";"BA";"Pequeno Porte I";"0,000973876816199015";"105,24569213013056412";"1. Despertados (Efeito Indutor)"
"2912707";"IBIRAPITANGA";"BA";"Pequeno Porte II";"0,152929424738189490";"48,01557346414942629";"1. Despertados (Efeito Indutor)"
"2912905";"IBIRATAIA";"BA";"Pequeno Porte I";"0,000000000000000000";"129,40700166374173818";"1. Despertados (Efeito Indutor)"
"2913002";"IBITIARA";"BA";"Pequeno Porte I";"1,539357059949623574";"76,30742228598757038";"1. Despertados (Efeito Indutor)"
"2913101";"IBITITA";"BA";"Pequeno Porte I";"1,008113651804601663";"92,94079874172294353";"1. Despertados (Efeito Indutor)"
"2913200";"IBOTIRAMA";"BA";"Pequeno Porte II";"26,071782183769041552";"94,21671272188224577";"1. Despertados (Efeito Indutor)"
"2913408";"IGAPORA";"BA";"Pequeno Porte I";"30,735466812963117889";"61,87644297030977469";"1. Despertados (Efeito Indutor)"
"2913457";"IGRAPIUNA";"BA";"Pequeno Porte I";"18,402951760203155374";"58,79887568552762644";"1. Despertados (Efeito Indutor)"
"2913507";"IGUAI";"BA";"Pequeno Porte II";"12,752055412611195351";"64,10735515637600201";"1. Despertados (Efeito Indutor)"
"2913606";"ILHEUS";"BA";"Grande Porte";"11,366022272753751210";"3,55674788045288803";"4. Efeito Substituição (Retração Local)"
"2913705";"INHAMBUPE";"BA";"Pequeno Porte II";"14,193096670354975686";"40,58399093110762834";"1. Despertados (Efeito Indutor)"
"2913804";"IPECAETA";"BA";"Pequeno Porte I";"19,860858114859041734";"178,02278581533445845";"1. Despertados (Efeito Indutor)"
"2914000";"IPIRA";"BA";"Médio Porte";"9,788919057069307428";"90,68671128474970544";"1. Despertados (Efeito Indutor)"
"2914109";"IPUPIARA";"BA";"Pequeno Porte I";"2,468192436327886874";"154,24333951122792996";"1. Despertados (Efeito Indutor)"
"2914208";"IRAJUBA";"BA";"Pequeno Porte I";"83,157518019435386236";"141,31196491824570671";"1. Despertados (Efeito Indutor)"
"2914307";"IRAMAIA";"BA";"Pequeno Porte I";"11,775539269897171479";"144,54164662349779746";"1. Despertados (Efeito Indutor)"
"2914406";"IRAQUARA";"BA";"Pequeno Porte II";"9,401988605344120842";"93,97445077264542590";"1. Despertados (Efeito Indutor)"
"2914505";"IRARA";"BA";"Pequeno Porte II";"39,883748347529639489";"177,84854273990833917";"1. Despertados (Efeito Indutor)"
"2914653";"ITABELA";"BA";"Pequeno Porte II";"20,392494580708135032";"161,28406220447908481";"1. Despertados (Efeito Indutor)"
"2914703";"ITABERABA";"BA";"Médio Porte";"5,780070691901934232";"55,21079721725010359";"1. Despertados (Efeito Indutor)"
"2914802";"ITABUNA";"BA";"Grande Porte";"49,475035479312417408";"70,10919550203252015";"1. Despertados (Efeito Indutor)"
"2914901";"ITACARE";"BA";"Pequeno Porte II";"121,978436836200941684";"92,67550429047588523";"2. Constantes (Sustentabilidade)"
"2915106";"ITAGI";"BA";"Pequeno Porte I";"13,240271721029877483";"156,25355998718126216";"1. Despertados (Efeito Indutor)"
"2915205";"ITAGIBA";"BA";"Pequeno Porte I";"0,000000000000000000";"12,81407152188112342";"1. Despertados (Efeito Indutor)"
"2915304";"ITAGIMIRIM";"BA";"Pequeno Porte I";"1,004368794234242745";"97,80891076466437539";"1. Despertados (Efeito Indutor)"
"2915353";"ITAGUACU DA BAHIA";"BA";"Pequeno Porte I";"14,836243053312667683";"32,47615053448383549";"1. Despertados (Efeito Indutor)"
"2915403";"ITAJU DO COLONIA";"BA";"Pequeno Porte I";"12,499595843345741031";"152,27325305924884447";"1. Despertados (Efeito Indutor)"
"2915502";"ITAJUIPE";"BA";"Pequeno Porte I";"20,567891208774817358";"152,50395280189835034";"1. Despertados (Efeito Indutor)"
"2915601";"ITAMARAJU";"BA";"Médio Porte";"17,033112145780158642";"14,22317751891932858";"2. Constantes (Sustentabilidade)"
"2915809";"ITAMBE";"BA";"Pequeno Porte II";"0,720279159242430911";"122,13911947304332273";"1. Despertados (Efeito Indutor)"
"2915908";"ITANAGRA";"BA";"Pequeno Porte I";"0,000000000000000000";"128,10519228528880831";"1. Despertados (Efeito Indutor)"
"2916005";"ITANHEM";"BA";"Pequeno Porte I";"29,907714968698407176";"50,99072181106968316";"1. Despertados (Efeito Indutor)"
"2916104";"ITAPARICA";"BA";"Pequeno Porte I";"47,920039954427060991";"136,56516928596695948";"1. Despertados (Efeito Indutor)"
"2916203";"ITAPE";"BA";"Pequeno Porte I";"10,669153638340645784";"35,92579342513437979";"1. Despertados (Efeito Indutor)"
"2916302";"ITAPEBI";"BA";"Pequeno Porte I";"52,527998482529035584";"102,57126905660940963";"1. Despertados (Efeito Indutor)"
"2916401";"ITAPETINGA";"BA";"Médio Porte";"5,900408071145108124";"89,80965662360600277";"1. Despertados (Efeito Indutor)"
"2916500";"ITAPICURU";"BA";"Pequeno Porte II";"8,507243060739094531";"21,09224565169355259";"1. Despertados (Efeito Indutor)"
"2916609";"ITAPITANGA";"BA";"Pequeno Porte I";"10,785023964415232811";"56,89328448625805379";"1. Despertados (Efeito Indutor)"
"2916708";"ITAQUARA";"BA";"Pequeno Porte I";"5,029977547227583834";"95,73524489083322919";"1. Despertados (Efeito Indutor)"
"2916807";"ITARANTIM";"BA";"Pequeno Porte I";"27,696429052578288577";"177,32835609646059538";"1. Despertados (Efeito Indutor)"
"2916906";"ITIRUCU";"BA";"Pequeno Porte I";"21,621483165939505255";"75,26093309767452411";"1. Despertados (Efeito Indutor)"
"2917003";"ITIUBA";"BA";"Pequeno Porte II";"3,774792061279014899";"112,69302098172970261";"1. Despertados (Efeito Indutor)"
"2917102";"ITORORO";"BA";"Pequeno Porte I";"48,370504675622179036";"71,65475205089504129";"1. Despertados (Efeito Indutor)"
"2917201";"ITUACU";"BA";"Pequeno Porte I";"12,259873336235184382";"92,59453388440000765";"1. Despertados (Efeito Indutor)"
"2917300";"ITUBERA";"BA";"Pequeno Porte II";"26,905365236815743657";"105,30928194335258752";"1. Despertados (Efeito Indutor)"
"2917334";"IUIU";"BA";"Pequeno Porte I";"40,322529207169814924";"141,76590079150926726";"1. Despertados (Efeito Indutor)"
"2917359";"JABORANDI";"BA";"Pequeno Porte I";"0,000000000000000000";"185,66627277628032289";"1. Despertados (Efeito Indutor)"
"2917409";"JACARACI";"BA";"Pequeno Porte I";"3,298450255640694717";"43,43882204211692510";"1. Despertados (Efeito Indutor)"
"2917508";"JACOBINA";"BA";"Médio Porte";"22,745726016995075014";"39,76559579614300333";"1. Despertados (Efeito Indutor)"
"2917607";"JAGUAQUARA";"BA";"Pequeno Porte II";"13,207455053307917581";"143,85995976376005956";"1. Despertados (Efeito Indutor)"
"2917706";"JAGUARARI";"BA";"Pequeno Porte II";"14,763957155420580847";"0,00000000000000000";"4. Efeito Substituição (Retração Local)"
"2917805";"JAGUARIPE";"BA";"Pequeno Porte I";"130,019247601519253976";"0,00000000000000000";"4. Efeito Substituição (Retração Local)"
"2917904";"JANDAIRA";"BA";"Pequeno Porte I";"12,224048122933824700";"12,90666149317490152";"2. Constantes (Sustentabilidade)"
"2918001";"JEQUIE";"BA";"Grande Porte";"0,000000000000000000";"79,41772317059184161";"1. Despertados (Efeito Indutor)"
"2918100";"JEREMOABO";"BA";"Pequeno Porte II";"2,123774192245644343";"131,27777512873080923";"1. Despertados (Efeito Indutor)"
"2918209";"JIQUIRICA";"BA";"Pequeno Porte I";"53,624790913267183612";"137,34486809977732946";"1. Despertados (Efeito Indutor)"
"2918308";"JITAUNA";"BA";"Pequeno Porte I";"12,245190860435339886";"181,77454819772128758";"1. Despertados (Efeito Indutor)"
"2918357";"JOAO DOURADO";"BA";"Pequeno Porte II";"9,316901117809466726";"1,93462746754337411";"4. Efeito Substituição (Retração Local)"
"2918407";"JUAZEIRO";"BA";"Grande Porte";"53,229658044055710775";"9,79706423028169837";"4. Efeito Substituição (Retração Local)"
"2918456";"JUCURUCU";"BA";"Pequeno Porte I";"3,880526734899898855";"47,46175444537835375";"1. Despertados (Efeito Indutor)"
"2918506";"JUSSARA";"BA";"Pequeno Porte I";"0,000000000000000000";"75,22681074920510014";"1. Despertados (Efeito Indutor)"
"2918555";"JUSSARI";"BA";"Pequeno Porte I";"18,163664550798895192";"16,97876194128545890";"2. Constantes (Sustentabilidade)"
"2918605";"JUSSIAPE";"BA";"Pequeno Porte I";"74,171933644647040751";"134,75239750888030699";"1. Despertados (Efeito Indutor)"
"2918704";"LAFAIETE COUTINHO";"BA";"Pequeno Porte I";"59,532310115001308759";"156,57126902090578824";"1. Despertados (Efeito Indutor)"
"2918753";"LAGOA REAL";"BA";"Pequeno Porte I";"0,000000000000000000";"8,39048635235731943";"1. Despertados (Efeito Indutor)"
"2918902";"LAJEDAO";"BA";"Pequeno Porte I";"1,411230345069062198";"94,86291642578363792";"1. Despertados (Efeito Indutor)"
"2919058";"LAJEDO DO TABOCAL";"BA";"Pequeno Porte I";"4,349592006158115254";"134,51791858760367404";"1. Despertados (Efeito Indutor)"
"2919108";"LAMARAO";"BA";"Pequeno Porte I";"11,563604760814294892";"102,34055804680767210";"1. Despertados (Efeito Indutor)"
"2919157";"LAPAO";"BA";"Pequeno Porte II";"10,325438322950365233";"148,77873365042194109";"1. Despertados (Efeito Indutor)"
"2919207";"LAURO DE FREITAS";"BA";"Grande Porte";"21,293815059313235594";"49,67924064211540980";"1. Despertados (Efeito Indutor)"
"2919405";"LICINIO DE ALMEIDA";"BA";"Pequeno Porte I";"0,591715140157189401";"17,65713447134341862";"1. Despertados (Efeito Indutor)"
"2919504";"LIVRAMENTO DE NOSSA SENHORA";"BA";"Pequeno Porte II";"9,313747863006472727";"110,49834779528616480";"1. Despertados (Efeito Indutor)"
"2919553";"LUIS EDUARDO MAGALHAES";"BA";"Grande Porte";"62,617768203707953489";"121,57055914796990237";"1. Despertados (Efeito Indutor)"
"2919702";"MACARANI";"BA";"Pequeno Porte II";"2,689289883664178316";"83,13250046903908697";"1. Despertados (Efeito Indutor)"
"2919801";"MACAUBAS";"BA";"Pequeno Porte II";"19,517716134495969982";"125,19190597461755488";"1. Despertados (Efeito Indutor)"
"2919900";"MACURURE";"BA";"Pequeno Porte I";"17,022743835484245523";"178,31744034074444016";"1. Despertados (Efeito Indutor)"
"2920007";"MAIQUINIQUE";"BA";"Pequeno Porte I";"31,652025143924660711";"106,33819888470192438";"1. Despertados (Efeito Indutor)"
"2920205";"MALHADA";"BA";"Pequeno Porte I";"24,499853994996861672";"99,94737215420479970";"1. Despertados (Efeito Indutor)"
"2920304";"MALHADA DE PEDRAS";"BA";"Pequeno Porte I";"70,803807796469499181";"148,39943784376768576";"1. Despertados (Efeito Indutor)"
"2920452";"MANSIDAO";"BA";"Pequeno Porte I";"0,000000000000000000";"65,58487177846613747";"1. Despertados (Efeito Indutor)"
"2920502";"MARACAS";"BA";"Pequeno Porte II";"17,655680248455144721";"118,33754897493057001";"1. Despertados (Efeito Indutor)"
"2920601";"MARAGOGIPE";"BA";"Pequeno Porte II";"53,222002994584627800";"170,71738233339641511";"1. Despertados (Efeito Indutor)"
"2920809";"MARCIONILIO SOUZA";"BA";"Pequeno Porte I";"0,000000000000000000";"122,74949679025161231";"1. Despertados (Efeito Indutor)"
"2920908";"MASCOTE";"BA";"Pequeno Porte I";"4,343911137413228651";"90,13714447561451948";"1. Despertados (Efeito Indutor)"
"2921054";"MATINA";"BA";"Pequeno Porte I";"3,134192775558268362";"70,53809009120496398";"1. Despertados (Efeito Indutor)"
"2921104";"MEDEIROS NETO";"BA";"Pequeno Porte II";"13,531561492906893918";"59,88331658335850705";"1. Despertados (Efeito Indutor)"
"2921401";"MIRANGABA";"BA";"Pequeno Porte I";"25,388831603551771821";"129,71098605397844494";"1. Despertados (Efeito Indutor)"
"2921450";"MIRANTE";"BA";"Pequeno Porte I";"5,017940650679570069";"95,12439321873554832";"1. Despertados (Efeito Indutor)"
"2921500";"MONTE SANTO";"BA";"Pequeno Porte II";"1,598035031584849053";"106,61465690734002010";"1. Despertados (Efeito Indutor)"
"2921609";"MORPARA";"BA";"Pequeno Porte I";"3,777444616435781555";"174,23414681113598590";"1. Despertados (Efeito Indutor)"
"2921708";"MORRO DO CHAPEU";"BA";"Pequeno Porte II";"9,481732207600082063";"165,87415542727885054";"1. Despertados (Efeito Indutor)"
"2921807";"MORTUGABA";"BA";"Pequeno Porte I";"12,829622329420088178";"49,13358585275068435";"1. Despertados (Efeito Indutor)"
"2922003";"MUCURI";"BA";"Pequeno Porte II";"0,000000000000000000";"68,54343118393836676";"1. Despertados (Efeito Indutor)"
"2922052";"MULUNGU DO MORRO";"BA";"Pequeno Porte I";"68,448957248436983036";"187,79622043393732156";"1. Despertados (Efeito Indutor)"
"2922102";"MUNDO NOVO";"BA";"Pequeno Porte I";"19,047208893847962230";"97,90210341388157644";"1. Despertados (Efeito Indutor)"
"2922201";"MUNIZ FERREIRA";"BA";"Pequeno Porte I";"12,700259958790505621";"0,00000000000000000";"4. Efeito Substituição (Retração Local)"
"2922250";"MUQUEM DO SAO FRANCISCO";"BA";"Pequeno Porte I";"4,408921803405051243";"29,92876924959346852";"1. Despertados (Efeito Indutor)"
"2922300";"MURITIBA";"BA";"Pequeno Porte II";"71,334856853999383475";"117,35937219984290891";"1. Despertados (Efeito Indutor)"
"2922409";"MUTUIPE";"BA";"Pequeno Porte II";"0,000000000000000000";"40,23664167063019192";"1. Despertados (Efeito Indutor)"
"2922508";"NAZARE";"BA";"Pequeno Porte II";"35,532991717080641081";"140,81542234210485276";"1. Despertados (Efeito Indutor)"
"2922607";"NILO PECANHA";"BA";"Pequeno Porte I";"25,086122648953249836";"0,00000000000000000";"4. Efeito Substituição (Retração Local)"
"2922656";"NORDESTINA";"BA";"Pequeno Porte I";"59,888520087536853964";"184,38667068316738096";"1. Despertados (Efeito Indutor)"
"2922706";"NOVA CANAA";"BA";"Pequeno Porte I";"23,395443852200216384";"36,26702781696329225";"1. Despertados (Efeito Indutor)"
"2922730";"NOVA FATIMA";"BA";"Pequeno Porte I";"0,000000000000000000";"115,86839797918446493";"1. Despertados (Efeito Indutor)"
"2922755";"NOVA IBIA";"BA";"Pequeno Porte I";"0,000000000000000000";"64,87690168561375970";"1. Despertados (Efeito Indutor)"
"2922854";"NOVA REDENCAO";"BA";"Pequeno Porte I";"21,247622053174115564";"24,11893895617315664";"2. Constantes (Sustentabilidade)"
"2922904";"NOVA SOURE";"BA";"Pequeno Porte II";"8,606936281420265900";"87,35626760113480316";"1. Despertados (Efeito Indutor)"
"2923001";"NOVA VICOSA";"BA";"Pequeno Porte II";"1,390734746295912316";"29,33771761575894033";"1. Despertados (Efeito Indutor)"
"2923035";"NOVO HORIZONTE";"BA";"Pequeno Porte I";"1,351903787188538431";"135,26217389356745002";"1. Despertados (Efeito Indutor)"
"2923050";"NOVO TRIUNFO";"BA";"Pequeno Porte I";"30,490855978035803275";"130,64763687691174709";"1. Despertados (Efeito Indutor)"
"2923100";"OLINDINA";"BA";"Pequeno Porte II";"4,338268514748601312";"86,43584772432660657";"1. Despertados (Efeito Indutor)"
"2923209";"OLIVEIRA DOS BREJINHOS";"BA";"Pequeno Porte II";"2,073346985749424665";"166,74400044144383060";"1. Despertados (Efeito Indutor)"
"2923357";"OUROLANDIA";"BA";"Pequeno Porte I";"0,000000000000000000";"49,51379506535085540";"1. Despertados (Efeito Indutor)"
"2923407";"PALMAS DE MONTE ALTO";"BA";"Pequeno Porte II";"1,222955529470134639";"42,93564050565831280";"1. Despertados (Efeito Indutor)"
"2923506";"PALMEIRAS";"BA";"Pequeno Porte I";"41,019769379657660124";"164,54285225504131063";"1. Despertados (Efeito Indutor)"
"2923605";"PARAMIRIM";"BA";"Pequeno Porte II";"50,200868466635853338";"90,66661736524004311";"1. Despertados (Efeito Indutor)"
"2923704";"PARATINGA";"BA";"Pequeno Porte II";"58,371327828668469806";"71,68603498310318400";"2. Constantes (Sustentabilidade)"
"2923803";"PARIPIRANGA";"BA";"Pequeno Porte II";"7,575795498567098996";"145,37838365901140492";"1. Despertados (Efeito Indutor)"
"2924009";"PAULO AFONSO";"BA";"Grande Porte";"23,143715022850038565";"105,88925879556373388";"1. Despertados (Efeito Indutor)"
"2924058";"PE DE SERRA";"BA";"Pequeno Porte I";"24,843162682429646537";"147,18806510138452381";"1. Despertados (Efeito Indutor)"
"2924108";"PEDRAO";"BA";"Pequeno Porte I";"31,987854148090743678";"94,19977064955892843";"1. Despertados (Efeito Indutor)"
"2924207";"PEDRO ALEXANDRE";"BA";"Pequeno Porte I";"0,000000000000000000";"150,04850811169939107";"1. Despertados (Efeito Indutor)"
"2924306";"PIATA";"BA";"Pequeno Porte II";"33,805664821523130570";"182,75273384739023186";"1. Despertados (Efeito Indutor)"
"2924405";"PILAO ARCADO";"BA";"Pequeno Porte II";"17,665306215144500612";"74,10805998053319854";"1. Despertados (Efeito Indutor)"
"2924504";"PINDAI";"BA";"Pequeno Porte I";"51,165276922830777551";"115,43093826885777275";"1. Despertados (Efeito Indutor)"
"2924603";"PINDOBACU";"BA";"Pequeno Porte I";"19,889144422803340717";"131,96126172655618802";"1. Despertados (Efeito Indutor)"
"2924652";"PINTADAS";"BA";"Pequeno Porte I";"17,110820421134032898";"110,37576815749162051";"1. Despertados (Efeito Indutor)"
"2924678";"PIRAI DO NORTE";"BA";"Pequeno Porte I";"0,000000000000000000";"45,29359618647349350";"1. Despertados (Efeito Indutor)"
"2924702";"PIRIPA";"BA";"Pequeno Porte I";"14,967572182506357237";"165,23848279181618182";"1. Despertados (Efeito Indutor)"
"2924801";"PIRITIBA";"BA";"Pequeno Porte I";"13,702591147167899166";"150,09874343829741861";"1. Despertados (Efeito Indutor)"
"2924900";"PLANALTINO";"BA";"Pequeno Porte I";"15,290701235336241481";"66,84239254664687735";"1. Despertados (Efeito Indutor)"
"2925006";"PLANALTO";"BA";"Pequeno Porte II";"22,106231994793574813";"60,93430848566808322";"1. Despertados (Efeito Indutor)"
"2925105";"POCOES";"BA";"Pequeno Porte II";"14,459596035286711668";"37,75308541244464777";"1. Despertados (Efeito Indutor)"
"2925253";"PONTO NOVO";"BA";"Pequeno Porte I";"10,571906844820816218";"91,58046193867275520";"1. Despertados (Efeito Indutor)"
"2925303";"PORTO SEGURO";"BA";"Grande Porte";"65,065190370854736557";"7,42888949866600701";"4. Efeito Substituição (Retração Local)"
"2925402";"POTIRAGUA";"BA";"Pequeno Porte I";"11,989856361675290231";"162,29790372079389726";"1. Despertados (Efeito Indutor)"
"2925501";"PRADO";"BA";"Pequeno Porte II";"3,892462270585173911";"8,10265428999140980";"2. Constantes (Sustentabilidade)"
"2925600";"PRESIDENTE DUTRA";"BA";"Pequeno Porte I";"11,915044333109500840";"89,74703323239715758";"1. Despertados (Efeito Indutor)"
"2925709";"PRESIDENTE JANIO QUADROS";"BA";"Pequeno Porte I";"0,000000000000000000";"149,44151430148875193";"1. Despertados (Efeito Indutor)"
"2925758";"PRESIDENTE TANCREDO NEVES";"BA";"Pequeno Porte II";"40,457066167050541594";"74,97359650417733690";"1. Despertados (Efeito Indutor)"
"2925808";"QUEIMADAS";"BA";"Pequeno Porte II";"12,631383588402012919";"61,50434412036324261";"1. Despertados (Efeito Indutor)"
"2925907";"QUIJINGUE";"BA";"Pequeno Porte II";"16,903094902783944775";"64,48007343759093146";"1. Despertados (Efeito Indutor)"
"2925931";"QUIXABEIRA";"BA";"Pequeno Porte I";"13,753787117296919718";"84,69716220264146500";"1. Despertados (Efeito Indutor)"
"2926004";"REMANSO";"BA";"Pequeno Porte II";"0,000000000000000000";"16,46866384343920942";"1. Despertados (Efeito Indutor)"
"2926103";"RETIROLANDIA";"BA";"Pequeno Porte I";"5,808114927887724654";"183,17357762149927680";"1. Despertados (Efeito Indutor)"
"2926400";"RIACHO DE SANTANA";"BA";"Pequeno Porte II";"24,427065883766964305";"103,60285179733203620";"1. Despertados (Efeito Indutor)"
"2926509";"RIBEIRA DO AMPARO";"BA";"Pequeno Porte I";"6,238984873042478618";"78,19638515863914563";"1. Despertados (Efeito Indutor)"
"2926608";"RIBEIRA DO POMBAL";"BA";"Médio Porte";"4,090344227306709435";"104,57502209500910340";"1. Despertados (Efeito Indutor)"
"2926707";"RIO DE CONTAS";"BA";"Pequeno Porte I";"52,581413289811557377";"165,98237194071793965";"1. Despertados (Efeito Indutor)"
"2926806";"RIO DO ANTONIO";"BA";"Pequeno Porte I";"1,199665795889065967";"187,26639733598588577";"1. Despertados (Efeito Indutor)"
"2926905";"RIO DO PIRES";"BA";"Pequeno Porte I";"11,926239868556633539";"101,94544712916439266";"1. Despertados (Efeito Indutor)"
"2927002";"RIO REAL";"BA";"Pequeno Porte II";"25,077583982190510881";"109,97456317429291062";"1. Despertados (Efeito Indutor)"
"2927101";"RODELAS";"BA";"Pequeno Porte I";"27,130527380524263492";"63,45072038324522623";"1. Despertados (Efeito Indutor)"
"2927200";"RUY BARBOSA";"BA";"Pequeno Porte II";"23,090854494642549355";"115,08023207002807453";"1. Despertados (Efeito Indutor)"
"2927309";"SALINAS DA MARGARIDA";"BA";"Pequeno Porte I";"5,022187304236791050";"0,00000000000000000";"2. Constantes (Sustentabilidade)"
"2927408";"SALVADOR";"BA";"Metrópole";"14,797071037661373438";"29,78267678477484282";"1. Despertados (Efeito Indutor)"
"2927507";"SANTA BARBARA";"BA";"Pequeno Porte II";"15,965586302625121462";"193,53509839883415111";"1. Despertados (Efeito Indutor)"
"2927606";"SANTA BRIGIDA";"BA";"Pequeno Porte I";"17,186851679846682828";"72,39883014276443873";"1. Despertados (Efeito Indutor)"
"2927705";"SANTA CRUZ CABRALIA";"BA";"Pequeno Porte II";"36,296525427192065649";"23,32955015372208152";"4. Efeito Substituição (Retração Local)"
"2927804";"SANTA CRUZ DA VITORIA";"BA";"Pequeno Porte I";"0,000000000000000000";"130,50589982942284450";"1. Despertados (Efeito Indutor)"
"2928000";"SANTALUZ";"BA";"Pequeno Porte II";"5,496851593108310396";"101,00587166139169426";"1. Despertados (Efeito Indutor)"
"2928059";"SANTA LUZIA";"BA";"Pequeno Porte I";"4,602145590048729140";"115,99434461852339950";"1. Despertados (Efeito Indutor)"
"2928109";"SANTA MARIA DA VITORIA";"BA";"Pequeno Porte II";"22,437291301477593208";"46,63514240513823950";"1. Despertados (Efeito Indutor)"
"2928208";"SANTANA";"BA";"Pequeno Porte II";"63,452470157734502720";"103,88054242474582622";"1. Despertados (Efeito Indutor)"
"2928307";"SANTANOPOLIS";"BA";"Pequeno Porte I";"15,469046920434927017";"99,35794229004129363";"1. Despertados (Efeito Indutor)"
"2928406";"SANTA RITA DE CASSIA";"BA";"Pequeno Porte II";"14,480758251835888828";"40,08772361022256803";"1. Despertados (Efeito Indutor)"
"2928505";"SANTA TEREZINHA";"BA";"Pequeno Porte I";"23,332381404261912650";"75,10553264996620726";"1. Despertados (Efeito Indutor)"
"2928604";"SANTO AMARO";"BA";"Médio Porte";"90,187672805464728754";"53,81097509476948915";"4. Efeito Substituição (Retração Local)"
"2928703";"SANTO ANTONIO DE JESUS";"BA";"Grande Porte";"18,190266076125929828";"115,49195988761292142";"1. Despertados (Efeito Indutor)"
"2928802";"SANTO ESTEVAO";"BA";"Médio Porte";"26,711380932293238288";"131,49961118943036809";"1. Despertados (Efeito Indutor)"
"2928950";"SAO DOMINGOS";"BA";"Pequeno Porte I";"25,850734315902410998";"19,47843045335865142";"2. Constantes (Sustentabilidade)"
"2929008";"SAO FELIX";"BA";"Pequeno Porte I";"19,731897590048490088";"43,47140315935902777";"1. Despertados (Efeito Indutor)"
"2929057";"SAO FELIX DO CORIBE";"BA";"Pequeno Porte I";"17,501650268414106648";"104,76454622438504316";"1. Despertados (Efeito Indutor)"
"2929107";"SAO FELIPE";"BA";"Pequeno Porte II";"1,697977864758162481";"99,80259666194606893";"1. Despertados (Efeito Indutor)"
"2929255";"SAO GABRIEL";"BA";"Pequeno Porte I";"11,872532637103942577";"36,02669034062061826";"1. Despertados (Efeito Indutor)"
"2929305";"SAO GONCALO DOS CAMPOS";"BA";"Pequeno Porte II";"35,822122819323212184";"172,97027246291338543";"1. Despertados (Efeito Indutor)"
"2929404";"SAO MIGUEL DAS MATAS";"BA";"Pequeno Porte I";"12,964540950456745705";"66,01070559272434934";"1. Despertados (Efeito Indutor)"
"2929602";"SAPEACU";"BA";"Pequeno Porte I";"26,601816856404195022";"94,06225863121855468";"1. Despertados (Efeito Indutor)"
"2929750";"SAUBARA";"BA";"Pequeno Porte I";"140,257529871858679371";"152,88273357196354141";"2. Constantes (Sustentabilidade)"
"2929800";"SAUDE";"BA";"Pequeno Porte I";"6,380826266915502032";"86,33417458168923986";"1. Despertados (Efeito Indutor)"
"2929909";"SEABRA";"BA";"Pequeno Porte II";"12,279776687708755745";"99,39514365115510941";"1. Despertados (Efeito Indutor)"
"2930006";"SEBASTIAO LARANJEIRAS";"BA";"Pequeno Porte I";"0,970342501517203360";"74,81903636450283557";"1. Despertados (Efeito Indutor)"
"2930105";"SENHOR DO BONFIM";"BA";"Médio Porte";"45,325818325548468124";"104,61370911852267795";"1. Despertados (Efeito Indutor)"
"2930154";"SERRA DO RAMALHO";"BA";"Pequeno Porte II";"13,685312296403589372";"79,24544167494593694";"1. Despertados (Efeito Indutor)"
"2930204";"SENTO SE";"BA";"Pequeno Porte II";"17,076747962015872417";"11,59082180112176808";"2. Constantes (Sustentabilidade)"
"2930303";"SERRA DOURADA";"BA";"Pequeno Porte I";"31,798433792116856722";"65,03645729480204807";"1. Despertados (Efeito Indutor)"
"2930402";"SERRA PRETA";"BA";"Pequeno Porte I";"9,739647277965865158";"133,00684301530526454";"1. Despertados (Efeito Indutor)"
"2930501";"SERRINHA";"BA";"Médio Porte";"25,617102462659058659";"94,68211822836836689";"1. Despertados (Efeito Indutor)"
"2930709";"SIMOES FILHO";"BA";"Grande Porte";"29,891430362933636644";"62,34896327604749189";"1. Despertados (Efeito Indutor)"
"2930758";"SITIO DO MATO";"BA";"Pequeno Porte I";"0,000000000000000000";"42,55090111803798436";"1. Despertados (Efeito Indutor)"
"2930766";"SITIO DO QUINTO";"BA";"Pequeno Porte I";"10,004387803114759947";"126,90136123421305570";"1. Despertados (Efeito Indutor)"
"2930774";"SOBRADINHO";"BA";"Pequeno Porte II";"16,871423079206508078";"115,96333921154408131";"1. Despertados (Efeito Indutor)"
"2930808";"SOUTO SOARES";"BA";"Pequeno Porte I";"6,120953739048726305";"0,00000000000000000";"2. Constantes (Sustentabilidade)"
"2930907";"TABOCAS DO BREJO VELHO";"BA";"Pequeno Porte I";"5,518522749534275462";"61,38766995276745320";"1. Despertados (Efeito Indutor)"
"2931004";"TANHACU";"BA";"Pequeno Porte II";"9,673881227405596306";"87,15461370372875649";"1. Despertados (Efeito Indutor)"
"2931053";"TANQUE NOVO";"BA";"Pequeno Porte I";"0,303447345504053279";"133,91036960705753245";"1. Despertados (Efeito Indutor)"
"2931103";"TANQUINHO";"BA";"Pequeno Porte I";"28,421796444558832917";"186,19064555427783603";"1. Despertados (Efeito Indutor)"
"2931202";"TAPEROA";"BA";"Pequeno Porte I";"24,190705466086210862";"88,98192930288730906";"1. Despertados (Efeito Indutor)"
"2931301";"TAPIRAMUTA";"BA";"Pequeno Porte I";"0,000000000000000000";"100,07440503734903814";"1. Despertados (Efeito Indutor)"
"2931350";"TEIXEIRA DE FREITAS";"BA";"Grande Porte";"0,000000000000000000";"3,77515349590476923";"2. Constantes (Sustentabilidade)"
"2931400";"TEODORO SAMPAIO";"BA";"Pequeno Porte I";"0,000000000000000000";"139,17693030927722475";"1. Despertados (Efeito Indutor)"
"2931509";"TEOFILANDIA";"BA";"Pequeno Porte II";"10,690599437053366572";"138,29846244064219718";"1. Despertados (Efeito Indutor)"
"2931707";"TERRA NOVA";"BA";"Pequeno Porte I";"78,909886353596377262";"147,27742608993997919";"1. Despertados (Efeito Indutor)"
"2931806";"TREMEDAL";"BA";"Pequeno Porte I";"0,499464348010911663";"47,99238542106863292";"1. Despertados (Efeito Indutor)"
"2931905";"TUCANO";"BA";"Pequeno Porte II";"6,482520826464224228";"96,76579835004289976";"1. Despertados (Efeito Indutor)"
"2932002";"UAUA";"BA";"Pequeno Porte II";"20,664476630079327890";"147,45937002276278349";"1. Despertados (Efeito Indutor)"
"2932101";"UBAIRA";"BA";"Pequeno Porte I";"5,080116794855878304";"162,96894857742495333";"1. Despertados (Efeito Indutor)"
"2932200";"UBAITABA";"BA";"Pequeno Porte I";"16,302930151232470024";"3,35083825730530727";"4. Efeito Substituição (Retração Local)"
"2932309";"UBATA";"BA";"Pequeno Porte I";"28,175282694270155304";"0,00000000000000000";"4. Efeito Substituição (Retração Local)"
"2932408";"UIBAI";"BA";"Pequeno Porte I";"28,474134719638325208";"99,16143361782911825";"1. Despertados (Efeito Indutor)"
"2932457";"UMBURANAS";"BA";"Pequeno Porte I";"0,000000000000000000";"10,13285373402826295";"1. Despertados (Efeito Indutor)"
"2932507";"UNA";"BA";"Pequeno Porte I";"14,779266951014268017";"93,30858920994450045";"1. Despertados (Efeito Indutor)"
"2932606";"URANDI";"BA";"Pequeno Porte I";"5,378800563864487572";"83,97270180614040669";"1. Despertados (Efeito Indutor)"
"2932705";"URUCUCA";"BA";"Pequeno Porte II";"20,428155257690477242";"62,23440025986027280";"1. Despertados (Efeito Indutor)"
"2932804";"UTINGA";"BA";"Pequeno Porte I";"5,023584603244797719";"0,00000000000000000";"2. Constantes (Sustentabilidade)"
"2932903";"VALENCA";"BA";"Médio Porte";"14,880479416759628819";"57,90476098432210250";"1. Despertados (Efeito Indutor)"
"2933000";"VALENTE";"BA";"Pequeno Porte II";"8,927710228102721857";"86,23793224559639725";"1. Despertados (Efeito Indutor)"
"2933059";"VARZEA DA ROCA";"BA";"Pequeno Porte I";"23,358022664304787241";"102,22804414841775156";"1. Despertados (Efeito Indutor)"
"2933109";"VARZEA DO POCO";"BA";"Pequeno Porte I";"97,565331920818877620";"57,45439241948376718";"4. Efeito Substituição (Retração Local)"
"2933158";"VARZEA NOVA";"BA";"Pequeno Porte I";"7,796857046442500661";"143,00547230792295750";"1. Despertados (Efeito Indutor)"
"2933174";"VARZEDO";"BA";"Pequeno Porte I";"22,986897142849617381";"77,63096450706950691";"1. Despertados (Efeito Indutor)"
"2933208";"VERA CRUZ";"BA";"Pequeno Porte II";"62,303580366220870701";"127,13089848303718554";"1. Despertados (Efeito Indutor)"
"2933257";"VEREDA";"BA";"Pequeno Porte I";"0,067963383225993601";"69,54028044377059814";"1. Despertados (Efeito Indutor)"
"2933307";"VITORIA DA CONQUISTA";"BA";"Grande Porte";"8,568377955014273795";"10,52462429063355032";"2. Constantes (Sustentabilidade)"
"2933406";"WAGNER";"BA";"Pequeno Porte I";"0,000000000000000000";"67,14584467306494275";"1. Despertados (Efeito Indutor)"
"2933455";"WANDERLEY";"BA";"Pequeno Porte I";"0,000000000000000000";"20,70481184454040857";"1. Despertados (Efeito Indutor)"
"2933505";"WENCESLAU GUIMARAES";"BA";"Pequeno Porte II";"11,342492788961150652";"108,62768822149047310";"1. Despertados (Efeito Indutor)"
"2933604";"XIQUE-XIQUE";"BA";"Pequeno Porte II";"12,594564062940882820";"51,93085862521202500";"1. Despertados (Efeito Indutor)"
"3100104";"ABADIA DOS DOURADOS";"MG";"Pequeno Porte I";"110,111168525883115876";"75,82118291330272086";"4. Efeito Substituição (Retração Local)"
"3100203";"ABAETE";"MG";"Pequeno Porte II";"28,891115714104895318";"54,58534013464436896";"1. Despertados (Efeito Indutor)"
"3100302";"ABRE CAMPO";"MG";"Pequeno Porte I";"24,937408524015058475";"145,02301678836727206";"1. Despertados (Efeito Indutor)"
"3100401";"ACAIACA";"MG";"Pequeno Porte I";"43,890103530519169794";"197,26647560528820691";"1. Despertados (Efeito Indutor)"
"3100500";"ACUCENA";"MG";"Pequeno Porte I";"23,695113955188489285";"56,75589557102787808";"1. Despertados (Efeito Indutor)"
"3100609";"AGUA BOA";"MG";"Pequeno Porte I";"1,824211998352370356";"91,92284085387819914";"1. Despertados (Efeito Indutor)"
"3100807";"AGUANIL";"MG";"Pequeno Porte I";"28,898389950930816639";"85,66801662013433827";"1. Despertados (Efeito Indutor)"
"3100906";"AGUAS FORMOSAS";"MG";"Pequeno Porte I";"21,990132656306396797";"58,35008616114092916";"1. Despertados (Efeito Indutor)"
"3101003";"AGUAS VERMELHAS";"MG";"Pequeno Porte I";"17,594824853167377654";"189,84979046823480076";"1. Despertados (Efeito Indutor)"
"3101102";"AIMORES";"MG";"Pequeno Porte II";"24,012224576342667604";"69,92049998987593540";"1. Despertados (Efeito Indutor)"
"3101201";"AIURUOCA";"MG";"Pequeno Porte I";"10,433677413405666456";"56,27203254174899882";"1. Despertados (Efeito Indutor)"
"3101508";"ALEM PARAIBA";"MG";"Pequeno Porte II";"46,477993626739596777";"77,85760599494722101";"1. Despertados (Efeito Indutor)"
"3101607";"ALFENAS";"MG";"Médio Porte";"26,837919500733200096";"64,82891488272524327";"1. Despertados (Efeito Indutor)"
"3101706";"ALMENARA";"MG";"Pequeno Porte II";"12,754899453552196675";"31,52071518746448930";"1. Despertados (Efeito Indutor)"
"3101904";"ALPINOPOLIS";"MG";"Pequeno Porte I";"12,669886198432966040";"111,69321144937930512";"1. Despertados (Efeito Indutor)"
"3102001";"ALTEROSA";"MG";"Pequeno Porte I";"82,565728173544457036";"126,58456967299729001";"1. Despertados (Efeito Indutor)"
"3102100";"ALTO RIO DOCE";"MG";"Pequeno Porte I";"24,470623828062450400";"70,58982571109191895";"1. Despertados (Efeito Indutor)"
"3102209";"ALVARENGA";"MG";"Pequeno Porte I";"15,670653785782540979";"45,21102952213503556";"1. Despertados (Efeito Indutor)"
"3102308";"ALVINOPOLIS";"MG";"Pequeno Porte I";"3,174318870241338519";"25,97042452485047193";"1. Despertados (Efeito Indutor)"
"3102506";"AMPARO DO SERRA";"MG";"Pequeno Porte I";"49,972033714635230695";"164,64901158324363450";"1. Despertados (Efeito Indutor)"
"3102605";"ANDRADAS";"MG";"Pequeno Porte II";"29,622887881131799048";"66,40786501682165976";"1. Despertados (Efeito Indutor)"
"3102704";"CACHOEIRA DE PAJEU";"MG";"Pequeno Porte I";"24,820001636738375339";"131,93169799919715501";"1. Despertados (Efeito Indutor)"
"3102902";"ANTONIO CARLOS";"MG";"Pequeno Porte I";"29,428482589181790274";"88,39711088152540697";"1. Despertados (Efeito Indutor)"
"3103108";"ANTONIO PRADO DE MINAS";"MG";"Pequeno Porte I";"144,662551415590684201";"177,35176062149596987";"2. Constantes (Sustentabilidade)"
"3103405";"ARACUAI";"MG";"Pequeno Porte II";"3,671174884573157104";"65,79944168254576198";"1. Despertados (Efeito Indutor)"
"3103504";"ARAGUARI";"MG";"Grande Porte";"13,955488915140483286";"106,42467102553982272";"1. Despertados (Efeito Indutor)"
"3103702";"ARAPONGA";"MG";"Pequeno Porte I";"20,270360479509491825";"86,32081755336892570";"1. Despertados (Efeito Indutor)"
"3103900";"ARAUJOS";"MG";"Pequeno Porte I";"12,365044149167076171";"156,90493542070763056";"1. Despertados (Efeito Indutor)"
"3104007";"ARAXA";"MG";"Grande Porte";"73,205729918406802881";"70,10638040264024085";"2. Constantes (Sustentabilidade)"
"3104106";"ARCEBURGO";"MG";"Pequeno Porte I";"36,708703418155572251";"115,10460675085391813";"1. Despertados (Efeito Indutor)"
"3104205";"ARCOS";"MG";"Pequeno Porte II";"46,027769623677968980";"105,14945439428876739";"1. Despertados (Efeito Indutor)"
"3104304";"AREADO";"MG";"Pequeno Porte I";"13,854321759398908753";"55,37580053080757381";"1. Despertados (Efeito Indutor)"
"3104403";"ARGIRITA";"MG";"Pequeno Porte I";"103,859946398765586650";"164,86321049429298569";"1. Despertados (Efeito Indutor)"
"3104502";"ARINOS";"MG";"Pequeno Porte I";"0,000000000000000000";"102,00751576080298832";"1. Despertados (Efeito Indutor)"
"3104601";"ASTOLFO DUTRA";"MG";"Pequeno Porte I";"33,520316206795449432";"95,69636779111250746";"1. Despertados (Efeito Indutor)"
"3104700";"ATALEIA";"MG";"Pequeno Porte I";"0,165161641089874994";"45,67431063162253935";"1. Despertados (Efeito Indutor)"
"3104908";"BAEPENDI";"MG";"Pequeno Porte I";"26,798650656394155334";"58,20710852456214468";"1. Despertados (Efeito Indutor)"
"3105103";"BAMBUI";"MG";"Pequeno Porte II";"29,542084741276106286";"51,96825395613269905";"1. Despertados (Efeito Indutor)"
"3105202";"BANDEIRA";"MG";"Pequeno Porte I";"27,951283411738938156";"125,78518805508919343";"1. Despertados (Efeito Indutor)"
"3105400";"BARAO DE COCAIS";"MG";"Pequeno Porte II";"49,288673366303321188";"70,83449310950270217";"1. Despertados (Efeito Indutor)"
"3105509";"BARAO DO MONTE ALTO";"MG";"Pequeno Porte I";"0,000000000000000000";"5,99250732533410257";"1. Despertados (Efeito Indutor)"
"3105608";"BARBACENA";"MG";"Grande Porte";"25,347890496910373770";"75,88112539898762066";"1. Despertados (Efeito Indutor)"
"3105905";"BARROSO";"MG";"Pequeno Porte II";"60,707438474111306448";"164,86011060764406011";"1. Despertados (Efeito Indutor)"
"3106200";"BELO HORIZONTE";"MG";"Metrópole";"43,886128483254573496";"44,28355583978771648";"2. Constantes (Sustentabilidade)"
"3106309";"BELO ORIENTE";"MG";"Pequeno Porte II";"27,347328934045862070";"127,01257888222244219";"1. Despertados (Efeito Indutor)"
"3106507";"BERILO";"MG";"Pequeno Porte I";"41,359438793484613939";"128,72967032580635305";"1. Despertados (Efeito Indutor)"
"3106705";"BETIM";"MG";"Grande Porte";"29,114537267653862074";"19,95137733599649010";"2. Constantes (Sustentabilidade)"
"3106903";"BICAS";"MG";"Pequeno Porte I";"29,642884091751476205";"60,13260686839493019";"1. Despertados (Efeito Indutor)"
"3107000";"BIQUINHAS";"MG";"Pequeno Porte I";"21,851672957191556890";"48,80929531959150580";"1. Despertados (Efeito Indutor)"
"3107109";"BOA ESPERANCA";"MG";"Pequeno Porte II";"13,190526812102092435";"20,10128668785214501";"2. Constantes (Sustentabilidade)"
"3107307";"BOCAIUVA";"MG";"Pequeno Porte II";"33,266504120555644874";"87,11922244243936575";"1. Despertados (Efeito Indutor)"
"3107406";"BOM DESPACHO";"MG";"Médio Porte";"18,809258146401354850";"0,00000000000000000";"4. Efeito Substituição (Retração Local)"
"3107505";"BOM JARDIM DE MINAS";"MG";"Pequeno Porte I";"63,020778449420205902";"78,93235130078096518";"2. Constantes (Sustentabilidade)"
"3107802";"BOM JESUS DO GALHO";"MG";"Pequeno Porte I";"18,475963357666749687";"105,79821489520819000";"1. Despertados (Efeito Indutor)"
"3107901";"BOM REPOUSO";"MG";"Pequeno Porte I";"29,752498203216628525";"123,31369561819519731";"1. Despertados (Efeito Indutor)"
"3108008";"BOM SUCESSO";"MG";"Pequeno Porte I";"32,694921955099253807";"116,43682249662779782";"1. Despertados (Efeito Indutor)"
"3108206";"BONFINOPOLIS DE MINAS";"MG";"Pequeno Porte I";"15,069617319907370856";"34,26684555632562024";"1. Despertados (Efeito Indutor)"
"3108255";"BONITO DE MINAS";"MG";"Pequeno Porte I";"3,258990186401892419";"64,95131515388612797";"1. Despertados (Efeito Indutor)"
"3108305";"BORDA DA MATA";"MG";"Pequeno Porte I";"18,971143371593282012";"23,31901179231464738";"2. Constantes (Sustentabilidade)"
"3108552";"BRASILANDIA DE MINAS";"MG";"Pequeno Porte I";"8,271109039228951687";"129,87827340976360802";"1. Despertados (Efeito Indutor)"
"3108602";"BRASILIA DE MINAS";"MG";"Pequeno Porte II";"29,320549733059124264";"86,60564286512607168";"1. Despertados (Efeito Indutor)"
"3108701";"BRAS PIRES";"MG";"Pequeno Porte I";"0,000000000000000000";"46,79470968156145716";"1. Despertados (Efeito Indutor)"
"3108800";"BRAUNAS";"MG";"Pequeno Porte I";"16,586023274746761302";"67,12238658563391880";"1. Despertados (Efeito Indutor)"
"3108909";"BRAZOPOLIS";"MG";"Pequeno Porte I";"20,181417786654300528";"24,64838326523890544";"2. Constantes (Sustentabilidade)"
"3109006";"BRUMADINHO";"MG";"Pequeno Porte II";"72,071151379438305185";"116,38747296366531714";"1. Despertados (Efeito Indutor)"
"3109105";"BUENO BRANDAO";"MG";"Pequeno Porte I";"55,329575380897743742";"87,52642502581372241";"1. Despertados (Efeito Indutor)"
"3109253";"BUGRE";"MG";"Pequeno Porte I";"24,758025961007017912";"180,10597356729516605";"1. Despertados (Efeito Indutor)"
"3109303";"BURITIS";"MG";"Pequeno Porte II";"0,160125717570220205";"124,15081087087853007";"1. Despertados (Efeito Indutor)"
"3109451";"CABECEIRA GRANDE";"MG";"Pequeno Porte I";"0,000000000000000000";"61,67358810071269204";"1. Despertados (Efeito Indutor)"
"3109501";"CABO VERDE";"MG";"Pequeno Porte I";"0,000000000000000000";"151,71683366525667225";"1. Despertados (Efeito Indutor)"
"3109709";"CACHOEIRA DE MINAS";"MG";"Pequeno Porte I";"50,461188426845289712";"154,98158214303330737";"1. Despertados (Efeito Indutor)"
"3110004";"CAETE";"MG";"Pequeno Porte II";"29,144565726076223200";"140,49901705960115805";"1. Despertados (Efeito Indutor)"
"3110103";"CAIANA";"MG";"Pequeno Porte I";"2,949265407714748655";"157,94337553768423277";"1. Despertados (Efeito Indutor)"
"3110202";"CAJURI";"MG";"Pequeno Porte I";"48,290400741345202107";"83,51142125761435864";"1. Despertados (Efeito Indutor)"
"3110301";"CALDAS";"MG";"Pequeno Porte I";"16,471641741742200082";"75,96717795930942430";"1. Despertados (Efeito Indutor)"
"3110400";"CAMACHO";"MG";"Pequeno Porte I";"61,166115916618309711";"191,61548020723321883";"1. Despertados (Efeito Indutor)"
"3110509";"CAMANDUCAIA";"MG";"Pequeno Porte II";"49,288403366611923673";"135,97823019336132688";"1. Despertados (Efeito Indutor)"
"3110608";"CAMBUI";"MG";"Pequeno Porte II";"27,074513642609698394";"77,86503388358403299";"1. Despertados (Efeito Indutor)"
"3110707";"CAMBUQUIRA";"MG";"Pequeno Porte I";"103,322583063373926393";"176,13900353376584462";"1. Despertados (Efeito Indutor)"
"3110806";"CAMPANARIO";"MG";"Pequeno Porte I";"12,729420482182989716";"31,66229441669538147";"1. Despertados (Efeito Indutor)"
"3110905";"CAMPANHA";"MG";"Pequeno Porte I";"70,773014526784237432";"108,34483470418899742";"1. Despertados (Efeito Indutor)"
"3111002";"CAMPESTRE";"MG";"Pequeno Porte II";"9,985312450627120029";"54,18086304540624099";"1. Despertados (Efeito Indutor)"
"3111101";"CAMPINA VERDE";"MG";"Pequeno Porte I";"0,000000000000000000";"54,16648739802698742";"1. Despertados (Efeito Indutor)"
"3111200";"CAMPO BELO";"MG";"Médio Porte";"38,323895887827255535";"53,66785442492256664";"1. Despertados (Efeito Indutor)"
"3111309";"CAMPO DO MEIO";"MG";"Pequeno Porte I";"17,468367226511048784";"47,87208521167406161";"1. Despertados (Efeito Indutor)"
"3111507";"CAMPOS ALTOS";"MG";"Pequeno Porte I";"69,275944122394122360";"163,43294277764499611";"1. Despertados (Efeito Indutor)"
"3111606";"CAMPOS GERAIS";"MG";"Pequeno Porte II";"0,518214334661976750";"80,55523233539301486";"1. Despertados (Efeito Indutor)"
"3111903";"CANA VERDE";"MG";"Pequeno Porte I";"23,882830997004091955";"193,71196968235227587";"1. Despertados (Efeito Indutor)"
"3112000";"CANDEIAS";"MG";"Pequeno Porte I";"60,395438892755421989";"115,93851920749106910";"1. Despertados (Efeito Indutor)"
"3112109";"CAPARAO";"MG";"Pequeno Porte I";"23,039311418344297522";"25,09511092690264888";"2. Constantes (Sustentabilidade)"
"3112307";"CAPELINHA";"MG";"Pequeno Porte II";"31,105953094704513973";"134,69619346088350653";"1. Despertados (Efeito Indutor)"
"3112406";"CAPETINGA";"MG";"Pequeno Porte I";"74,463188166749546326";"182,94633055930250976";"1. Despertados (Efeito Indutor)"
"3112505";"CAPIM BRANCO";"MG";"Pequeno Porte I";"33,556295350942072275";"79,09150194293472680";"1. Despertados (Efeito Indutor)"
"3112604";"CAPINOPOLIS";"MG";"Pequeno Porte I";"99,387367003423975120";"136,39422107903223491";"1. Despertados (Efeito Indutor)"
"3112653";"CAPITAO ANDRADE";"MG";"Pequeno Porte I";"1,739747870106464145";"101,56909923664120754";"1. Despertados (Efeito Indutor)"
"3112703";"CAPITAO ENEAS";"MG";"Pequeno Porte I";"11,172884916484180806";"126,31398544563495534";"1. Despertados (Efeito Indutor)"
"3112802";"CAPITOLIO";"MG";"Pequeno Porte I";"100,138049728051427678";"88,22539547867893361";"2. Constantes (Sustentabilidade)"
"3112901";"CAPUTIRA";"MG";"Pequeno Porte I";"27,704278946121171145";"191,38927513797125357";"1. Despertados (Efeito Indutor)"
"3113008";"CARAI";"MG";"Pequeno Porte I";"17,784691553708409373";"73,26438521652144686";"1. Despertados (Efeito Indutor)"
"3113206";"CARANDAI";"MG";"Pequeno Porte II";"18,324294028924569488";"89,56803156107761765";"1. Despertados (Efeito Indutor)"
"3113305";"CARANGOLA";"MG";"Pequeno Porte II";"24,442704131663074207";"59,37039341712184637";"1. Despertados (Efeito Indutor)"
"3113404";"CARATINGA";"MG";"Médio Porte";"29,931171655166195933";"16,50517463990894385";"4. Efeito Substituição (Retração Local)"
"3113503";"CARBONITA";"MG";"Pequeno Porte I";"35,378050217429297675";"157,10516509496903836";"1. Despertados (Efeito Indutor)"
"3113602";"CAREACU";"MG";"Pequeno Porte I";"28,693610513625639413";"144,02389538346042741";"1. Despertados (Efeito Indutor)"
"3113701";"CARLOS CHAGAS";"MG";"Pequeno Porte I";"19,962521929603020965";"112,23363742255517650";"1. Despertados (Efeito Indutor)"
"3113909";"CARMO DA CACHOEIRA";"MG";"Pequeno Porte I";"44,358957104005220629";"161,52713862086289964";"1. Despertados (Efeito Indutor)"
"3114006";"CARMO DA MATA";"MG";"Pequeno Porte I";"65,478748539173736276";"136,71933929032843480";"1. Despertados (Efeito Indutor)"
"3114105";"CARMO DE MINAS";"MG";"Pequeno Porte I";"32,621470760290812052";"53,66514688117749188";"1. Despertados (Efeito Indutor)"
"3114204";"CARMO DO CAJURU";"MG";"Pequeno Porte II";"45,656682901156457888";"60,91257792583436270";"1. Despertados (Efeito Indutor)"
"3114303";"CARMO DO PARANAIBA";"MG";"Pequeno Porte II";"16,682183194307274476";"43,13111938216796659";"1. Despertados (Efeito Indutor)"
"3114402";"CARMO DO RIO CLARO";"MG";"Pequeno Porte II";"26,485665671032201374";"41,73982920350019299";"1. Despertados (Efeito Indutor)"
"3114501";"CARMOPOLIS DE MINAS";"MG";"Pequeno Porte I";"51,216984455496067596";"94,77984055782926021";"1. Despertados (Efeito Indutor)"
"3114550";"CARNEIRINHO";"MG";"Pequeno Porte I";"60,386271370734057484";"122,56967565654619534";"1. Despertados (Efeito Indutor)"
"3115102";"CASSIA";"MG";"Pequeno Porte I";"41,422779168074264078";"63,47947620365376764";"1. Despertados (Efeito Indutor)"
"3115201";"CONCEICAO DA BARRA DE MINAS";"MG";"Pequeno Porte I";"53,275172377456648576";"192,80832341843506583";"1. Despertados (Efeito Indutor)"
"3115300";"CATAGUASES";"MG";"Médio Porte";"12,465134545925053544";"33,59305824403679708";"1. Despertados (Efeito Indutor)"
"3115458";"CATUJI";"MG";"Pequeno Porte I";"28,817817794403701726";"97,76614552210560305";"1. Despertados (Efeito Indutor)"
"3115474";"CATUTI";"MG";"Pequeno Porte I";"92,066736911556546374";"126,40244974764003416";"1. Despertados (Efeito Indutor)"
"3115508";"CAXAMBU";"MG";"Pequeno Porte II";"45,068010988107040760";"107,41686124700537164";"1. Despertados (Efeito Indutor)"
"3115805";"CENTRALINA";"MG";"Pequeno Porte I";"88,202863465710450441";"70,94580135076576255";"2. Constantes (Sustentabilidade)"
"3115904";"CHACARA";"MG";"Pequeno Porte I";"138,459156988663920629";"187,72444257410649016";"1. Despertados (Efeito Indutor)"
"3116001";"CHALE";"MG";"Pequeno Porte I";"15,571092692570688953";"173,97034261390996335";"1. Despertados (Efeito Indutor)"
"3116100";"CHAPADA DO NORTE";"MG";"Pequeno Porte I";"23,945174128657654933";"190,65861917568079775";"1. Despertados (Efeito Indutor)"
"3116159";"CHAPADA GAUCHA";"MG";"Pequeno Porte I";"25,891667700609097835";"114,64707779397951981";"1. Despertados (Efeito Indutor)"
"3116209";"CHIADOR";"MG";"Pequeno Porte I";"156,460745314995477884";"97,41196885135576622";"4. Efeito Substituição (Retração Local)"
"3116407";"CLARAVAL";"MG";"Pequeno Porte I";"44,343453209693230122";"129,00537036218679532";"1. Despertados (Efeito Indutor)"
"3116506";"CLARO DOS POCOES";"MG";"Pequeno Porte I";"30,887035124455302082";"163,60769077524983572";"1. Despertados (Efeito Indutor)"
"3116605";"CLAUDIO";"MG";"Pequeno Porte II";"58,721859050525210932";"147,19336378503891183";"1. Despertados (Efeito Indutor)"
"3116704";"COIMBRA";"MG";"Pequeno Porte I";"34,204347432904739890";"197,25194041882843976";"1. Despertados (Efeito Indutor)"
"3116803";"COLUNA";"MG";"Pequeno Porte I";"21,566248632518039585";"79,15491367387916455";"1. Despertados (Efeito Indutor)"
"3116902";"COMENDADOR GOMES";"MG";"Pequeno Porte I";"0,000000000000000000";"0,00000000000000000";"3. Inertes (Dependência Exclusiva)"
"3117009";"COMERCINHO";"MG";"Pequeno Porte I";"86,475461622779405957";"170,53349628356903622";"1. Despertados (Efeito Indutor)"
"3117108";"CONCEICAO DA APARECIDA";"MG";"Pequeno Porte I";"27,178111611778398071";"113,04179710368688916";"1. Despertados (Efeito Indutor)"
"3117306";"CONCEICAO DAS ALAGOAS";"MG";"Pequeno Porte II";"44,394623310058598520";"99,92276836665931228";"1. Despertados (Efeito Indutor)"
"3117405";"CONCEICAO DE IPANEMA";"MG";"Pequeno Porte I";"43,260597441109972294";"59,03658931664443799";"1. Despertados (Efeito Indutor)"
"3117603";"CONCEICAO DO PARA";"MG";"Pequeno Porte I";"30,591424283549635277";"75,38993009790814881";"1. Despertados (Efeito Indutor)"
"3117702";"CONCEICAO DO RIO VERDE";"MG";"Pequeno Porte I";"83,127319768790030707";"179,03534677621101423";"1. Despertados (Efeito Indutor)"
"3117801";"CONCEICAO DOS OUROS";"MG";"Pequeno Porte I";"37,830989454916164050";"152,18823690410536642";"1. Despertados (Efeito Indutor)"
"3117836";"CONEGO MARINHO";"MG";"Pequeno Porte I";"0,424823563978709240";"16,99189788586430794";"1. Despertados (Efeito Indutor)"
"3117876";"CONFINS";"MG";"Pequeno Porte I";"79,954844340344024545";"119,74125542579839987";"1. Despertados (Efeito Indutor)"
"3117900";"CONGONHAL";"MG";"Pequeno Porte I";"33,716329464906188207";"112,04387729186834122";"1. Despertados (Efeito Indutor)"
"3118205";"CONQUISTA";"MG";"Pequeno Porte I";"67,608677261947178749";"141,43517040274849705";"1. Despertados (Efeito Indutor)"
"3118304";"CONSELHEIRO LAFAIETE";"MG";"Grande Porte";"17,199372630483036772";"32,64107438017104812";"1. Despertados (Efeito Indutor)"
"3118403";"CONSELHEIRO PENA";"MG";"Pequeno Porte II";"20,806593790056119531";"30,47611785064990642";"1. Despertados (Efeito Indutor)"
"3118601";"CONTAGEM";"MG";"Grande Porte";"11,563978634566650427";"32,78628893971954028";"1. Despertados (Efeito Indutor)"
"3118700";"COQUEIRAL";"MG";"Pequeno Porte I";"86,817562082621876129";"70,84132272011184739";"2. Constantes (Sustentabilidade)"
"3118809";"CORACAO DE JESUS";"MG";"Pequeno Porte II";"8,403828340209937409";"113,69392539674380771";"1. Despertados (Efeito Indutor)"
"3118908";"CORDISBURGO";"MG";"Pequeno Porte I";"120,906630863979017931";"181,34916938953494991";"1. Despertados (Efeito Indutor)"
"3119104";"CORINTO";"MG";"Pequeno Porte II";"7,657806350273983931";"33,44067063479814550";"1. Despertados (Efeito Indutor)"
"3119203";"COROACI";"MG";"Pequeno Porte I";"21,154482812308746276";"85,52083241455346752";"1. Despertados (Efeito Indutor)"
"3119302";"COROMANDEL";"MG";"Pequeno Porte II";"72,209065198236800143";"11,34977874359157823";"4. Efeito Substituição (Retração Local)"
"3119401";"CORONEL FABRICIANO";"MG";"Grande Porte";"0,000000000000000000";"22,17506989600956757";"1. Despertados (Efeito Indutor)"
"3119500";"CORONEL MURTA";"MG";"Pequeno Porte I";"32,431613873641964574";"43,47515253329428475";"2. Constantes (Sustentabilidade)"
"3119955";"CORREGO FUNDO";"MG";"Pequeno Porte I";"21,483745498387119000";"193,55579100704812845";"1. Despertados (Efeito Indutor)"
"3120003";"CORREGO NOVO";"MG";"Pequeno Porte I";"0,000000000000000000";"36,37547458665665090";"1. Despertados (Efeito Indutor)"
"3120151";"CRISOLITA";"MG";"Pequeno Porte I";"55,540393378742997754";"6,29389423271958393";"4. Efeito Substituição (Retração Local)"
"3120201";"CRISTAIS";"MG";"Pequeno Porte I";"77,974860551634023409";"166,32647849673310247";"1. Despertados (Efeito Indutor)"
"3120508";"CRISTINA";"MG";"Pequeno Porte I";"70,920357541098852039";"140,66125666121695303";"1. Despertados (Efeito Indutor)"
"3120706";"CRUZEIRO DA FORTALEZA";"MG";"Pequeno Porte I";"16,627338576912141122";"119,29323866353342964";"1. Despertados (Efeito Indutor)"
"3120805";"CRUZILIA";"MG";"Pequeno Porte I";"25,201335389819721655";"118,11424480074077792";"1. Despertados (Efeito Indutor)"
"3120870";"CURRAL DE DENTRO";"MG";"Pequeno Porte I";"3,505272734161698267";"198,88832074050054644";"1. Despertados (Efeito Indutor)"
"3120904";"CURVELO";"MG";"Médio Porte";"27,128497108188813769";"30,51215711054331337";"2. Constantes (Sustentabilidade)"
"3121100";"DELFIM MOREIRA";"MG";"Pequeno Porte I";"0,000000000000000000";"29,31544865181729875";"1. Despertados (Efeito Indutor)"
"3121209";"DELFINOPOLIS";"MG";"Pequeno Porte I";"0,000000000000000000";"44,89916597164303624";"1. Despertados (Efeito Indutor)"
"3121258";"DELTA";"MG";"Pequeno Porte I";"78,647979773486866861";"143,43173986187230184";"1. Despertados (Efeito Indutor)"
"3121308";"DESCOBERTO";"MG";"Pequeno Porte I";"31,242238813200813752";"183,02602851943288442";"1. Despertados (Efeito Indutor)"
"3121605";"DIAMANTINA";"MG";"Pequeno Porte II";"145,762774906966541266";"177,66749668116284511";"2. Constantes (Sustentabilidade)"
"3121803";"DIONISIO";"MG";"Pequeno Porte I";"38,574556801032549913";"198,20499021112331661";"1. Despertados (Efeito Indutor)"
"3121902";"DIVINESIA";"MG";"Pequeno Porte I";"9,892538312843571546";"59,38136290358853842";"1. Despertados (Efeito Indutor)"
"3122009";"DIVINO";"MG";"Pequeno Porte II";"6,599782895613047984";"52,42563478880963856";"1. Despertados (Efeito Indutor)"
"3122108";"DIVINO DAS LARANJEIRAS";"MG";"Pequeno Porte I";"23,578510827992378296";"23,52706581490277671";"2. Constantes (Sustentabilidade)"
"3122306";"DIVINOPOLIS";"MG";"Grande Porte";"43,133937079187361974";"37,75871097975331736";"2. Constantes (Sustentabilidade)"
"3122454";"DIVISOPOLIS";"MG";"Pequeno Porte I";"27,220964022612001543";"109,62518254118771210";"1. Despertados (Efeito Indutor)"
"3122470";"DOM BOSCO";"MG";"Pequeno Porte I";"16,289155082598931301";"103,33854365360100758";"1. Despertados (Efeito Indutor)"
"3122504";"DOM CAVATI";"MG";"Pequeno Porte I";"13,953188825729505140";"36,01484676246878536";"1. Despertados (Efeito Indutor)"
"3122603";"DOM JOAQUIM";"MG";"Pequeno Porte I";"56,832450567523686402";"140,83013977940260020";"1. Despertados (Efeito Indutor)"
"3122702";"DOM SILVERIO";"MG";"Pequeno Porte I";"90,956353594701511156";"115,33916450478524496";"1. Despertados (Efeito Indutor)"
"3123007";"DORES DE CAMPOS";"MG";"Pequeno Porte I";"28,731941311040763765";"56,24782270619985525";"1. Despertados (Efeito Indutor)"
"3123205";"DORES DO INDAIA";"MG";"Pequeno Porte I";"105,632634365413963451";"103,74754451363747876";"2. Constantes (Sustentabilidade)"
"3123304";"DORES DO TURVO";"MG";"Pequeno Porte I";"0,000000000000000000";"77,12503830335839439";"1. Despertados (Efeito Indutor)"
"3123502";"DOURADOQUARA";"MG";"Pequeno Porte I";"68,841052496558546636";"57,11225860668449172";"2. Constantes (Sustentabilidade)"
"3123528";"DURANDE";"MG";"Pequeno Porte I";"0,299807250001463466";"75,57478882996296932";"1. Despertados (Efeito Indutor)"
"3123601";"ELOI MENDES";"MG";"Pequeno Porte II";"15,409499149311850275";"39,24976904291957425";"1. Despertados (Efeito Indutor)"
"3123700";"ENGENHEIRO CALDAS";"MG";"Pequeno Porte I";"19,988347034396731772";"21,97652070439653471";"2. Constantes (Sustentabilidade)"
"3123858";"ENTRE FOLHAS";"MG";"Pequeno Porte I";"33,583979236967834936";"66,58944279185665494";"1. Despertados (Efeito Indutor)"
"3123908";"ENTRE RIOS DE MINAS";"MG";"Pequeno Porte I";"59,178096501241242322";"112,35719349454285521";"1. Despertados (Efeito Indutor)"
"3124005";"ERVALIA";"MG";"Pequeno Porte II";"19,456399340734733983";"62,27794195081781936";"1. Despertados (Efeito Indutor)"
"3124104";"ESMERALDAS";"MG";"Médio Porte";"12,187182124575333120";"30,08574133215177326";"1. Despertados (Efeito Indutor)"
"3124203";"ESPERA FELIZ";"MG";"Pequeno Porte II";"25,899605642573387598";"32,47480859781545348";"2. Constantes (Sustentabilidade)"
"3124302";"ESPINOSA";"MG";"Pequeno Porte II";"16,649677721386247242";"32,96863996489022952";"1. Despertados (Efeito Indutor)"
"3124401";"ESPIRITO SANTO DO DOURADO";"MG";"Pequeno Porte I";"83,365190594708721505";"99,96951788961413854";"2. Constantes (Sustentabilidade)"
"3124500";"ESTIVA";"MG";"Pequeno Porte I";"93,126236727345471422";"14,06126088348941039";"4. Efeito Substituição (Retração Local)"
"3124609";"ESTRELA DALVA";"MG";"Pequeno Porte I";"90,149202422414319358";"145,10300921952091358";"1. Despertados (Efeito Indutor)"
"3124906";"EUGENOPOLIS";"MG";"Pequeno Porte I";"17,473160127313938972";"61,71950532320858684";"1. Despertados (Efeito Indutor)"
"3125309";"FARIA LEMOS";"MG";"Pequeno Porte I";"1,473691764184778430";"46,89655353669153470";"1. Despertados (Efeito Indutor)"
"3125606";"FELISBURGO";"MG";"Pequeno Porte I";"44,200087989275978373";"110,13922708465236155";"1. Despertados (Efeito Indutor)"
"3125705";"FELIXLANDIA";"MG";"Pequeno Porte I";"23,914788953416888262";"57,48452908119271143";"1. Despertados (Efeito Indutor)"
"3125903";"FERROS";"MG";"Pequeno Porte I";"29,085280885449865451";"165,91800270002823936";"1. Despertados (Efeito Indutor)"
"3125952";"FERVEDOURO";"MG";"Pequeno Porte I";"12,476276012645156399";"77,99620176150101258";"1. Despertados (Efeito Indutor)"
"3126000";"FLORESTAL";"MG";"Pequeno Porte I";"16,628146793264082959";"1,16913850306619782";"4. Efeito Substituição (Retração Local)"
"3126109";"FORMIGA";"MG";"Médio Porte";"28,337781529111691015";"43,16168932222283416";"1. Despertados (Efeito Indutor)"
"3126208";"FORMOSO";"MG";"Pequeno Porte I";"32,389358390756996187";"117,82501368959307797";"1. Despertados (Efeito Indutor)"
"3126307";"FORTALEZA DE MINAS";"MG";"Pequeno Porte I";"27,164939166715235785";"41,01591414845119488";"1. Despertados (Efeito Indutor)"
"3126505";"FRANCISCO BADARO";"MG";"Pequeno Porte I";"20,067832236186472272";"131,12592322302293724";"1. Despertados (Efeito Indutor)"
"3126703";"FRANCISCO SA";"MG";"Pequeno Porte II";"23,047904834956455034";"147,96254969335535634";"1. Despertados (Efeito Indutor)"
"3126752";"FRANCISCOPOLIS";"MG";"Pequeno Porte I";"0,000000000000000000";"185,56568897739850854";"1. Despertados (Efeito Indutor)"
"3126901";"FREI INOCENCIO";"MG";"Pequeno Porte I";"18,209485674897372576";"125,28386709418526834";"1. Despertados (Efeito Indutor)"
"3127008";"FRONTEIRA";"MG";"Pequeno Porte I";"0,977934274365460765";"0,00000000000000000";"2. Constantes (Sustentabilidade)"
"3127107";"FRUTAL";"MG";"Médio Porte";"89,683886467684132526";"85,53685876106035835";"2. Constantes (Sustentabilidade)"
"3127305";"GALILEIA";"MG";"Pequeno Porte I";"22,532927264380816723";"54,48225209285324411";"1. Despertados (Efeito Indutor)"
"3127339";"GAMELEIRAS";"MG";"Pequeno Porte I";"15,721786123954654357";"56,80571976289565583";"1. Despertados (Efeito Indutor)"
"3127388";"GOIANA";"MG";"Pequeno Porte I";"54,468993370098615969";"124,78418857060188429";"1. Despertados (Efeito Indutor)"
"3127503";"GONZAGA";"MG";"Pequeno Porte I";"111,251377239051905121";"194,13872789286821785";"1. Despertados (Efeito Indutor)"
"3127701";"GOVERNADOR VALADARES";"MG";"Grande Porte";"22,934851450953974705";"41,59851219890943241";"1. Despertados (Efeito Indutor)"
"3128006";"GUANHAES";"MG";"Pequeno Porte II";"37,176086664798717152";"162,35495258488685977";"1. Despertados (Efeito Indutor)"
"3128105";"GUAPE";"MG";"Pequeno Porte I";"9,288489147639451105";"78,22538511121692295";"1. Despertados (Efeito Indutor)"
"3128204";"GUARACIABA";"MG";"Pequeno Porte I";"24,012309940227932969";"28,63777138411819578";"2. Constantes (Sustentabilidade)"
"3128303";"GUARANESIA";"MG";"Pequeno Porte I";"56,952356496753012038";"94,61343902482335011";"1. Despertados (Efeito Indutor)"
"3128402";"GUARANI";"MG";"Pequeno Porte I";"84,839177645585664322";"90,49902637406248118";"2. Constantes (Sustentabilidade)"
"3128709";"GUAXUPE";"MG";"Médio Porte";"83,718544021792240528";"148,37233952499622092";"1. Despertados (Efeito Indutor)"
"3128808";"GUIDOVAL";"MG";"Pequeno Porte I";"0,000000000000000000";"187,78938856727077678";"1. Despertados (Efeito Indutor)"
"3128907";"GUIMARANIA";"MG";"Pequeno Porte I";"21,693125959571670336";"136,04543870888500123";"1. Despertados (Efeito Indutor)"
"3129004";"GUIRICEMA";"MG";"Pequeno Porte I";"34,433966264547905212";"157,39536038455003109";"1. Despertados (Efeito Indutor)"
"3129103";"GURINHATA";"MG";"Pequeno Porte I";"7,826028422040180565";"54,69881355932203348";"1. Despertados (Efeito Indutor)"
"3129202";"HELIODORA";"MG";"Pequeno Porte I";"35,238758205644430177";"130,28215578938014119";"1. Despertados (Efeito Indutor)"
"3129301";"IAPU";"MG";"Pequeno Porte I";"13,313195397595121605";"88,05856439205224717";"1. Despertados (Efeito Indutor)"
"3129509";"IBIA";"MG";"Pequeno Porte II";"39,437521703372333093";"178,33788028624962863";"1. Despertados (Efeito Indutor)"
"3129657";"IBIRACATU";"MG";"Pequeno Porte I";"31,630530438902589196";"121,66317618404764289";"1. Despertados (Efeito Indutor)"
"3129806";"IBIRITE";"MG";"Grande Porte";"12,336178193530498604";"25,21579063721015501";"1. Despertados (Efeito Indutor)"
"3129905";"IBITIURA DE MINAS";"MG";"Pequeno Porte I";"17,607455258487501482";"1,41268075326569864";"4. Efeito Substituição (Retração Local)"
"3130101";"IGARAPE";"MG";"Pequeno Porte II";"10,350656327619526920";"83,37097864922512258";"1. Despertados (Efeito Indutor)"
"3130200";"IGARATINGA";"MG";"Pequeno Porte I";"22,364939039128554299";"65,11027836223013310";"1. Despertados (Efeito Indutor)"
"3130309";"IGUATAMA";"MG";"Pequeno Porte I";"51,161217266344579002";"138,51248906239675307";"1. Despertados (Efeito Indutor)"
"3130507";"ILICINEA";"MG";"Pequeno Porte I";"51,610082174554854362";"103,10651446368734696";"1. Despertados (Efeito Indutor)"
"3130556";"IMBE DE MINAS";"MG";"Pequeno Porte I";"20,443847510144184554";"10,02550385345133144";"4. Efeito Substituição (Retração Local)"
"3130606";"INCONFIDENTES";"MG";"Pequeno Porte I";"53,942003241645622325";"146,37136935996670672";"1. Despertados (Efeito Indutor)"
"3130903";"INHAPIM";"MG";"Pequeno Porte II";"21,202231767787225181";"123,73767091392048201";"1. Despertados (Efeito Indutor)"
"3131000";"INHAUMA";"MG";"Pequeno Porte I";"153,819596757270289800";"119,74394175234905902";"2. Constantes (Sustentabilidade)"
"3131109";"INIMUTABA";"MG";"Pequeno Porte I";"53,604753781462704865";"195,82863868439096677";"1. Despertados (Efeito Indutor)"
"3131158";"IPABA";"MG";"Pequeno Porte I";"14,422883265227085303";"102,41633894773016777";"1. Despertados (Efeito Indutor)"
"3131208";"IPANEMA";"MG";"Pequeno Porte I";"42,623283079310240851";"42,62157132739259424";"2. Constantes (Sustentabilidade)"
"3131307";"IPATINGA";"MG";"Grande Porte";"11,031822340906416002";"10,09932309650965010";"2. Constantes (Sustentabilidade)"
"3131505";"IPUIUNA";"MG";"Pequeno Porte I";"23,108998522920920493";"98,95371968646728078";"1. Despertados (Efeito Indutor)"
"3131604";"IRAI DE MINAS";"MG";"Pequeno Porte I";"0,000000000000000000";"24,71713030468119854";"1. Despertados (Efeito Indutor)"
"3131703";"ITABIRA";"MG";"Grande Porte";"47,929340846585894553";"135,99953170568613814";"1. Despertados (Efeito Indutor)"
"3132107";"ITACARAMBI";"MG";"Pequeno Porte I";"36,905482378071631899";"68,27519619359347303";"1. Despertados (Efeito Indutor)"
"3132305";"ITAIPE";"MG";"Pequeno Porte I";"28,003987444470670454";"37,76445370874276364";"2. Constantes (Sustentabilidade)"
"3132404";"ITAJUBA";"MG";"Médio Porte";"24,470869064010010163";"57,91397305139931717";"1. Despertados (Efeito Indutor)"
"3132503";"ITAMARANDIBA";"MG";"Pequeno Porte II";"27,033217184262486654";"125,04243530459406486";"1. Despertados (Efeito Indutor)"
"3132701";"ITAMBACURI";"MG";"Pequeno Porte II";"5,141610175360348478";"45,16782150220769410";"1. Despertados (Efeito Indutor)"
"3133006";"ITAMONTE";"MG";"Pequeno Porte I";"26,077484499012424379";"37,06145751369148655";"1. Despertados (Efeito Indutor)"
"3133105";"ITANHANDU";"MG";"Pequeno Porte I";"37,017280232602978174";"98,58000096168969151";"1. Despertados (Efeito Indutor)"
"3133204";"ITANHOMI";"MG";"Pequeno Porte I";"18,468377263954472767";"128,93462170453710769";"1. Despertados (Efeito Indutor)"
"3133303";"ITAOBIM";"MG";"Pequeno Porte I";"9,099799211168534185";"92,83843181661586641";"1. Despertados (Efeito Indutor)"
"3133402";"ITAPAGIPE";"MG";"Pequeno Porte I";"0,827243883933655444";"34,74067750182614844";"1. Despertados (Efeito Indutor)"
"3133501";"ITAPECERICA";"MG";"Pequeno Porte II";"57,318231338776328698";"134,00298008203174049";"1. Despertados (Efeito Indutor)"
"3133600";"ITAPEVA";"MG";"Pequeno Porte I";"24,185910862028691781";"153,98347159881652146";"1. Despertados (Efeito Indutor)"
"3133758";"ITAU DE MINAS";"MG";"Pequeno Porte I";"16,094607623998562929";"114,89772116688484971";"1. Despertados (Efeito Indutor)"
"3133808";"ITAUNA";"MG";"Médio Porte";"28,627810387609944343";"60,24702052484295933";"1. Despertados (Efeito Indutor)"
"3133907";"ITAVERAVA";"MG";"Pequeno Porte I";"42,141612313457578409";"173,60925259749646443";"1. Despertados (Efeito Indutor)"
"3134103";"ITUETA";"MG";"Pequeno Porte I";"35,985175213488425072";"82,27539394075736823";"1. Despertados (Efeito Indutor)"
"3134202";"ITUIUTABA";"MG";"Grande Porte";"45,097722257045511185";"39,49797671081002903";"2. Constantes (Sustentabilidade)"
"3134400";"ITURAMA";"MG";"Pequeno Porte II";"65,656333442352419638";"70,68702873893262506";"2. Constantes (Sustentabilidade)"
"3134608";"JABOTICATUBAS";"MG";"Pequeno Porte II";"21,952145332175408754";"126,85949112046222353";"1. Despertados (Efeito Indutor)"
"3134707";"JACINTO";"MG";"Pequeno Porte I";"34,533462296538395719";"77,63236678043017491";"1. Despertados (Efeito Indutor)"
"3134806";"JACUI";"MG";"Pequeno Porte I";"20,279991309357594531";"113,70908144748433699";"1. Despertados (Efeito Indutor)"
"3134905";"JACUTINGA";"MG";"Pequeno Porte II";"36,751885898800630059";"101,83701993267258956";"1. Despertados (Efeito Indutor)"
"3135050";"JAIBA";"MG";"Pequeno Porte II";"18,558240492704868529";"107,05096155374207001";"1. Despertados (Efeito Indutor)"
"3135076";"JAMPRUCA";"MG";"Pequeno Porte I";"95,700292014942917262";"110,06908824061471819";"2. Constantes (Sustentabilidade)"
"3135100";"JANAUBA";"MG";"Médio Porte";"26,236279388285709047";"60,02700904260288439";"1. Despertados (Efeito Indutor)"
"3135209";"JANUARIA";"MG";"Médio Porte";"13,663238158534690925";"48,91188181848254146";"1. Despertados (Efeito Indutor)"
"3135308";"JAPARAIBA";"MG";"Pequeno Porte I";"99,652319059339191654";"115,50533914007172598";"2. Constantes (Sustentabilidade)"
"3135357";"JAPONVAR";"MG";"Pequeno Porte I";"26,808081767525255401";"192,50746921552172353";"1. Despertados (Efeito Indutor)"
"3135456";"JENIPAPO DE MINAS";"MG";"Pequeno Porte I";"56,367611757355284396";"156,09708896610453621";"1. Despertados (Efeito Indutor)"
"3135506";"JEQUERI";"MG";"Pequeno Porte I";"34,744563145462642240";"60,52916566946704791";"1. Despertados (Efeito Indutor)"
"3135803";"JEQUITINHONHA";"MG";"Pequeno Porte II";"58,645736947231128511";"132,58087502839899230";"1. Despertados (Efeito Indutor)"
"3135902";"JESUANIA";"MG";"Pequeno Porte I";"28,096524969089823998";"120,72334170927888408";"1. Despertados (Efeito Indutor)"
"3136009";"JOAIMA";"MG";"Pequeno Porte I";"22,864430031744934269";"59,06984971884176616";"1. Despertados (Efeito Indutor)"
"3136108";"JOANESIA";"MG";"Pequeno Porte I";"0,000000000000000000";"189,87826852542397660";"1. Despertados (Efeito Indutor)"
"3136207";"JOAO MONLEVADE";"MG";"Médio Porte";"15,813114567858606918";"57,88332161652756724";"1. Despertados (Efeito Indutor)"
"3136306";"JOAO PINHEIRO";"MG";"Pequeno Porte II";"31,873084653496665197";"88,21848757433210153";"1. Despertados (Efeito Indutor)"
"3136504";"JORDANIA";"MG";"Pequeno Porte I";"32,797898663330890656";"120,04763114475734653";"1. Despertados (Efeito Indutor)"
"3136553";"JOSE RAYDAN";"MG";"Pequeno Porte I";"55,884905464938213981";"181,38031033287904847";"1. Despertados (Efeito Indutor)"
"3136652";"JUATUBA";"MG";"Pequeno Porte II";"25,230895981431146424";"0,20386915866558783";"4. Efeito Substituição (Retração Local)"
"3136702";"JUIZ DE FORA";"MG";"Grande Porte";"32,629368089406561637";"40,67334662580535110";"2. Constantes (Sustentabilidade)"
"3136801";"JURAMENTO";"MG";"Pequeno Porte I";"35,267465697582416340";"169,37108953817090651";"1. Despertados (Efeito Indutor)"
"3136900";"JURUAIA";"MG";"Pequeno Porte I";"21,597303613399468247";"83,49653258547922974";"1. Despertados (Efeito Indutor)"
"3136959";"JUVENILIA";"MG";"Pequeno Porte I";"30,576505126908472221";"118,85389704612194350";"1. Despertados (Efeito Indutor)"
"3137007";"LADAINHA";"MG";"Pequeno Porte I";"10,732045741109899950";"13,70763034128434121";"2. Constantes (Sustentabilidade)"
"3137106";"LAGAMAR";"MG";"Pequeno Porte I";"26,592602849497758655";"60,05381409275857862";"1. Despertados (Efeito Indutor)"
"3137205";"LAGOA DA PRATA";"MG";"Médio Porte";"0,000000000000000000";"42,44135782362415199";"1. Despertados (Efeito Indutor)"
"3137304";"LAGOA DOS PATOS";"MG";"Pequeno Porte I";"31,215950233614162102";"65,78325964843210727";"1. Despertados (Efeito Indutor)"
"3137403";"LAGOA DOURADA";"MG";"Pequeno Porte I";"110,034414376258993684";"154,25604858350138215";"1. Despertados (Efeito Indutor)"
"3137502";"LAGOA FORMOSA";"MG";"Pequeno Porte I";"25,758191098436775235";"130,38693291251126993";"1. Despertados (Efeito Indutor)"
"3137536";"LAGOA GRANDE";"MG";"Pequeno Porte I";"34,715159740316330783";"142,02821454469912510";"1. Despertados (Efeito Indutor)"
"3137601";"LAGOA SANTA";"MG";"Médio Porte";"25,055683141837047145";"82,73135642500994891";"1. Despertados (Efeito Indutor)"
"3137700";"LAJINHA";"MG";"Pequeno Porte II";"51,141574604219179889";"98,53724838247261175";"1. Despertados (Efeito Indutor)"
"3137809";"LAMBARI";"MG";"Pequeno Porte II";"11,897189787425796581";"31,28426209706663741";"1. Despertados (Efeito Indutor)"
"3138005";"LARANJAL";"MG";"Pequeno Porte I";"35,711460255381396678";"64,84649413341628588";"1. Despertados (Efeito Indutor)"
"3138203";"LAVRAS";"MG";"Grande Porte";"14,133691296187533837";"19,25945035590713417";"2. Constantes (Sustentabilidade)"
"3138401";"LEOPOLDINA";"MG";"Médio Porte";"39,651399318521669102";"81,41234816616736225";"1. Despertados (Efeito Indutor)"
"3138500";"LIBERDADE";"MG";"Pequeno Porte I";"19,969607110206410994";"86,04927334249430260";"1. Despertados (Efeito Indutor)"
"3138609";"LIMA DUARTE";"MG";"Pequeno Porte I";"28,394183892451408724";"187,45564024238484535";"1. Despertados (Efeito Indutor)"
"3138625";"LIMEIRA DO OESTE";"MG";"Pequeno Porte I";"103,774715698888272186";"170,53736539318219911";"1. Despertados (Efeito Indutor)"
"3138658";"LONTRA";"MG";"Pequeno Porte I";"38,796780297097377854";"131,26852544136846745";"1. Despertados (Efeito Indutor)"
"3138674";"LUISBURGO";"MG";"Pequeno Porte I";"6,437480847177790011";"28,82953920417504179";"1. Despertados (Efeito Indutor)"
"3138708";"LUMINARIAS";"MG";"Pequeno Porte I";"51,505158870354627254";"184,62894532095879185";"1. Despertados (Efeito Indutor)"
"3138807";"LUZ";"MG";"Pequeno Porte I";"83,132028188610050279";"176,24493920793918278";"1. Despertados (Efeito Indutor)"
"3138906";"MACHACALIS";"MG";"Pequeno Porte I";"46,593551991212116548";"76,80574545848027412";"1. Despertados (Efeito Indutor)"
"3139003";"MACHADO";"MG";"Pequeno Porte II";"28,464239501861907655";"76,20450724860734226";"1. Despertados (Efeito Indutor)"
"3139201";"MALACACHETA";"MG";"Pequeno Porte I";"0,000000000000000000";"147,73962964218051752";"1. Despertados (Efeito Indutor)"
"3139250";"MAMONAS";"MG";"Pequeno Porte I";"0,700155125164537373";"155,11764216310768916";"1. Despertados (Efeito Indutor)"
"3139300";"MANGA";"MG";"Pequeno Porte I";"14,586431108659979827";"113,92093738910986644";"1. Despertados (Efeito Indutor)"
"3139409";"MANHUACU";"MG";"Médio Porte";"12,353438452900229905";"51,71544082311618951";"1. Despertados (Efeito Indutor)"
"3139508";"MANHUMIRIM";"MG";"Pequeno Porte II";"9,155138837116528094";"25,50731804320322382";"1. Despertados (Efeito Indutor)"
"3139607";"MANTENA";"MG";"Pequeno Porte II";"16,684867519112479783";"38,43815084398118387";"1. Despertados (Efeito Indutor)"
"3139706";"MARAVILHAS";"MG";"Pequeno Porte I";"31,424667958651678390";"146,64660388950323977";"1. Despertados (Efeito Indutor)"
"3139805";"MAR DE ESPANHA";"MG";"Pequeno Porte I";"31,158824039628754576";"49,90084384822752384";"1. Despertados (Efeito Indutor)"
"3139904";"MARIA DA FE";"MG";"Pequeno Porte I";"50,867255915928936361";"63,48334614092608774";"2. Constantes (Sustentabilidade)"
"3140100";"MARILAC";"MG";"Pequeno Porte I";"31,089212387513221358";"43,37223489138317234";"1. Despertados (Efeito Indutor)"
"3140159";"MARIO CAMPOS";"MG";"Pequeno Porte I";"33,668739309387561320";"40,75242370287668336";"2. Constantes (Sustentabilidade)"
"3140308";"MARLIERIA";"MG";"Pequeno Porte I";"55,831835616573691539";"140,75578796429007866";"1. Despertados (Efeito Indutor)"
"3140506";"MARTINHO CAMPOS";"MG";"Pequeno Porte I";"56,560375896295980169";"133,39865994025723239";"1. Despertados (Efeito Indutor)"
"3140530";"MARTINS SOARES";"MG";"Pequeno Porte I";"25,501625822534574439";"143,53040362069987168";"1. Despertados (Efeito Indutor)"
"3140555";"MATA VERDE";"MG";"Pequeno Porte I";"14,242051209871249284";"107,70142154689807512";"1. Despertados (Efeito Indutor)"
"3140704";"MATEUS LEME";"MG";"Pequeno Porte II";"22,771851908104629558";"158,42644240369281761";"1. Despertados (Efeito Indutor)"
"3140803";"MATIAS BARBOSA";"MG";"Pequeno Porte I";"87,458417331159097330";"49,99783460862960283";"4. Efeito Substituição (Retração Local)"
"3140902";"MATIPO";"MG";"Pequeno Porte I";"17,295792129728955189";"14,00053915385856129";"2. Constantes (Sustentabilidade)"
"3141009";"MATO VERDE";"MG";"Pequeno Porte I";"47,782838901706277568";"106,16088585866037874";"1. Despertados (Efeito Indutor)"
"3141108";"MATOZINHOS";"MG";"Pequeno Porte II";"58,454175253983905236";"37,11188273028847817";"4. Efeito Substituição (Retração Local)"
"3141405";"MEDINA";"MG";"Pequeno Porte II";"12,417672490210300396";"65,34932182709177084";"1. Despertados (Efeito Indutor)"
"3141504";"MENDES PIMENTEL";"MG";"Pequeno Porte I";"32,955525273130923836";"126,82690478594611250";"1. Despertados (Efeito Indutor)"
"3141801";"MINAS NOVAS";"MG";"Pequeno Porte II";"0,555621716633180052";"38,02194499983787068";"1. Despertados (Efeito Indutor)"
"3142007";"MIRABELA";"MG";"Pequeno Porte I";"17,433012976263526639";"123,36164963556331031";"1. Despertados (Efeito Indutor)"
"3142106";"MIRADOURO";"MG";"Pequeno Porte I";"17,584939226522486422";"31,86440256942113791";"1. Despertados (Efeito Indutor)"
"3142205";"MIRAI";"MG";"Pequeno Porte I";"12,881667030605399304";"188,68550957737920726";"1. Despertados (Efeito Indutor)"
"3142403";"MOEMA";"MG";"Pequeno Porte I";"24,558795905667096804";"191,39721316527914041";"1. Despertados (Efeito Indutor)"
"3142700";"MONTALVANIA";"MG";"Pequeno Porte I";"7,817989514719150712";"106,01716903786493162";"1. Despertados (Efeito Indutor)"
"3142809";"MONTE ALEGRE DE MINAS";"MG";"Pequeno Porte II";"48,280626590321794822";"78,56440749466472084";"1. Despertados (Efeito Indutor)"
"3142908";"MONTE AZUL";"MG";"Pequeno Porte II";"26,732780345601153016";"42,77207817416621793";"1. Despertados (Efeito Indutor)"
"3143005";"MONTE BELO";"MG";"Pequeno Porte I";"41,878079290443317007";"55,21738619059375708";"2. Constantes (Sustentabilidade)"
"3143104";"MONTE CARMELO";"MG";"Pequeno Porte II";"24,656270490188887834";"98,46599977076061805";"1. Despertados (Efeito Indutor)"
"3143153";"MONTE FORMOSO";"MG";"Pequeno Porte I";"16,869399499530530306";"115,01498057308904777";"1. Despertados (Efeito Indutor)"
"3143203";"MONTE SANTO DE MINAS";"MG";"Pequeno Porte II";"61,817649874257931231";"87,55974132410939603";"1. Despertados (Efeito Indutor)"
"3143302";"MONTES CLAROS";"MG";"Grande Porte";"14,222196990844434339";"12,38544461612088199";"2. Constantes (Sustentabilidade)"
"3143401";"MONTE SIAO";"MG";"Pequeno Porte II";"32,357368745687139722";"76,15258401807142263";"1. Despertados (Efeito Indutor)"
"3143500";"MORADA NOVA DE MINAS";"MG";"Pequeno Porte I";"19,103670046067467325";"18,08429857548677688";"2. Constantes (Sustentabilidade)"
"3143708";"MORRO DO PILAR";"MG";"Pequeno Porte I";"50,129747048705489476";"137,47193688668687628";"1. Despertados (Efeito Indutor)"
"3143807";"MUNHOZ";"MG";"Pequeno Porte I";"14,918610504960456709";"134,27749412421303532";"1. Despertados (Efeito Indutor)"
"3143906";"MURIAE";"MG";"Grande Porte";"64,485286094435167570";"87,63961322376836449";"1. Despertados (Efeito Indutor)"
"3144003";"MUTUM";"MG";"Pequeno Porte II";"4,556189072415616437";"78,41996145961969944";"1. Despertados (Efeito Indutor)"
"3144102";"MUZAMBINHO";"MG";"Pequeno Porte II";"74,262493966786280453";"92,92988161684874626";"2. Constantes (Sustentabilidade)"
"3144300";"NANUQUE";"MG";"Pequeno Porte II";"8,189363766422161461";"64,66776737575719380";"1. Despertados (Efeito Indutor)"
"3144359";"NAQUE";"MG";"Pequeno Porte I";"22,792340634239433683";"18,86647153378420327";"2. Constantes (Sustentabilidade)"
"3144607";"NEPOMUCENO";"MG";"Pequeno Porte II";"80,987908282051733977";"113,98600779627270185";"1. Despertados (Efeito Indutor)"
"3144656";"NINHEIRA";"MG";"Pequeno Porte I";"10,534888492420197537";"49,79373665291581830";"1. Despertados (Efeito Indutor)"
"3144706";"NOVA ERA";"MG";"Pequeno Porte I";"80,859644259159026092";"158,11492620428910527";"1. Despertados (Efeito Indutor)"
"3145000";"NOVA PONTE";"MG";"Pequeno Porte I";"140,707600105362416798";"180,12688212159147838";"1. Despertados (Efeito Indutor)"
"3145059";"NOVA PORTEIRINHA";"MG";"Pequeno Porte I";"11,595292976949185260";"37,73135515180426580";"1. Despertados (Efeito Indutor)"
"3145109";"NOVA RESENDE";"MG";"Pequeno Porte I";"17,883204718243106868";"44,32888775110214397";"1. Despertados (Efeito Indutor)"
"3145208";"NOVA SERRANA";"MG";"Grande Porte";"12,794814363749960506";"31,10364866821245755";"1. Despertados (Efeito Indutor)"
"3145307";"NOVO CRUZEIRO";"MG";"Pequeno Porte II";"18,775566495171318593";"52,83198069598115865";"1. Despertados (Efeito Indutor)"
"3145356";"NOVO ORIENTE DE MINAS";"MG";"Pequeno Porte I";"33,780829571838580705";"144,31876224835386324";"1. Despertados (Efeito Indutor)"
"3145604";"OLIVEIRA";"MG";"Pequeno Porte II";"0,000000000000000000";"63,78413338597116677";"1. Despertados (Efeito Indutor)"
"3145802";"ONCA DE PITANGUI";"MG";"Pequeno Porte I";"35,995353521617246884";"114,67613437671147381";"1. Despertados (Efeito Indutor)"
"3145901";"OURO BRANCO";"MG";"Pequeno Porte II";"55,112606627575665641";"133,17249368247340158";"1. Despertados (Efeito Indutor)"
"3146008";"OURO FINO";"MG";"Pequeno Porte II";"71,522490366940616013";"94,38992053460657417";"1. Despertados (Efeito Indutor)"
"3146107";"OURO PRETO";"MG";"Médio Porte";"78,773404264551246001";"129,61752470612009347";"1. Despertados (Efeito Indutor)"
"3146255";"PADRE CARVALHO";"MG";"Pequeno Porte I";"11,494197332635451403";"198,83643462723784978";"1. Despertados (Efeito Indutor)"
"3146305";"PADRE PARAISO";"MG";"Pequeno Porte I";"6,815252610194477256";"19,69357189464481195";"1. Despertados (Efeito Indutor)"
"3146404";"PAINEIRAS";"MG";"Pequeno Porte I";"16,705193715271718702";"47,53994126040309709";"1. Despertados (Efeito Indutor)"
"3146503";"PAINS";"MG";"Pequeno Porte I";"114,436819808555014788";"138,68444802753293743";"2. Constantes (Sustentabilidade)"
"3146552";"PAI PEDRO";"MG";"Pequeno Porte I";"64,756300215564522205";"107,65755550520432848";"1. Despertados (Efeito Indutor)"
"3146701";"PALMA";"MG";"Pequeno Porte I";"18,524876333787844374";"29,60488648399514844";"1. Despertados (Efeito Indutor)"
"3146750";"PALMOPOLIS";"MG";"Pequeno Porte I";"0,000000000000000000";"132,16662031005907352";"1. Despertados (Efeito Indutor)"
"3146909";"PAPAGAIOS";"MG";"Pequeno Porte I";"44,282123655522312333";"97,91267857636540839";"1. Despertados (Efeito Indutor)"
"3147006";"PARACATU";"MG";"Médio Porte";"42,934379137154536465";"78,83983575547549094";"1. Despertados (Efeito Indutor)"
"3147105";"PARA DE MINAS";"MG";"Médio Porte";"19,865288796760751211";"31,73004135848631790";"1. Despertados (Efeito Indutor)"
"3147204";"PARAGUACU";"MG";"Pequeno Porte II";"53,025370575392585692";"35,57716087893076917";"4. Efeito Substituição (Retração Local)"
"3147303";"PARAISOPOLIS";"MG";"Pequeno Porte II";"40,484141989487660851";"30,73724781074803758";"2. Constantes (Sustentabilidade)"
"3147402";"PARAOPEBA";"MG";"Pequeno Porte II";"39,158616200074334301";"68,04695378095311753";"1. Despertados (Efeito Indutor)"
"3147600";"PASSA QUATRO";"MG";"Pequeno Porte I";"44,898247231980874972";"76,08920665928732774";"1. Despertados (Efeito Indutor)"
"3147709";"PASSA TEMPO";"MG";"Pequeno Porte I";"12,064512717882863058";"47,60176930065880185";"1. Despertados (Efeito Indutor)"
"3147907";"PASSOS";"MG";"Grande Porte";"6,025715242567753371";"44,58493218358015042";"1. Despertados (Efeito Indutor)"
"3147956";"PATIS";"MG";"Pequeno Porte I";"25,626421246176864344";"21,37576873856072268";"2. Constantes (Sustentabilidade)"
"3148004";"PATOS DE MINAS";"MG";"Grande Porte";"48,618523205665582054";"69,37646601691781711";"1. Despertados (Efeito Indutor)"
"3148103";"PATROCINIO";"MG";"Médio Porte";"62,645276567221849007";"55,88503745052034333";"2. Constantes (Sustentabilidade)"
"3148202";"PATROCINIO DO MURIAE";"MG";"Pequeno Porte I";"3,332488473398353079";"78,65429862567219743";"1. Despertados (Efeito Indutor)"
"3148301";"PAULA CANDIDO";"MG";"Pequeno Porte I";"44,251628558181778317";"28,19508357648297547";"4. Efeito Substituição (Retração Local)"
"3148509";"PAVAO";"MG";"Pequeno Porte I";"7,943269676857049433";"91,98221674744172560";"1. Despertados (Efeito Indutor)"
"3148608";"PECANHA";"MG";"Pequeno Porte I";"60,200711354407232534";"88,81466467594808023";"1. Despertados (Efeito Indutor)"
"3148707";"PEDRA AZUL";"MG";"Pequeno Porte II";"22,266818965011857756";"61,66918598414349617";"1. Despertados (Efeito Indutor)"
"3148756";"PEDRA BONITA";"MG";"Pequeno Porte I";"27,921444818685113631";"157,14535298002923014";"1. Despertados (Efeito Indutor)"
"3148806";"PEDRA DO ANTA";"MG";"Pequeno Porte I";"53,843736212143717523";"141,52644151374119019";"1. Despertados (Efeito Indutor)"
"3149101";"PEDRALVA";"MG";"Pequeno Porte I";"0,036963394435961437";"28,23352829114776341";"1. Despertados (Efeito Indutor)"
"3149150";"PEDRAS DE MARIA DA CRUZ";"MG";"Pequeno Porte I";"9,420461438557692802";"137,50180337494282412";"1. Despertados (Efeito Indutor)"
"3149200";"PEDRINOPOLIS";"MG";"Pequeno Porte I";"40,638422190271420220";"130,19146517900182403";"1. Despertados (Efeito Indutor)"
"3149309";"PEDRO LEOPOLDO";"MG";"Médio Porte";"26,596083866512817195";"2,88543385707449573";"4. Efeito Substituição (Retração Local)"
"3149507";"PEQUERI";"MG";"Pequeno Porte I";"140,269650486058537808";"184,92814910223228253";"1. Despertados (Efeito Indutor)"
"3149705";"PERDIGAO";"MG";"Pequeno Porte I";"19,728672359565283756";"97,60283201910115736";"1. Despertados (Efeito Indutor)"
"3149804";"PERDIZES";"MG";"Pequeno Porte I";"27,573580240194264235";"56,88325581612191684";"1. Despertados (Efeito Indutor)"
"3149903";"PERDOES";"MG";"Pequeno Porte II";"38,814942225220519845";"73,06783309071366261";"1. Despertados (Efeito Indutor)"
"3150158";"PIEDADE DE CARATINGA";"MG";"Pequeno Porte I";"0,000000000000000000";"7,81736540558417303";"1. Despertados (Efeito Indutor)"
"3150208";"PIEDADE DE PONTE NOVA";"MG";"Pequeno Porte I";"47,450421516934213173";"198,74740995200474458";"1. Despertados (Efeito Indutor)"
"3150307";"PIEDADE DO RIO GRANDE";"MG";"Pequeno Porte I";"117,618561109875045645";"187,05283705563783769";"1. Despertados (Efeito Indutor)"
"3150539";"PINGO-D'AGUA";"MG";"Pequeno Porte I";"0,000000000000000000";"54,90793969432256461";"1. Despertados (Efeito Indutor)"
"3150570";"PINTOPOLIS";"MG";"Pequeno Porte I";"17,356740296610958296";"168,33915454164497305";"1. Despertados (Efeito Indutor)"
"3150604";"PIRACEMA";"MG";"Pequeno Porte I";"102,467265082290708733";"164,22152222636947272";"1. Despertados (Efeito Indutor)"
"3150703";"PIRAJUBA";"MG";"Pequeno Porte I";"67,452710268588418785";"65,04616601823636302";"2. Constantes (Sustentabilidade)"
"3150802";"PIRANGA";"MG";"Pequeno Porte I";"0,000000000000000000";"154,66807216948262749";"1. Despertados (Efeito Indutor)"
"3151008";"PIRANGUINHO";"MG";"Pequeno Porte I";"37,984287529526469029";"159,76458119370150257";"1. Despertados (Efeito Indutor)"
"3151107";"PIRAPETINGA";"MG";"Pequeno Porte I";"67,124059575757570428";"196,27546003525765173";"1. Despertados (Efeito Indutor)"
"3151206";"PIRAPORA";"MG";"Médio Porte";"79,994330604813285390";"147,20391913398165684";"1. Despertados (Efeito Indutor)"
"3151305";"PIRAUBA";"MG";"Pequeno Porte I";"32,324569069550534550";"160,98138882139375028";"1. Despertados (Efeito Indutor)"
"3151404";"PITANGUI";"MG";"Pequeno Porte II";"84,319958808798034511";"59,57045667002901723";"4. Efeito Substituição (Retração Local)"
"3151503";"PIUMHI";"MG";"Pequeno Porte II";"42,439042593210345444";"64,31038287222602889";"1. Despertados (Efeito Indutor)"
"3151701";"POCO FUNDO";"MG";"Pequeno Porte I";"16,441311685601768033";"176,22004605882312944";"1. Despertados (Efeito Indutor)"
"3151800";"POCOS DE CALDAS";"MG";"Grande Porte";"27,323776822740644121";"44,85836142357520373";"1. Despertados (Efeito Indutor)"
"3151909";"POCRANE";"MG";"Pequeno Porte I";"18,020178925393540936";"82,69331208708200620";"1. Despertados (Efeito Indutor)"
"3152006";"POMPEU";"MG";"Pequeno Porte II";"36,642850710056471542";"63,03243052996865003";"1. Despertados (Efeito Indutor)"
"3152105";"PONTE NOVA";"MG";"Médio Porte";"38,554702301519022001";"152,44875751405638198";"1. Despertados (Efeito Indutor)"
"3152170";"PONTO DOS VOLANTES";"MG";"Pequeno Porte I";"16,738120727266743160";"116,05706467967704043";"1. Despertados (Efeito Indutor)"
"3152204";"PORTEIRINHA";"MG";"Pequeno Porte II";"17,579697845876584239";"24,91803331197930049";"2. Constantes (Sustentabilidade)"
"3152303";"PORTO FIRME";"MG";"Pequeno Porte I";"1,101920585402379027";"112,18280547009460690";"1. Despertados (Efeito Indutor)"
"3152402";"POTE";"MG";"Pequeno Porte I";"48,681494244059187793";"120,78812369358846013";"1. Despertados (Efeito Indutor)"
"3152501";"POUSO ALEGRE";"MG";"Grande Porte";"30,717747706498037985";"87,65838178375918233";"1. Despertados (Efeito Indutor)"
"3152600";"POUSO ALTO";"MG";"Pequeno Porte I";"53,951394964897957607";"172,45904916889429614";"1. Despertados (Efeito Indutor)"
"3152709";"PRADOS";"MG";"Pequeno Porte I";"47,004789871454796923";"75,93432603966547845";"1. Despertados (Efeito Indutor)"
"3152808";"PRATA";"MG";"Pequeno Porte II";"65,299244586885663466";"187,27746415919813217";"1. Despertados (Efeito Indutor)"
"3152907";"PRATAPOLIS";"MG";"Pequeno Porte I";"22,625365371575817619";"156,41748942780671427";"1. Despertados (Efeito Indutor)"
"3153004";"PRATINHA";"MG";"Pequeno Porte I";"36,838734769521600754";"162,96648565711194578";"1. Despertados (Efeito Indutor)"
"3153202";"PRESIDENTE JUSCELINO";"MG";"Pequeno Porte I";"49,554064642415241337";"130,25730470704445452";"1. Despertados (Efeito Indutor)"
"3153400";"PRESIDENTE OLEGARIO";"MG";"Pequeno Porte I";"22,733254968725297829";"114,81750216880766402";"1. Despertados (Efeito Indutor)"
"3153509";"ALTO JEQUITIBA";"MG";"Pequeno Porte I";"4,335842601645483185";"131,34523595025305553";"1. Despertados (Efeito Indutor)"
"3153707";"QUARTEL GERAL";"MG";"Pequeno Porte I";"35,165924495214696321";"69,26120646276169168";"1. Despertados (Efeito Indutor)"
"3153905";"RAPOSOS";"MG";"Pequeno Porte I";"42,956080391215309078";"150,59706552889338127";"1. Despertados (Efeito Indutor)"
"3154002";"RAUL SOARES";"MG";"Pequeno Porte II";"24,859348320237899088";"82,14361535666368752";"1. Despertados (Efeito Indutor)"
"3154101";"RECREIO";"MG";"Pequeno Porte I";"0,000000000000000000";"15,30942713150607837";"1. Despertados (Efeito Indutor)"
"3154150";"REDUTO";"MG";"Pequeno Porte I";"12,560642927603057117";"8,27575214825636607";"2. Constantes (Sustentabilidade)"
"3154200";"RESENDE COSTA";"MG";"Pequeno Porte I";"56,398682644120469831";"88,99424777156268362";"1. Despertados (Efeito Indutor)"
"3154309";"RESPLENDOR";"MG";"Pequeno Porte I";"13,066066550014923564";"14,86538908813338189";"2. Constantes (Sustentabilidade)"
"3154457";"RIACHINHO";"MG";"Pequeno Porte I";"24,611953471859084885";"68,58948587658869656";"1. Despertados (Efeito Indutor)"
"3154507";"RIACHO DOS MACHADOS";"MG";"Pequeno Porte I";"9,159461209541392535";"111,54876409708802498";"1. Despertados (Efeito Indutor)"
"3154606";"RIBEIRAO DAS NEVES";"MG";"Grande Porte";"20,550961676272454071";"6,76898335376875870";"4. Efeito Substituição (Retração Local)"
"3154903";"RIO CASCA";"MG";"Pequeno Porte I";"48,347019502062437368";"84,56852648622363233";"1. Despertados (Efeito Indutor)"
"3155108";"RIO DO PRADO";"MG";"Pequeno Porte I";"21,586199935812206974";"146,13951347780104584";"1. Despertados (Efeito Indutor)"
"3155207";"RIO ESPERA";"MG";"Pequeno Porte I";"127,152308288442512207";"149,58687204715295138";"2. Constantes (Sustentabilidade)"
"3155405";"RIO NOVO";"MG";"Pequeno Porte I";"53,781642954446645888";"117,80145617698570959";"1. Despertados (Efeito Indutor)"
"3155504";"RIO PARANAIBA";"MG";"Pequeno Porte I";"34,897107141398265640";"67,17193219072618149";"1. Despertados (Efeito Indutor)"
"3155603";"RIO PARDO DE MINAS";"MG";"Pequeno Porte II";"6,006322856148284650";"102,41626673810947068";"1. Despertados (Efeito Indutor)"
"3155801";"RIO POMBA";"MG";"Pequeno Porte I";"24,045792375265872209";"59,37972508593638565";"1. Despertados (Efeito Indutor)"
"3155900";"RIO PRETO";"MG";"Pequeno Porte I";"84,869542419295157742";"152,81163626695632729";"1. Despertados (Efeito Indutor)"
"3156007";"RIO VERMELHO";"MG";"Pequeno Porte I";"30,889531156949949775";"160,93656879583488717";"1. Despertados (Efeito Indutor)"
"3156106";"RITAPOLIS";"MG";"Pequeno Porte I";"62,487297317769098015";"107,13657926538493825";"1. Despertados (Efeito Indutor)"
"3156304";"RODEIRO";"MG";"Pequeno Porte I";"86,901929489816012619";"98,02756411848845630";"2. Constantes (Sustentabilidade)"
"3156452";"ROSARIO DA LIMEIRA";"MG";"Pequeno Porte I";"7,774114283278877657";"102,82638759759325353";"1. Despertados (Efeito Indutor)"
"3156502";"RUBELITA";"MG";"Pequeno Porte I";"20,771612911056024586";"93,39243143624265997";"1. Despertados (Efeito Indutor)"
"3156601";"RUBIM";"MG";"Pequeno Porte I";"27,966791590435565951";"39,95802745671893774";"1. Despertados (Efeito Indutor)"
"3156700";"SABARA";"MG";"Grande Porte";"41,809048446820291645";"51,25935798052863390";"2. Constantes (Sustentabilidade)"
"3156908";"SACRAMENTO";"MG";"Pequeno Porte II";"62,352969561869556969";"97,51655712677566612";"1. Despertados (Efeito Indutor)"
"3157005";"SALINAS";"MG";"Pequeno Porte II";"6,181834110003876503";"32,79884265020658063";"1. Despertados (Efeito Indutor)"
"3157203";"SANTA BARBARA";"MG";"Pequeno Porte II";"139,680788678880674070";"89,13378388815696951";"4. Efeito Substituição (Retração Local)"
"3157252";"SANTA BARBARA DO LESTE";"MG";"Pequeno Porte I";"11,424493508525214835";"41,99627958018295715";"1. Despertados (Efeito Indutor)"
"3157336";"SANTA CRUZ DE MINAS";"MG";"Pequeno Porte I";"71,136891227243893354";"46,49534669518994434";"4. Efeito Substituição (Retração Local)"
"3157658";"SANTA HELENA DE MINAS";"MG";"Pequeno Porte I";"14,338016012677904598";"1,24200067362748401";"4. Efeito Substituição (Retração Local)"
"3157708";"SANTA JULIANA";"MG";"Pequeno Porte I";"65,476543297795728904";"105,04590927763079833";"1. Despertados (Efeito Indutor)"
"3157807";"SANTA LUZIA";"MG";"Grande Porte";"11,548353029223559219";"23,89802778455404919";"1. Despertados (Efeito Indutor)"
"3157906";"SANTA MARGARIDA";"MG";"Pequeno Porte I";"3,631337002576042305";"90,35578898508103407";"1. Despertados (Efeito Indutor)"
"3158003";"SANTA MARIA DE ITABIRA";"MG";"Pequeno Porte I";"6,243755051012375823";"163,70559909244192909";"1. Despertados (Efeito Indutor)"
"3158102";"SANTA MARIA DO SALTO";"MG";"Pequeno Porte I";"0,608614727154915602";"169,49304577472935307";"1. Despertados (Efeito Indutor)"
"3158201";"SANTA MARIA DO SUACUI";"MG";"Pequeno Porte I";"12,943285081707191608";"78,75607662557918331";"1. Despertados (Efeito Indutor)"
"3158409";"SANTANA DE CATAGUASES";"MG";"Pequeno Porte I";"150,523880517115344446";"122,34198198011959846";"2. Constantes (Sustentabilidade)"
"3158508";"SANTANA DE PIRAPAMA";"MG";"Pequeno Porte I";"30,520717072268723769";"53,33866198907858802";"1. Despertados (Efeito Indutor)"
"3158904";"SANTANA DO MANHUACU";"MG";"Pequeno Porte I";"0,635758489041461483";"145,74278843796307115";"1. Despertados (Efeito Indutor)"
"3158953";"SANTANA DO PARAISO";"MG";"Pequeno Porte II";"8,442843561023536836";"72,25255555569481203";"1. Despertados (Efeito Indutor)"
"3159209";"SANTA RITA DE CALDAS";"MG";"Pequeno Porte I";"1,466021708755713471";"4,37558112685585687";"2. Constantes (Sustentabilidade)"
"3159357";"SANTA RITA DE MINAS";"MG";"Pequeno Porte I";"43,361387932596812789";"80,67740622868481637";"1. Despertados (Efeito Indutor)"
"3159605";"SANTA RITA DO SAPUCAI";"MG";"Pequeno Porte II";"54,496810272762637339";"158,28412863109520003";"1. Despertados (Efeito Indutor)"
"3159704";"SANTA ROSA DA SERRA";"MG";"Pequeno Porte I";"17,928109513073462011";"81,63285336326597985";"1. Despertados (Efeito Indutor)"
"3159803";"SANTA VITORIA";"MG";"Pequeno Porte II";"21,156923419448236956";"186,42761947638103948";"1. Despertados (Efeito Indutor)"
"3159902";"SANTO ANTONIO DO AMPARO";"MG";"Pequeno Porte I";"31,371019193189834340";"55,90517939097559008";"1. Despertados (Efeito Indutor)"
"3160009";"SANTO ANTONIO DO AVENTUREIRO";"MG";"Pequeno Porte I";"21,707612364839807384";"125,16097252408542317";"1. Despertados (Efeito Indutor)"
"3160306";"SANTO ANTONIO DO JACINTO";"MG";"Pequeno Porte I";"0,112515928589685843";"43,49932359975294105";"1. Despertados (Efeito Indutor)"
"3160405";"SANTO ANTONIO DO MONTE";"MG";"Pequeno Porte II";"26,765489242999837671";"35,40113534779749926";"2. Constantes (Sustentabilidade)"
"3160454";"SANTO ANTONIO DO RETIRO";"MG";"Pequeno Porte I";"18,215489234082699710";"149,00758085958312904";"1. Despertados (Efeito Indutor)"
"3160504";"SANTO ANTONIO DO RIO ABAIXO";"MG";"Pequeno Porte I";"52,948443238285669565";"176,86798331201333667";"1. Despertados (Efeito Indutor)"
"3160702";"SANTOS DUMONT";"MG";"Pequeno Porte II";"0,348750039924209665";"61,64285426049613648";"1. Despertados (Efeito Indutor)"
"3160959";"SAO DOMINGOS DAS DORES";"MG";"Pequeno Porte I";"8,240840247887069481";"6,51632070313952738";"2. Constantes (Sustentabilidade)"
"3161007";"SAO DOMINGOS DO PRATA";"MG";"Pequeno Porte I";"58,701290555507114277";"46,85851420059354666";"2. Constantes (Sustentabilidade)"
"3161106";"SAO FRANCISCO";"MG";"Médio Porte";"18,405160751990958801";"16,42125421234991833";"2. Constantes (Sustentabilidade)"
"3161205";"SAO FRANCISCO DE PAULA";"MG";"Pequeno Porte I";"58,807723512595508453";"103,57741785603680285";"1. Despertados (Efeito Indutor)"
"3161403";"SAO FRANCISCO DO GLORIA";"MG";"Pequeno Porte I";"98,484985491581340966";"79,36847976730143728";"2. Constantes (Sustentabilidade)"
"3161502";"SAO GERALDO";"MG";"Pequeno Porte I";"44,150913118215903808";"170,99213386836976269";"1. Despertados (Efeito Indutor)"
"3161809";"SAO GONCALO DO PARA";"MG";"Pequeno Porte I";"86,131276045615592807";"163,56711440236284716";"1. Despertados (Efeito Indutor)"
"3162005";"SAO GONCALO DO SAPUCAI";"MG";"Pequeno Porte II";"10,321736901047469104";"63,05267330398913828";"1. Despertados (Efeito Indutor)"
"3162104";"SAO GOTARDO";"MG";"Pequeno Porte II";"15,551772928341286217";"62,86352044152370411";"1. Despertados (Efeito Indutor)"
"3162203";"SAO JOAO BATISTA DO GLORIA";"MG";"Pequeno Porte I";"2,461425596796322335";"186,30579356532092561";"1. Despertados (Efeito Indutor)"
"3162252";"SAO JOAO DA LAGOA";"MG";"Pequeno Porte I";"12,803106047662639710";"173,32159083892332774";"1. Despertados (Efeito Indutor)"
"3162401";"SAO JOAO DA PONTE";"MG";"Pequeno Porte II";"17,565079610515866193";"82,83681845949715239";"1. Despertados (Efeito Indutor)"
"3162450";"SAO JOAO DAS MISSOES";"MG";"Pequeno Porte I";"30,512457661637764517";"102,27152086601377334";"1. Despertados (Efeito Indutor)"
"3162500";"SAO JOAO DEL REI";"MG";"Médio Porte";"51,653545695278864969";"59,53451822827602058";"2. Constantes (Sustentabilidade)"
"3162559";"SAO JOAO DO MANHUACU";"MG";"Pequeno Porte I";"1,067847800304819739";"150,38260815172282037";"1. Despertados (Efeito Indutor)"
"3162575";"SAO JOAO DO MANTENINHA";"MG";"Pequeno Porte I";"11,795718308966698373";"145,17110028245724607";"1. Despertados (Efeito Indutor)"
"3162609";"SAO JOAO DO ORIENTE";"MG";"Pequeno Porte I";"0,000000000000000000";"9,49778373820454647";"1. Despertados (Efeito Indutor)"
"3162708";"SAO JOAO DO PARAISO";"MG";"Pequeno Porte II";"28,632882104334385076";"84,90773556980050785";"1. Despertados (Efeito Indutor)"
"3162807";"SAO JOAO EVANGELISTA";"MG";"Pequeno Porte I";"22,389685328895033933";"121,75977542560588063";"1. Despertados (Efeito Indutor)"
"3162906";"SAO JOAO NEPOMUCENO";"MG";"Pequeno Porte II";"21,434718002374349766";"45,37868578133218733";"1. Despertados (Efeito Indutor)"
"3162922";"SAO JOAQUIM DE BICAS";"MG";"Pequeno Porte II";"21,584725553188114588";"116,70917807966543478";"1. Despertados (Efeito Indutor)"
"3162955";"SAO JOSE DA LAPA";"MG";"Pequeno Porte II";"24,575949632683546042";"153,39078323597561848";"1. Despertados (Efeito Indutor)"
"3163102";"SAO JOSE DA VARGINHA";"MG";"Pequeno Porte I";"14,082504232153278068";"54,79606698352564109";"1. Despertados (Efeito Indutor)"
"3163300";"SAO JOSE DO DIVINO";"MG";"Pequeno Porte I";"10,261821123582063109";"191,96298198371579247";"1. Despertados (Efeito Indutor)"
"3163409";"SAO JOSE DO GOIABAL";"MG";"Pequeno Porte I";"42,051422980893256920";"157,46194077310383364";"1. Despertados (Efeito Indutor)"
"3163508";"SAO JOSE DO JACURI";"MG";"Pequeno Porte I";"8,568707619191094693";"53,09821752669273565";"1. Despertados (Efeito Indutor)"
"3163607";"SAO JOSE DO MANTIMENTO";"MG";"Pequeno Porte I";"59,232403389117813219";"45,43968667696756825";"2. Constantes (Sustentabilidade)"
"3163706";"SAO LOURENCO";"MG";"Pequeno Porte II";"19,259224868153268062";"40,65411260742068578";"1. Despertados (Efeito Indutor)"
"3163805";"SAO MIGUEL DO ANTA";"MG";"Pequeno Porte I";"93,879913730413477424";"141,01885411921310265";"1. Despertados (Efeito Indutor)"
"3163904";"SAO PEDRO DA UNIAO";"MG";"Pequeno Porte I";"42,959815850128244108";"134,66366089350117363";"1. Despertados (Efeito Indutor)"
"3164001";"SAO PEDRO DOS FERROS";"MG";"Pequeno Porte I";"27,488475082373138747";"72,18575958881203292";"1. Despertados (Efeito Indutor)"
"3164100";"SAO PEDRO DO SUACUI";"MG";"Pequeno Porte I";"14,749927037775030669";"189,37439312357963672";"1. Despertados (Efeito Indutor)"
"3164308";"SAO ROQUE DE MINAS";"MG";"Pequeno Porte I";"28,871932140044670234";"88,30924143114962988";"1. Despertados (Efeito Indutor)"
"3164407";"SAO SEBASTIAO DA BELA VISTA";"MG";"Pequeno Porte I";"106,921149231845163285";"158,21379428387109556";"1. Despertados (Efeito Indutor)"
"3164431";"SAO SEBASTIAO DA VARGEM ALEGRE";"MG";"Pequeno Porte I";"17,653476600834974164";"13,78965286516752897";"2. Constantes (Sustentabilidade)"
"3164472";"SAO SEBASTIAO DO ANTA";"MG";"Pequeno Porte I";"9,311453942951329665";"15,71051738005044385";"2. Constantes (Sustentabilidade)"
"3164506";"SAO SEBASTIAO DO MARANHAO";"MG";"Pequeno Porte I";"41,760805195607531459";"169,66974001875689737";"1. Despertados (Efeito Indutor)"
"3164605";"SAO SEBASTIAO DO OESTE";"MG";"Pequeno Porte I";"0,000000000000000000";"10,49968523968927769";"1. Despertados (Efeito Indutor)"
"3164704";"SAO SEBASTIAO DO PARAISO";"MG";"Médio Porte";"12,310093623447889044";"32,32365518658280479";"1. Despertados (Efeito Indutor)"
"3165107";"SAO TOMAS DE AQUINO";"MG";"Pequeno Porte I";"32,261120676237894145";"124,61368000558832136";"1. Despertados (Efeito Indutor)"
"3165552";"SETUBINHA";"MG";"Pequeno Porte I";"28,114951490690501146";"99,04749307424253857";"1. Despertados (Efeito Indutor)"
"3165578";"SENADOR AMARAL";"MG";"Pequeno Porte I";"31,183008288488970550";"137,35293658248519932";"1. Despertados (Efeito Indutor)"
"3165701";"SENADOR FIRMINO";"MG";"Pequeno Porte I";"0,000000000000000000";"95,89593869803242399";"1. Despertados (Efeito Indutor)"
"3165909";"SENADOR MODESTINO GONCALVES";"MG";"Pequeno Porte I";"35,417349428449504956";"132,94131869726456330";"1. Despertados (Efeito Indutor)"
"3166204";"SENHORA DOS REMEDIOS";"MG";"Pequeno Porte I";"24,288038483577182092";"59,04524583825156014";"1. Despertados (Efeito Indutor)"
"3166303";"SERICITA";"MG";"Pequeno Porte I";"23,233585039373998882";"84,75004003366460381";"1. Despertados (Efeito Indutor)"
"3166709";"SERRA DOS AIMORES";"MG";"Pequeno Porte I";"15,925890892629702478";"99,66944316132259019";"1. Despertados (Efeito Indutor)"
"3166907";"SERRANIA";"MG";"Pequeno Porte I";"42,102989709844237609";"72,45725834450246339";"1. Despertados (Efeito Indutor)"
"3166956";"SERRANOPOLIS DE MINAS";"MG";"Pequeno Porte I";"46,230061990792492566";"166,45836098828220884";"1. Despertados (Efeito Indutor)"
"3167202";"SETE LAGOAS";"MG";"Grande Porte";"23,003669425555113293";"37,57974565269410760";"1. Despertados (Efeito Indutor)"
"3167301";"SILVEIRANIA";"MG";"Pequeno Porte I";"72,135984949266756416";"125,07337679420798793";"1. Despertados (Efeito Indutor)"
"3167400";"SILVIANOPOLIS";"MG";"Pequeno Porte I";"0,063351231254123688";"119,60633629262332533";"1. Despertados (Efeito Indutor)"
"3167608";"SIMONESIA";"MG";"Pequeno Porte I";"25,239103268196942054";"65,17604612573133238";"1. Despertados (Efeito Indutor)"
"3167707";"SOBRALIA";"MG";"Pequeno Porte I";"32,949391536577408601";"71,05512254147717499";"1. Despertados (Efeito Indutor)"
"3168002";"TAIOBEIRAS";"MG";"Pequeno Porte II";"42,827206572300745790";"67,27689172718210386";"1. Despertados (Efeito Indutor)"
"3168051";"TAPARUBA";"MG";"Pequeno Porte I";"41,213191404469391443";"13,95754945379391820";"4. Efeito Substituição (Retração Local)"
"3168101";"TAPIRA";"MG";"Pequeno Porte I";"92,646140034637184613";"82,42715082106742841";"2. Constantes (Sustentabilidade)"
"3168408";"TARUMIRIM";"MG";"Pequeno Porte I";"8,862583469419812232";"10,43376258647014510";"2. Constantes (Sustentabilidade)"
"3168507";"TEIXEIRAS";"MG";"Pequeno Porte I";"11,702187841275721425";"20,53178498919393391";"1. Despertados (Efeito Indutor)"
"3168606";"TEOFILO OTONI";"MG";"Grande Porte";"0,000000000000000000";"9,77530627108834693";"1. Despertados (Efeito Indutor)"
"3168705";"TIMOTEO";"MG";"Médio Porte";"22,878314552419123373";"31,16368579655731708";"2. Constantes (Sustentabilidade)"
"3168903";"TIROS";"MG";"Pequeno Porte I";"39,158302961776392692";"35,08523525711729008";"2. Constantes (Sustentabilidade)"
"3169000";"TOCANTINS";"MG";"Pequeno Porte I";"6,705690316533361894";"81,07533949340412960";"1. Despertados (Efeito Indutor)"
"3169109";"TOLEDO";"MG";"Pequeno Porte I";"14,073811831893811686";"119,50411335792060186";"1. Despertados (Efeito Indutor)"
"3169208";"TOMBOS";"MG";"Pequeno Porte I";"52,918233600812520478";"32,13013062572279210";"4. Efeito Substituição (Retração Local)"
"3169307";"TRES CORACOES";"MG";"Médio Porte";"0,000000000000000000";"35,41868306993445970";"1. Despertados (Efeito Indutor)"
"3169356";"TRES MARIAS";"MG";"Pequeno Porte II";"61,374733809653037042";"69,30736065623949571";"2. Constantes (Sustentabilidade)"
"3169406";"TRES PONTAS";"MG";"Médio Porte";"85,374751576572762701";"135,87124544066648468";"1. Despertados (Efeito Indutor)"
"3169604";"TUPACIGUARA";"MG";"Pequeno Porte II";"39,487163982171054499";"184,22973968921598953";"1. Despertados (Efeito Indutor)"
"3169703";"TURMALINA";"MG";"Pequeno Porte I";"40,983751443527516756";"112,48158390047410649";"1. Despertados (Efeito Indutor)"
"3169802";"TURVOLANDIA";"MG";"Pequeno Porte I";"76,256624764774684877";"132,85480581697311209";"1. Despertados (Efeito Indutor)"
"3169901";"UBA";"MG";"Grande Porte";"4,793081143504878128";"37,76441687862844532";"1. Despertados (Efeito Indutor)"
"3170008";"UBAI";"MG";"Pequeno Porte I";"19,535910061882759692";"186,43899558666794292";"1. Despertados (Efeito Indutor)"
"3170057";"UBAPORANGA";"MG";"Pequeno Porte I";"35,355904270390986710";"15,92565895878687243";"4. Efeito Substituição (Retração Local)"
"3170107";"UBERABA";"MG";"Grande Porte";"0,000000000000000000";"14,90955326704900941";"1. Despertados (Efeito Indutor)"
"3170206";"UBERLANDIA";"MG";"Grande Porte";"18,291222029339042621";"19,55318186248501178";"2. Constantes (Sustentabilidade)"
"3170305";"UMBURATIBA";"MG";"Pequeno Porte I";"41,050605809472124008";"198,85756825405962900";"1. Despertados (Efeito Indutor)"
"3170404";"UNAI";"MG";"Médio Porte";"27,090416417220136935";"52,77195723410100925";"1. Despertados (Efeito Indutor)"
"3170438";"UNIAO DE MINAS";"MG";"Pequeno Porte I";"49,426648325626395319";"129,22036249096555593";"1. Despertados (Efeito Indutor)"
"3170503";"URUCANIA";"MG";"Pequeno Porte I";"13,173357728875839001";"169,37043719303579792";"1. Despertados (Efeito Indutor)"
"3170529";"URUCUIA";"MG";"Pequeno Porte I";"0,140287094705866783";"136,18175123105294233";"1. Despertados (Efeito Indutor)"
"3170578";"VARGEM ALEGRE";"MG";"Pequeno Porte I";"0,000000000000000000";"145,26236284411965016";"1. Despertados (Efeito Indutor)"
"3170651";"VARGEM GRANDE DO RIO PARDO";"MG";"Pequeno Porte I";"26,634174141377872758";"14,18864268489618752";"4. Efeito Substituição (Retração Local)"
"3170701";"VARGINHA";"MG";"Grande Porte";"46,197604993518112337";"40,00673306834816856";"2. Constantes (Sustentabilidade)"
"3170750";"VARJAO DE MINAS";"MG";"Pequeno Porte I";"7,197862092670788137";"13,97919447288330730";"1. Despertados (Efeito Indutor)"
"3170800";"VARZEA DA PALMA";"MG";"Pequeno Porte II";"15,326078951823728147";"59,71932152984052777";"1. Despertados (Efeito Indutor)"
"3170909";"VARZELANDIA";"MG";"Pequeno Porte I";"28,132282919363742479";"153,11680948899959276";"1. Despertados (Efeito Indutor)"
"3171006";"VAZANTE";"MG";"Pequeno Porte I";"14,671736712720424123";"55,58312705331253056";"1. Despertados (Efeito Indutor)"
"3171030";"VERDELANDIA";"MG";"Pequeno Porte I";"12,403756227875206264";"125,74428742232316836";"1. Despertados (Efeito Indutor)"
"3171105";"VERISSIMO";"MG";"Pequeno Porte I";"61,774655445155836730";"76,98034113145283186";"2. Constantes (Sustentabilidade)"
"3171154";"VERMELHO NOVO";"MG";"Pequeno Porte I";"0,857324310481181073";"63,24527833809394650";"1. Despertados (Efeito Indutor)"
"3171204";"VESPASIANO";"MG";"Grande Porte";"30,324113268877425753";"55,39423955773909825";"1. Despertados (Efeito Indutor)"
"3171303";"VICOSA";"MG";"Médio Porte";"54,292710233183711921";"37,04404396179510428";"4. Efeito Substituição (Retração Local)"
"3171402";"VIEIRAS";"MG";"Pequeno Porte I";"42,255851274391261541";"111,31746245969212339";"1. Despertados (Efeito Indutor)"
"3171600";"VIRGEM DA LAPA";"MG";"Pequeno Porte I";"45,832484501167499502";"157,75637525995364285";"1. Despertados (Efeito Indutor)"
"3171709";"VIRGINIA";"MG";"Pequeno Porte I";"12,126584735675821847";"145,11758192136903745";"1. Despertados (Efeito Indutor)"
"3171907";"VIRGOLANDIA";"MG";"Pequeno Porte I";"1,060759514847688934";"49,59495762237422412";"1. Despertados (Efeito Indutor)"
"3172004";"VISCONDE DO RIO BRANCO";"MG";"Pequeno Porte II";"20,248512476483334410";"96,30400379186136206";"1. Despertados (Efeito Indutor)"
"3200102";"AFONSO CLAUDIO";"ES";"Pequeno Porte II";"10,138995991089046811";"118,70991840572412457";"1. Despertados (Efeito Indutor)"
"3200136";"AGUIA BRANCA";"ES";"Pequeno Porte I";"1,610971474862321617";"162,38990673458209812";"1. Despertados (Efeito Indutor)"
"3200169";"AGUA DOCE DO NORTE";"ES";"Pequeno Porte I";"5,106410190342561606";"7,11187148117715306";"2. Constantes (Sustentabilidade)"
"3200201";"ALEGRE";"ES";"Pequeno Porte II";"11,919508360270642200";"63,39065734316060485";"1. Despertados (Efeito Indutor)"
"3200300";"ALFREDO CHAVES";"ES";"Pequeno Porte I";"68,300107985901348684";"62,18521510356459459";"2. Constantes (Sustentabilidade)"
"3200359";"ALTO RIO NOVO";"ES";"Pequeno Porte I";"12,051457121393882588";"23,14442259129986468";"1. Despertados (Efeito Indutor)"
"3200409";"ANCHIETA";"ES";"Pequeno Porte II";"47,803174364396120666";"73,87030085830284065";"1. Despertados (Efeito Indutor)"
"3200508";"APIACA";"ES";"Pequeno Porte I";"21,431449726676319756";"33,65827465386576733";"1. Despertados (Efeito Indutor)"
"3200607";"ARACRUZ";"ES";"Médio Porte";"6,475757880962452084";"0,00000000000000000";"4. Efeito Substituição (Retração Local)"
"3200706";"ATILIO VIVACQUA";"ES";"Pequeno Porte I";"65,794140830915637252";"89,69189355126155760";"1. Despertados (Efeito Indutor)"
"3200805";"BAIXO GUANDU";"ES";"Pequeno Porte II";"33,169579091476421695";"163,73125346551498183";"1. Despertados (Efeito Indutor)"
"3200904";"BARRA DE SAO FRANCISCO";"ES";"Pequeno Porte II";"0,411056633942606386";"40,93818571837883979";"1. Despertados (Efeito Indutor)"
"3201100";"BOM JESUS DO NORTE";"ES";"Pequeno Porte I";"1,748372998596090966";"22,20030199833584561";"1. Despertados (Efeito Indutor)"
"3201159";"BREJETUBA";"ES";"Pequeno Porte I";"24,712070693605710403";"0,00000000000000000";"4. Efeito Substituição (Retração Local)"
"3201209";"CACHOEIRO DE ITAPEMIRIM";"ES";"Grande Porte";"32,824598737705628082";"48,05558222958197234";"1. Despertados (Efeito Indutor)"
"3201308";"CARIACICA";"ES";"Grande Porte";"10,438895704497921813";"11,09717205586070499";"2. Constantes (Sustentabilidade)"
"3201407";"CASTELO";"ES";"Pequeno Porte II";"12,496034133053880666";"23,88686174685118146";"1. Despertados (Efeito Indutor)"
"3201506";"COLATINA";"ES";"Grande Porte";"20,150007410212246839";"54,72299480099973579";"1. Despertados (Efeito Indutor)"
"3201605";"CONCEICAO DA BARRA";"ES";"Pequeno Porte II";"9,574818946412836596";"190,23647468884672662";"1. Despertados (Efeito Indutor)"
"3201704";"CONCEICAO DO CASTELO";"ES";"Pequeno Porte I";"9,396630484107177494";"4,47064478316127367";"2. Constantes (Sustentabilidade)"
"3201803";"DIVINO DE SAO LOURENCO";"ES";"Pequeno Porte I";"21,430010332622920544";"191,47057690912305361";"1. Despertados (Efeito Indutor)"
"3201902";"DOMINGOS MARTINS";"ES";"Pequeno Porte II";"61,659623932501638421";"117,14131663294188002";"1. Despertados (Efeito Indutor)"
"3202108";"ECOPORANGA";"ES";"Pequeno Porte II";"3,432420685070006527";"0,82022976199306719";"2. Constantes (Sustentabilidade)"
"3202207";"FUNDAO";"ES";"Pequeno Porte I";"14,189024122697663444";"42,88633088863124243";"1. Despertados (Efeito Indutor)"
"3202256";"GOVERNADOR LINDENBERG";"ES";"Pequeno Porte I";"1,014406087014898317";"5,57983381489610863";"2. Constantes (Sustentabilidade)"
"3202306";"GUACUI";"ES";"Pequeno Porte II";"44,016546013607467103";"62,57854342018104887";"1. Despertados (Efeito Indutor)"
"3202405";"GUARAPARI";"ES";"Grande Porte";"21,341296996486381232";"34,44689742192908710";"1. Despertados (Efeito Indutor)"
"3202454";"IBATIBA";"ES";"Pequeno Porte II";"9,735572269777367893";"57,98283981616157945";"1. Despertados (Efeito Indutor)"
"3202504";"IBIRACU";"ES";"Pequeno Porte I";"12,135029768155405350";"58,98095231204975164";"1. Despertados (Efeito Indutor)"
"3202603";"ICONHA";"ES";"Pequeno Porte I";"64,901128804460256561";"166,16320344360130434";"1. Despertados (Efeito Indutor)"
"3202652";"IRUPI";"ES";"Pequeno Porte I";"40,010842495126631491";"83,24580187517489094";"1. Despertados (Efeito Indutor)"
"3202702";"ITAGUACU";"ES";"Pequeno Porte I";"1,874840696542188212";"125,14965060500060190";"1. Despertados (Efeito Indutor)"
"3202801";"ITAPEMIRIM";"ES";"Pequeno Porte II";"0,010001632293102055";"3,49364763180073457";"2. Constantes (Sustentabilidade)"
"3203007";"IUNA";"ES";"Pequeno Porte II";"24,485329631020171348";"90,36677924283401353";"1. Despertados (Efeito Indutor)"
"3203056";"JAGUARE";"ES";"Pequeno Porte II";"34,403166735976022039";"101,07688752309067581";"1. Despertados (Efeito Indutor)"
"3203106";"JERONIMO MONTEIRO";"ES";"Pequeno Porte I";"54,674048050914080932";"164,15630863512518545";"1. Despertados (Efeito Indutor)"
"3203163";"LARANJA DA TERRA";"ES";"Pequeno Porte I";"4,707451750129585832";"118,64322306033696464";"1. Despertados (Efeito Indutor)"
"3203205";"LINHARES";"ES";"Grande Porte";"20,616344814701157873";"0,28646671704720122";"4. Efeito Substituição (Retração Local)"
"3203304";"MANTENOPOLIS";"ES";"Pequeno Porte I";"0,000000000000000000";"6,93577487992260444";"1. Despertados (Efeito Indutor)"
"3203320";"MARATAIZES";"ES";"Pequeno Porte II";"8,066131715717682837";"26,29909528447507583";"1. Despertados (Efeito Indutor)"
"3203346";"MARECHAL FLORIANO";"ES";"Pequeno Porte I";"9,986751214368691620";"48,39899127266840395";"1. Despertados (Efeito Indutor)"
"3203353";"MARILANDIA";"ES";"Pequeno Porte I";"4,790629354039147358";"39,22835300853610363";"1. Despertados (Efeito Indutor)"
"3203403";"MIMOSO DO SUL";"ES";"Pequeno Porte II";"29,355947317758388948";"39,91170829539706233";"2. Constantes (Sustentabilidade)"
"3203502";"MONTANHA";"ES";"Pequeno Porte I";"52,268848122187087313";"158,75199244375369290";"1. Despertados (Efeito Indutor)"
"3203601";"MUCURICI";"ES";"Pequeno Porte I";"19,671897474365902525";"45,20785590395954046";"1. Despertados (Efeito Indutor)"
"3203700";"MUNIZ FREIRE";"ES";"Pequeno Porte I";"29,933835086327537311";"93,50616244602716165";"1. Despertados (Efeito Indutor)"
"3203809";"MUQUI";"ES";"Pequeno Porte I";"66,256149385573451127";"106,78959682570224743";"1. Despertados (Efeito Indutor)"
"3203908";"NOVA VENECIA";"ES";"Pequeno Porte II";"17,123846624049257059";"47,14434490693568591";"1. Despertados (Efeito Indutor)"
"3204005";"PANCAS";"ES";"Pequeno Porte I";"21,371423019579250280";"27,91287070827033645";"2. Constantes (Sustentabilidade)"
"3204054";"PEDRO CANARIO";"ES";"Pequeno Porte II";"10,955323384645991425";"82,67082168268507303";"1. Despertados (Efeito Indutor)"
"3204104";"PINHEIROS";"ES";"Pequeno Porte II";"14,154059102966067840";"92,43584825910551217";"1. Despertados (Efeito Indutor)"
"3204203";"PIUMA";"ES";"Pequeno Porte II";"57,533442630649254568";"92,03318271757095204";"1. Despertados (Efeito Indutor)"
"3204252";"PONTO BELO";"ES";"Pequeno Porte I";"38,638173091805832371";"32,03126165854282448";"2. Constantes (Sustentabilidade)"
"3204302";"PRESIDENTE KENNEDY";"ES";"Pequeno Porte I";"5,679344334243023873";"0,51513123934467531";"2. Constantes (Sustentabilidade)"
"3204351";"RIO BANANAL";"ES";"Pequeno Porte I";"0,253040514175082942";"7,54633221555915767";"1. Despertados (Efeito Indutor)"
"3204401";"RIO NOVO DO SUL";"ES";"Pequeno Porte I";"0,832065025905721511";"15,81278570770255065";"1. Despertados (Efeito Indutor)"
"3204500";"SANTA LEOPOLDINA";"ES";"Pequeno Porte I";"19,725482563503835109";"82,45624602672359060";"1. Despertados (Efeito Indutor)"
"3204559";"SANTA MARIA DE JETIBA";"ES";"Pequeno Porte II";"79,379465406388604265";"185,26151639974591490";"1. Despertados (Efeito Indutor)"
"3204609";"SANTA TERESA";"ES";"Pequeno Porte II";"97,543775431928139596";"4,40642855893642427";"4. Efeito Substituição (Retração Local)"
"3204658";"SAO DOMINGOS DO NORTE";"ES";"Pequeno Porte I";"14,147777336208458010";"15,16708875302066062";"2. Constantes (Sustentabilidade)"
"3204708";"SAO GABRIEL DA PALHA";"ES";"Pequeno Porte II";"13,645109253608850963";"123,49397580102632332";"1. Despertados (Efeito Indutor)"
"3204807";"SAO JOSE DO CALCADO";"ES";"Pequeno Porte I";"15,337594775200404484";"12,33876570556699370";"2. Constantes (Sustentabilidade)"
"3204906";"SAO MATEUS";"ES";"Grande Porte";"16,960876433145816833";"81,94003820355034406";"1. Despertados (Efeito Indutor)"
"3204955";"SAO ROQUE DO CANAA";"ES";"Pequeno Porte I";"0,000000000000000000";"160,37958042374765455";"1. Despertados (Efeito Indutor)"
"3205002";"SERRA";"ES";"Grande Porte";"21,757340423388150441";"34,62876379772669111";"1. Despertados (Efeito Indutor)"
"3205010";"SOORETAMA";"ES";"Pequeno Porte II";"0,436304151863429690";"78,68429887990831162";"1. Despertados (Efeito Indutor)"
"3205069";"VENDA NOVA DO IMIGRANTE";"ES";"Pequeno Porte II";"20,006026330389833134";"133,61071672094234941";"1. Despertados (Efeito Indutor)"
"3205101";"VIANA";"ES";"Médio Porte";"8,696936967344383262";"34,78681989303699140";"1. Despertados (Efeito Indutor)"
"3205150";"VILA PAVAO";"ES";"Pequeno Porte I";"18,521108785789500928";"147,64696754811603796";"1. Despertados (Efeito Indutor)"
"3205176";"VILA VALERIO";"ES";"Pequeno Porte I";"14,584065182189450027";"126,65215302147879584";"1. Despertados (Efeito Indutor)"
"3205200";"VILA VELHA";"ES";"Grande Porte";"17,361549805651080192";"4,91794617930894873";"4. Efeito Substituição (Retração Local)"
"3205309";"VITORIA";"ES";"Grande Porte";"41,557268575456710380";"84,28208027419870518";"1. Despertados (Efeito Indutor)"
"3300100";"ANGRA DOS REIS";"RJ";"Grande Porte";"11,284304202394359606";"54,53595103470811978";"1. Despertados (Efeito Indutor)"
"3300159";"APERIBE";"RJ";"Pequeno Porte I";"11,238459842311238290";"181,82846378766080875";"1. Despertados (Efeito Indutor)"
"3300209";"ARARUAMA";"RJ";"Grande Porte";"0,000000000000000000";"0,52773051942238947";"2. Constantes (Sustentabilidade)"
"3300233";"ARMACAO DOS BUZIOS";"RJ";"Pequeno Porte II";"25,655944738701361274";"16,25308155293415169";"2. Constantes (Sustentabilidade)"
"3300258";"ARRAIAL DO CABO";"RJ";"Pequeno Porte II";"0,000000000000000000";"1,39456326155457777";"2. Constantes (Sustentabilidade)"
"3300308";"BARRA DO PIRAI";"RJ";"Médio Porte";"32,017833183170345990";"93,16437498311722720";"1. Despertados (Efeito Indutor)"
"3300407";"BARRA MANSA";"RJ";"Grande Porte";"8,678331272180333400";"5,26248995899544614";"2. Constantes (Sustentabilidade)"
"3300456";"BELFORD ROXO";"RJ";"Grande Porte";"0,000000000000000000";"0,95930921392125024";"2. Constantes (Sustentabilidade)"
"3300506";"BOM JARDIM";"RJ";"Pequeno Porte II";"0,459735171940867160";"21,20979574258094758";"1. Despertados (Efeito Indutor)"
"3300605";"BOM JESUS DO ITABAPOANA";"RJ";"Pequeno Porte II";"15,720760940967405617";"40,63249702420527143";"1. Despertados (Efeito Indutor)"
"3300704";"CABO FRIO";"RJ";"Grande Porte";"0,000000000000000000";"9,03700293573468194";"1. Despertados (Efeito Indutor)"
"3300803";"CACHOEIRAS DE MACACU";"RJ";"Médio Porte";"9,902891475704663549";"0,24657762889891444";"4. Efeito Substituição (Retração Local)"
"3300902";"CAMBUCI";"RJ";"Pequeno Porte I";"0,000000000000000000";"7,58544485999556084";"1. Despertados (Efeito Indutor)"
"3300936";"CARAPEBUS";"RJ";"Pequeno Porte I";"0,951163547709168555";"42,91232940449776834";"1. Despertados (Efeito Indutor)"
"3301009";"CAMPOS DOS GOYTACAZES";"RJ";"Grande Porte";"10,270163471459481386";"21,22323877284920712";"1. Despertados (Efeito Indutor)"
"3301108";"CANTAGALO";"RJ";"Pequeno Porte I";"45,014256439419256139";"39,79324527271413814";"2. Constantes (Sustentabilidade)"
"3301157";"CARDOSO MOREIRA";"RJ";"Pequeno Porte I";"10,690447135600514628";"28,99455934557802195";"1. Despertados (Efeito Indutor)"
"3301207";"CARMO";"RJ";"Pequeno Porte I";"80,469651099024730456";"133,03011399891826727";"1. Despertados (Efeito Indutor)"
"3301405";"CONCEICAO DE MACABU";"RJ";"Pequeno Porte II";"0,000000000000000000";"5,08950206154028795";"1. Despertados (Efeito Indutor)"
"3301504";"CORDEIRO";"RJ";"Pequeno Porte II";"16,361589599872786494";"22,31832565056118511";"2. Constantes (Sustentabilidade)"
"3301603";"DUAS BARRAS";"RJ";"Pequeno Porte I";"45,655185997928420250";"50,19272798487000387";"2. Constantes (Sustentabilidade)"
"3301702";"DUQUE DE CAXIAS";"RJ";"Grande Porte";"0,939776225549137756";"7,06319988706016311";"1. Despertados (Efeito Indutor)"
"3301801";"ENGENHEIRO PAULO DE FRONTIN";"RJ";"Pequeno Porte I";"14,079322285768528289";"1,90362469351983843";"4. Efeito Substituição (Retração Local)"
"3301876";"IGUABA GRANDE";"RJ";"Pequeno Porte II";"5,440273642977296653";"2,47022464291917432";"2. Constantes (Sustentabilidade)"
"3301900";"ITABORAI";"RJ";"Grande Porte";"8,999855643051565934";"82,47938511804994732";"1. Despertados (Efeito Indutor)"
"3302007";"ITAGUAI";"RJ";"Grande Porte";"42,314997761286306854";"94,14446832181137381";"1. Despertados (Efeito Indutor)"
"3302056";"ITALVA";"RJ";"Pequeno Porte I";"51,779331816470993033";"113,02000376296125239";"1. Despertados (Efeito Indutor)"
"3302106";"ITAOCARA";"RJ";"Pequeno Porte II";"16,638662820708582046";"51,19908845117596741";"1. Despertados (Efeito Indutor)"
"3302205";"ITAPERUNA";"RJ";"Grande Porte";"6,736189334830271491";"8,56031769367199757";"2. Constantes (Sustentabilidade)"
"3302254";"ITATIAIA";"RJ";"Pequeno Porte II";"28,788408265062759739";"79,65389923948299611";"1. Despertados (Efeito Indutor)"
"3302270";"JAPERI";"RJ";"Médio Porte";"9,468194190836525692";"30,50164514178847952";"1. Despertados (Efeito Indutor)"
"3302304";"LAJE DO MURIAE";"RJ";"Pequeno Porte I";"24,529074475367906416";"25,06535782331953754";"2. Constantes (Sustentabilidade)"
"3302403";"MACAE";"RJ";"Grande Porte";"60,394569794194538304";"89,67349726313069880";"1. Despertados (Efeito Indutor)"
"3302452";"MACUCO";"RJ";"Pequeno Porte I";"41,221549146122050900";"13,72600792964460403";"4. Efeito Substituição (Retração Local)"
"3302502";"MAGE";"RJ";"Grande Porte";"10,495924170363366557";"103,57199745129665303";"1. Despertados (Efeito Indutor)"
"3302601";"MANGARATIBA";"RJ";"Pequeno Porte II";"10,192659342969692560";"6,56359150748198505";"2. Constantes (Sustentabilidade)"
"3302700";"MARICA";"RJ";"Grande Porte";"0,000000000000000000";"116,91306784200205016";"1. Despertados (Efeito Indutor)"
"3302809";"MENDES";"RJ";"Pequeno Porte I";"10,356398678142358705";"0,00866448738973870";"4. Efeito Substituição (Retração Local)"
"3302858";"MESQUITA";"RJ";"Grande Porte";"26,771008802424113071";"3,94975660521392946";"4. Efeito Substituição (Retração Local)"
"3302908";"MIGUEL PEREIRA";"RJ";"Pequeno Porte II";"10,400562131043013636";"57,62047721515489229";"1. Despertados (Efeito Indutor)"
"3303005";"MIRACEMA";"RJ";"Pequeno Porte II";"50,314000575836885787";"71,03311512872687672";"1. Despertados (Efeito Indutor)"
"3303104";"NATIVIDADE";"RJ";"Pequeno Porte I";"0,073982308866822055";"4,94684604117681737";"2. Constantes (Sustentabilidade)"
"3303203";"NILOPOLIS";"RJ";"Grande Porte";"29,232070007056879746";"29,69607242801991731";"2. Constantes (Sustentabilidade)"
"3303401";"NOVA FRIBURGO";"RJ";"Grande Porte";"13,302327871285502425";"20,32854575629251315";"2. Constantes (Sustentabilidade)"
"3303500";"NOVA IGUACU";"RJ";"Grande Porte";"11,027332985049593361";"3,19005009477643231";"4. Efeito Substituição (Retração Local)"
"3303609";"PARACAMBI";"RJ";"Pequeno Porte II";"29,524321657695978161";"64,25253079776184961";"1. Despertados (Efeito Indutor)"
"3303708";"PARAIBA DO SUL";"RJ";"Pequeno Porte II";"9,734420937563283971";"1,83344412249703659";"4. Efeito Substituição (Retração Local)"
"3303807";"PARATY";"RJ";"Pequeno Porte II";"73,550784446345531364";"175,63117294785490685";"1. Despertados (Efeito Indutor)"
"3303856";"PATY DO ALFERES";"RJ";"Pequeno Porte II";"33,856623708014836893";"152,62753732380593874";"1. Despertados (Efeito Indutor)"
"3303906";"PETROPOLIS";"RJ";"Grande Porte";"24,232512365730311643";"16,99904759149954359";"2. Constantes (Sustentabilidade)"
"3303955";"PINHEIRAL";"RJ";"Pequeno Porte II";"13,864910490972988555";"46,13871953013594407";"1. Despertados (Efeito Indutor)"
"3304102";"PORCIUNCULA";"RJ";"Pequeno Porte I";"68,545477699178789521";"91,94298881409650903";"1. Despertados (Efeito Indutor)"
"3304110";"PORTO REAL";"RJ";"Pequeno Porte II";"11,821821262448763079";"26,38257509898460995";"1. Despertados (Efeito Indutor)"
"3304128";"QUATIS";"RJ";"Pequeno Porte I";"33,099983520352225241";"64,69246337651662770";"1. Despertados (Efeito Indutor)"
"3304144";"QUEIMADOS";"RJ";"Grande Porte";"6,073197701425907979";"16,19115073914719716";"1. Despertados (Efeito Indutor)"
"3304201";"RESENDE";"RJ";"Grande Porte";"26,430402682895998367";"28,96089013862577843";"2. Constantes (Sustentabilidade)"
"3304300";"RIO BONITO";"RJ";"Médio Porte";"8,606359633768605022";"50,62429108120288390";"1. Despertados (Efeito Indutor)"
"3304409";"RIO CLARO";"RJ";"Pequeno Porte I";"130,916428922574851867";"187,80507373930879567";"1. Despertados (Efeito Indutor)"
"3304508";"RIO DAS FLORES";"RJ";"Pequeno Porte I";"157,675997692626111757";"196,97350391059936214";"1. Despertados (Efeito Indutor)"
"3304524";"RIO DAS OSTRAS";"RJ";"Grande Porte";"43,739141297547362797";"53,63782872997300899";"2. Constantes (Sustentabilidade)"
"3304557";"RIO DE JANEIRO";"RJ";"Metrópole";"47,531478493546941877";"37,65383752661337979";"2. Constantes (Sustentabilidade)"
"3304607";"SANTA MARIA MADALENA";"RJ";"Pequeno Porte I";"8,333517737727017760";"9,48787683342351684";"2. Constantes (Sustentabilidade)"
"3304706";"SANTO ANTONIO DE PADUA";"RJ";"Pequeno Porte II";"7,605517600696655833";"19,00057143198490195";"1. Despertados (Efeito Indutor)"
"3304755";"SAO FRANCISCO DE ITABAPOANA";"RJ";"Pequeno Porte II";"1,334866572743105273";"2,30675492304413288";"2. Constantes (Sustentabilidade)"
"3304805";"SAO FIDELIS";"RJ";"Pequeno Porte II";"35,233825041635228104";"52,80693721338242597";"1. Despertados (Efeito Indutor)"
"3304904";"SAO GONCALO";"RJ";"Grande Porte";"0,173394627894490644";"1,04196537413436996";"2. Constantes (Sustentabilidade)"
"3305000";"SAO JOAO DA BARRA";"RJ";"Pequeno Porte II";"11,187993299787367008";"67,86756516203789147";"1. Despertados (Efeito Indutor)"
"3305109";"SAO JOAO DE MERITI";"RJ";"Grande Porte";"0,000000000000000000";"0,58386148262421811";"2. Constantes (Sustentabilidade)"
"3305133";"SAO JOSE DE UBA";"RJ";"Pequeno Porte I";"57,679944257908474015";"110,89100685549928471";"1. Despertados (Efeito Indutor)"
"3305158";"SAO JOSE DO VALE DO RIO PRETO";"RJ";"Pequeno Porte II";"8,367234264805986754";"0,00000000000000000";"4. Efeito Substituição (Retração Local)"
"3305208";"SAO PEDRO DA ALDEIA";"RJ";"Grande Porte";"25,613456078239341451";"35,94730601694286776";"1. Despertados (Efeito Indutor)"
"3305307";"SAO SEBASTIAO DO ALTO";"RJ";"Pequeno Porte I";"68,077811310739235751";"46,59446047423684689";"4. Efeito Substituição (Retração Local)"
"3305505";"SAQUAREMA";"RJ";"Médio Porte";"60,488324419429325474";"15,20612133840614177";"4. Efeito Substituição (Retração Local)"
"3305554";"SEROPEDICA";"RJ";"Médio Porte";"31,272458749982678938";"41,12507140798289385";"2. Constantes (Sustentabilidade)"
"3305604";"SILVA JARDIM";"RJ";"Pequeno Porte II";"6,945125109925600171";"15,50003263130491504";"1. Despertados (Efeito Indutor)"
"3305703";"SUMIDOURO";"RJ";"Pequeno Porte I";"0,082177938442302700";"4,09462323496543235";"2. Constantes (Sustentabilidade)"
"3305752";"TANGUA";"RJ";"Pequeno Porte II";"14,390132141260686183";"20,49147287404451134";"2. Constantes (Sustentabilidade)"
"3305802";"TERESOPOLIS";"RJ";"Grande Porte";"24,008161154606096233";"14,81017584526094488";"2. Constantes (Sustentabilidade)"
"3305901";"TRAJANO DE MORAES";"RJ";"Pequeno Porte I";"58,741959874024146870";"63,18218263140819602";"2. Constantes (Sustentabilidade)"
"3306008";"TRES RIOS";"RJ";"Médio Porte";"24,000658169559958566";"2,71422669951241913";"4. Efeito Substituição (Retração Local)"
"3306107";"VALENCA";"RJ";"Médio Porte";"14,650384801749202879";"0,00000000000000000";"4. Efeito Substituição (Retração Local)"
"3306156";"VARRE-SAI";"RJ";"Pequeno Porte I";"17,919903017735620665";"16,96985343078182140";"2. Constantes (Sustentabilidade)"
"3306206";"VASSOURAS";"RJ";"Pequeno Porte II";"66,073893750677186176";"123,87749488262323894";"1. Despertados (Efeito Indutor)"
"3306305";"VOLTA REDONDA";"RJ";"Grande Porte";"0,000000000000000000";"11,36117365781063882";"1. Despertados (Efeito Indutor)"
"3500105";"ADAMANTINA";"SP";"Pequeno Porte II";"53,331896746314484403";"72,39502550777891088";"1. Despertados (Efeito Indutor)"
"3500204";"ADOLFO";"SP";"Pequeno Porte I";"9,471773662719044751";"17,79723376696044568";"1. Despertados (Efeito Indutor)"
"3500303";"AGUAI";"SP";"Pequeno Porte II";"38,342108953629036705";"76,41792980319277717";"1. Despertados (Efeito Indutor)"
"3500402";"AGUAS DA PRATA";"SP";"Pequeno Porte I";"3,553734758711911024";"9,03421981187111101";"2. Constantes (Sustentabilidade)"
"3500501";"AGUAS DE LINDOIA";"SP";"Pequeno Porte I";"5,976961865719879086";"12,48883575933004408";"1. Despertados (Efeito Indutor)"
"3500550";"AGUAS DE SANTA BARBARA";"SP";"Pequeno Porte I";"5,400366922899086930";"5,18857293088747529";"2. Constantes (Sustentabilidade)"
"3500600";"AGUAS DE SAO PEDRO";"SP";"Pequeno Porte I";"0,000000000000000000";"26,77499118732327332";"1. Despertados (Efeito Indutor)"
"3500709";"AGUDOS";"SP";"Pequeno Porte II";"25,770920221020492846";"37,54968213611363126";"1. Despertados (Efeito Indutor)"
"3500808";"ALFREDO MARCONDES";"SP";"Pequeno Porte I";"0,000000000000000000";"8,66429265262992132";"1. Despertados (Efeito Indutor)"
"3500907";"ALTAIR";"SP";"Pequeno Porte I";"36,379722064153391159";"35,55075770262133261";"2. Constantes (Sustentabilidade)"
"3501004";"ALTINOPOLIS";"SP";"Pequeno Porte I";"4,127795435312048511";"0,00000000000000000";"2. Constantes (Sustentabilidade)"
"3501103";"ALTO ALEGRE";"SP";"Pequeno Porte I";"15,384262571339599290";"44,05283734967014198";"1. Despertados (Efeito Indutor)"
"3501152";"ALUMINIO";"SP";"Pequeno Porte I";"86,458166253973544713";"108,93927962932977493";"1. Despertados (Efeito Indutor)"
"3501202";"ALVARES FLORENCE";"SP";"Pequeno Porte I";"0,258759155402603080";"29,62853959734965770";"1. Despertados (Efeito Indutor)"
"3501301";"ALVARES MACHADO";"SP";"Pequeno Porte II";"12,892906481824113030";"15,59765182569799968";"2. Constantes (Sustentabilidade)"
"3501509";"ALVINLANDIA";"SP";"Pequeno Porte I";"0,000000000000000000";"37,89354665972355463";"1. Despertados (Efeito Indutor)"
"3501608";"AMERICANA";"SP";"Grande Porte";"62,679589191638442003";"44,50642315536954641";"4. Efeito Substituição (Retração Local)"
"3501707";"AMERICO BRASILIENSE";"SP";"Pequeno Porte II";"17,477134952820172487";"19,60536469546294569";"2. Constantes (Sustentabilidade)"
"3501806";"AMERICO DE CAMPOS";"SP";"Pequeno Porte I";"127,339897557648328075";"95,96663152007904785";"4. Efeito Substituição (Retração Local)"
"3502002";"ANALANDIA";"SP";"Pequeno Porte I";"1,318313199585615658";"49,54127482584061681";"1. Despertados (Efeito Indutor)"
"3502101";"ANDRADINA";"SP";"Médio Porte";"16,005309651225971379";"25,09157267757311871";"1. Despertados (Efeito Indutor)"
"3502309";"ANHEMBI";"SP";"Pequeno Porte I";"14,344855507905915459";"21,98577703379110559";"2. Constantes (Sustentabilidade)"
"3502507";"APARECIDA";"SP";"Pequeno Porte II";"20,534426037414455379";"38,44629036811338807";"1. Despertados (Efeito Indutor)"
"3502606";"APARECIDA D'OESTE";"SP";"Pequeno Porte I";"23,756288986146241626";"149,10644349724839230";"1. Despertados (Efeito Indutor)"
"3502705";"APIAI";"SP";"Pequeno Porte II";"40,217844628973438148";"59,03494608925027620";"1. Despertados (Efeito Indutor)"
"3502754";"ARACARIGUAMA";"SP";"Pequeno Porte II";"46,728160436423472390";"114,11445676346531286";"1. Despertados (Efeito Indutor)"
"3502804";"ARACATUBA";"SP";"Grande Porte";"29,429350621305491842";"59,70741780388122777";"1. Despertados (Efeito Indutor)"
"3502903";"ARACOIABA DA SERRA";"SP";"Pequeno Porte II";"57,823666935981094639";"100,41333732084683561";"1. Despertados (Efeito Indutor)"
"3503000";"ARAMINA";"SP";"Pequeno Porte I";"38,861162323511642569";"156,59184073362916934";"1. Despertados (Efeito Indutor)"
"3503109";"ARANDU";"SP";"Pequeno Porte I";"40,975468337535936314";"106,76177754617205551";"1. Despertados (Efeito Indutor)"
"3503208";"ARARAQUARA";"SP";"Grande Porte";"44,468114770730103658";"62,30712110587431596";"1. Despertados (Efeito Indutor)"
"3503307";"ARARAS";"SP";"Grande Porte";"24,890390436837225963";"23,10010574447789011";"2. Constantes (Sustentabilidade)"
"3503406";"AREALVA";"SP";"Pequeno Porte I";"26,657575352017268244";"12,29819204450614833";"4. Efeito Substituição (Retração Local)"
"3503505";"AREIAS";"SP";"Pequeno Porte I";"46,989018437546896223";"130,19119280644702030";"1. Despertados (Efeito Indutor)"
"3503604";"AREIOPOLIS";"SP";"Pequeno Porte I";"17,546933763669358086";"8,13222731124690945";"4. Efeito Substituição (Retração Local)"
"3503802";"ARTUR NOGUEIRA";"SP";"Médio Porte";"59,988314836879588654";"140,27021395846821861";"1. Despertados (Efeito Indutor)"
"3503901";"ARUJA";"SP";"Médio Porte";"14,436880739355219205";"18,32558337555898120";"2. Constantes (Sustentabilidade)"
"3503950";"ASPASIA";"SP";"Pequeno Porte I";"1,773117669244972161";"19,21260330934355665";"1. Despertados (Efeito Indutor)"
"3504008";"ASSIS";"SP";"Grande Porte";"39,589574884193680759";"64,72877108485445774";"1. Despertados (Efeito Indutor)"
"3504107";"ATIBAIA";"SP";"Grande Porte";"71,923141565785940088";"77,46625476316094705";"2. Constantes (Sustentabilidade)"
"3504206";"AURIFLAMA";"SP";"Pequeno Porte I";"3,150545630694719712";"180,30614812384709467";"1. Despertados (Efeito Indutor)"
"3504305";"AVAI";"SP";"Pequeno Porte I";"21,162920212139365361";"56,11807844579402627";"1. Despertados (Efeito Indutor)"
"3504404";"AVANHANDAVA";"SP";"Pequeno Porte I";"196,675197307659516355";"59,23949107108311551";"4. Efeito Substituição (Retração Local)"
"3504503";"AVARE";"SP";"Médio Porte";"27,156723546070107744";"75,41357869928808100";"1. Despertados (Efeito Indutor)"
"3504602";"BADY BASSITT";"SP";"Pequeno Porte II";"15,324058024611842299";"24,64698087434175022";"1. Despertados (Efeito Indutor)"
"3504701";"BALBINOS";"SP";"Pequeno Porte I";"34,853453933769664275";"44,27853477701476947";"2. Constantes (Sustentabilidade)"
"3504800";"BALSAMO";"SP";"Pequeno Porte I";"20,541433861707535158";"93,31828058187392116";"1. Despertados (Efeito Indutor)"
"3505104";"BARBOSA";"SP";"Pequeno Porte I";"7,313061247005232524";"7,78506513844219850";"2. Constantes (Sustentabilidade)"
"3505203";"BARIRI";"SP";"Pequeno Porte II";"24,533785344253541183";"68,78918241061373351";"1. Despertados (Efeito Indutor)"
"3505302";"BARRA BONITA";"SP";"Pequeno Porte II";"38,501887769721626853";"66,43765866284883259";"1. Despertados (Efeito Indutor)"
"3505351";"BARRA DO CHAPEU";"SP";"Pequeno Porte I";"16,408056115816336273";"87,15191664812167005";"1. Despertados (Efeito Indutor)"
"3505401";"BARRA DO TURVO";"SP";"Pequeno Porte I";"12,295308818694890007";"187,32492748664401461";"1. Despertados (Efeito Indutor)"
"3505500";"BARRETOS";"SP";"Grande Porte";"56,023444465639336443";"71,49162190423206198";"2. Constantes (Sustentabilidade)"
"3505609";"BARRINHA";"SP";"Pequeno Porte II";"2,348891660125647096";"9,73141354775472678";"1. Despertados (Efeito Indutor)"
"3505807";"BASTOS";"SP";"Pequeno Porte II";"23,533030992768068757";"61,64312223578227190";"1. Despertados (Efeito Indutor)"
"3505906";"BATATAIS";"SP";"Médio Porte";"35,854342650674588810";"81,84410136853929885";"1. Despertados (Efeito Indutor)"
"3506003";"BAURU";"SP";"Grande Porte";"46,997935444692807039";"67,00335667139898987";"1. Despertados (Efeito Indutor)"
"3506102";"BEBEDOURO";"SP";"Médio Porte";"18,230911226888999010";"16,75638698425817452";"2. Constantes (Sustentabilidade)"
"3506201";"BENTO DE ABREU";"SP";"Pequeno Porte I";"11,053931978272849790";"10,80860111515027810";"2. Constantes (Sustentabilidade)"
"3506300";"BERNARDINO DE CAMPOS";"SP";"Pequeno Porte I";"33,827531657144021437";"68,47201435739373210";"1. Despertados (Efeito Indutor)"
"3506359";"BERTIOGA";"SP";"Médio Porte";"34,769250369397759926";"59,19740433152230707";"1. Despertados (Efeito Indutor)"
"3506409";"BILAC";"SP";"Pequeno Porte I";"6,721567060989982245";"10,83048056486525468";"2. Constantes (Sustentabilidade)"
"3506508";"BIRIGUI";"SP";"Grande Porte";"72,661063939123962996";"27,58897514857453359";"4. Efeito Substituição (Retração Local)"
"3506607";"BIRITIBA MIRIM";"SP";"Pequeno Porte II";"20,946757666701337541";"59,12385874439904399";"1. Despertados (Efeito Indutor)"
"3506805";"BOCAINA";"SP";"Pequeno Porte I";"71,879523414586799390";"127,81456447085051309";"1. Despertados (Efeito Indutor)"
"3506904";"BOFETE";"SP";"Pequeno Porte I";"18,265174825467607178";"143,35870579034008188";"1. Despertados (Efeito Indutor)"
"3507001";"BOITUVA";"SP";"Médio Porte";"51,263656033875456330";"79,19835893021797801";"1. Despertados (Efeito Indutor)"
"3507100";"BOM JESUS DOS PERDOES";"SP";"Pequeno Porte II";"64,778876380690604719";"129,56179834391005556";"1. Despertados (Efeito Indutor)"
"3507159";"BOM SUCESSO DE ITARARE";"SP";"Pequeno Porte I";"33,196305661173269641";"134,28236896096262853";"1. Despertados (Efeito Indutor)"
"3507209";"BORA";"SP";"Pequeno Porte I";"0,000000000000000000";"28,28585034261252673";"1. Despertados (Efeito Indutor)"
"3507407";"BORBOREMA";"SP";"Pequeno Porte I";"25,204978501366355204";"93,45189346264069741";"1. Despertados (Efeito Indutor)"
"3507506";"BOTUCATU";"SP";"Grande Porte";"38,047181418567411981";"47,26902177914194425";"2. Constantes (Sustentabilidade)"
"3507605";"BRAGANCA PAULISTA";"SP";"Grande Porte";"79,756948302762793901";"122,16921927765199030";"1. Despertados (Efeito Indutor)"
"3507803";"BRODOWSKI";"SP";"Pequeno Porte II";"29,944506347116561784";"29,79984424424724310";"2. Constantes (Sustentabilidade)"
"3507902";"BROTAS";"SP";"Pequeno Porte II";"59,986509122025076124";"103,01846175500696745";"1. Despertados (Efeito Indutor)"
"3508009";"BURI";"SP";"Pequeno Porte II";"50,638750715004185565";"79,80136261207761095";"1. Despertados (Efeito Indutor)"
"3508306";"CABRALIA PAULISTA";"SP";"Pequeno Porte I";"21,108530429021588048";"52,29175953684185174";"1. Despertados (Efeito Indutor)"
"3508405";"CABREUVA";"SP";"Pequeno Porte II";"51,586161781617029476";"133,37334059791399454";"1. Despertados (Efeito Indutor)"
"3508504";"CACAPAVA";"SP";"Médio Porte";"29,517994936292826225";"93,41919756885886272";"1. Despertados (Efeito Indutor)"
"3508603";"CACHOEIRA PAULISTA";"SP";"Pequeno Porte II";"30,002362108918624983";"46,68381212017496296";"1. Despertados (Efeito Indutor)"
"3508702";"CACONDE";"SP";"Pequeno Porte I";"20,549306934886459430";"19,47839231657449943";"2. Constantes (Sustentabilidade)"
"3508801";"CAFELANDIA";"SP";"Pequeno Porte I";"45,815058542252430129";"164,16652946408532898";"1. Despertados (Efeito Indutor)"
"3509007";"CAIEIRAS";"SP";"Médio Porte";"61,810272015434669868";"14,94917204215387052";"4. Efeito Substituição (Retração Local)"
"3509106";"CAIUA";"SP";"Pequeno Porte I";"57,688002172488694441";"9,16909962838445480";"4. Efeito Substituição (Retração Local)"
"3509205";"CAJAMAR";"SP";"Médio Porte";"8,691300791909272405";"5,79110178390702846";"2. Constantes (Sustentabilidade)"
"3509304";"CAJOBI";"SP";"Pequeno Porte I";"8,853264194738562409";"0,00000000000000000";"4. Efeito Substituição (Retração Local)"
"3509403";"CAJURU";"SP";"Pequeno Porte II";"28,856646350481142349";"105,52027238582121527";"1. Despertados (Efeito Indutor)"
"3509452";"CAMPINA DO MONTE ALEGRE";"SP";"Pequeno Porte I";"12,215275126633027725";"24,65887618093081102";"1. Despertados (Efeito Indutor)"
"3509502";"CAMPINAS";"SP";"Metrópole";"57,965597916648540888";"75,45740453515784907";"1. Despertados (Efeito Indutor)"
"3509601";"CAMPO LIMPO PAULISTA";"SP";"Médio Porte";"16,596700313933457238";"76,88955287231713953";"1. Despertados (Efeito Indutor)"
"3509700";"CAMPOS DO JORDAO";"SP";"Pequeno Porte II";"44,637690493230195443";"51,29772652172604808";"2. Constantes (Sustentabilidade)"
"3509908";"CANANEIA";"SP";"Pequeno Porte I";"58,654013955370722044";"124,80557512343716553";"1. Despertados (Efeito Indutor)"
"3509957";"CANAS";"SP";"Pequeno Porte I";"99,652485936783662623";"187,32527872969728833";"1. Despertados (Efeito Indutor)"
"3510005";"CANDIDO MOTA";"SP";"Pequeno Porte II";"23,755304733280066642";"86,89639193208711276";"1. Despertados (Efeito Indutor)"
"3510153";"CANITAR";"SP";"Pequeno Porte I";"29,999582646008221332";"144,50700884784740197";"1. Despertados (Efeito Indutor)"
"3510203";"CAPAO BONITO";"SP";"Pequeno Porte II";"21,166509089292915746";"51,90613043415420691";"1. Despertados (Efeito Indutor)"
"3510302";"CAPELA DO ALTO";"SP";"Pequeno Porte II";"37,359308087489715433";"76,21719330814312343";"1. Despertados (Efeito Indutor)"
"3510401";"CAPIVARI";"SP";"Médio Porte";"0,000000000000000000";"63,18151630565289878";"1. Despertados (Efeito Indutor)"
"3510500";"CARAGUATATUBA";"SP";"Grande Porte";"0,000000000000000000";"110,20201543988454773";"1. Despertados (Efeito Indutor)"
"3510609";"CARAPICUIBA";"SP";"Grande Porte";"0,000000000000000000";"5,97303381542469491";"1. Despertados (Efeito Indutor)"
"3510708";"CARDOSO";"SP";"Pequeno Porte I";"79,695679518803103747";"42,45440048425654567";"4. Efeito Substituição (Retração Local)"
"3510807";"CASA BRANCA";"SP";"Pequeno Porte II";"0,000000000000000000";"45,74080906245943368";"1. Despertados (Efeito Indutor)"
"3511003";"CASTILHO";"SP";"Pequeno Porte I";"36,443116437337813807";"40,75438729302233298";"2. Constantes (Sustentabilidade)"
"3511102";"CATANDUVA";"SP";"Grande Porte";"13,132374653265094011";"26,06366192602028065";"1. Despertados (Efeito Indutor)"
"3511201";"CATIGUA";"SP";"Pequeno Porte I";"5,128602837521772706";"61,67524316795390149";"1. Despertados (Efeito Indutor)"
"3511300";"CEDRAL";"SP";"Pequeno Porte I";"43,184491073663188843";"122,21390952725428747";"1. Despertados (Efeito Indutor)"
"3511508";"CERQUILHO";"SP";"Pequeno Porte II";"83,201960529395179833";"27,34568030585373677";"4. Efeito Substituição (Retração Local)"
"3511607";"CESARIO LANGE";"SP";"Pequeno Porte I";"39,266467724184678900";"53,66023014478710706";"1. Despertados (Efeito Indutor)"
"3511706";"CHARQUEADA";"SP";"Pequeno Porte I";"8,363948509964698630";"66,05494286215972011";"1. Despertados (Efeito Indutor)"
"3511904";"CLEMENTINA";"SP";"Pequeno Porte I";"23,877383998537180076";"50,41278052825727229";"1. Despertados (Efeito Indutor)"
"3512001";"COLINA";"SP";"Pequeno Porte I";"169,385726841178410496";"88,84704924168914886";"4. Efeito Substituição (Retração Local)"
"3512209";"CONCHAL";"SP";"Pequeno Porte II";"17,829439803715061430";"46,61291109430686674";"1. Despertados (Efeito Indutor)"
"3512308";"CONCHAS";"SP";"Pequeno Porte I";"26,906134835044067444";"43,96721391810992685";"1. Despertados (Efeito Indutor)"
"3512506";"COROADOS";"SP";"Pequeno Porte I";"31,265153028026261950";"36,97429885699850161";"2. Constantes (Sustentabilidade)"
"3512704";"CORUMBATAI";"SP";"Pequeno Porte I";"17,677729175646710758";"37,78914635916218856";"1. Despertados (Efeito Indutor)"
"3512803";"COSMOPOLIS";"SP";"Médio Porte";"27,502052252296326884";"37,65756716855452169";"2. Constantes (Sustentabilidade)"
"3512902";"COSMORAMA";"SP";"Pequeno Porte I";"28,377946384374229893";"84,89201255156550019";"1. Despertados (Efeito Indutor)"
"3513009";"COTIA";"SP";"Grande Porte";"10,496618445502869932";"63,30862521653970987";"1. Despertados (Efeito Indutor)"
"3513108";"CRAVINHOS";"SP";"Pequeno Porte II";"90,843470234845824507";"158,69288442540653250";"1. Despertados (Efeito Indutor)"
"3513207";"CRISTAIS PAULISTA";"SP";"Pequeno Porte I";"25,570437522689982046";"52,51718308011355418";"1. Despertados (Efeito Indutor)"
"3513405";"CRUZEIRO";"SP";"Médio Porte";"13,708334625789575512";"53,78518888469163528";"1. Despertados (Efeito Indutor)"
"3513504";"CUBATAO";"SP";"Grande Porte";"72,107149635635124696";"192,92463848462341502";"1. Despertados (Efeito Indutor)"
"3513603";"CUNHA";"SP";"Pequeno Porte II";"1,375894585205394094";"13,31130856070464041";"1. Despertados (Efeito Indutor)"
"3513702";"DESCALVADO";"SP";"Pequeno Porte II";"55,812012289330716897";"110,64477443141880997";"1. Despertados (Efeito Indutor)"
"3513801";"DIADEMA";"SP";"Grande Porte";"39,278641672393575845";"59,37955957535891116";"1. Despertados (Efeito Indutor)"
"3513850";"DIRCE REIS";"SP";"Pequeno Porte I";"39,711332618384837190";"11,23741869898400303";"4. Efeito Substituição (Retração Local)"
"3513900";"DIVINOLANDIA";"SP";"Pequeno Porte I";"1,510379352811014320";"61,48983994737661618";"1. Despertados (Efeito Indutor)"
"3514007";"DOBRADA";"SP";"Pequeno Porte I";"19,180142580091462889";"99,00594098815423649";"1. Despertados (Efeito Indutor)"
"3514205";"DOLCINOPOLIS";"SP";"Pequeno Porte I";"1,167512193584413938";"0,56637970095151791";"2. Constantes (Sustentabilidade)"
"3514304";"DOURADO";"SP";"Pequeno Porte I";"66,924521118972393197";"104,22584936491534791";"1. Despertados (Efeito Indutor)"
"3514403";"DRACENA";"SP";"Pequeno Porte II";"15,374796232670655982";"80,01391541715793210";"1. Despertados (Efeito Indutor)"
"3514502";"DUARTINA";"SP";"Pequeno Porte I";"19,139893017944849873";"19,46389023392696771";"2. Constantes (Sustentabilidade)"
"3514601";"DUMONT";"SP";"Pequeno Porte I";"52,576428081824744254";"104,14577139943997963";"1. Despertados (Efeito Indutor)"
"3514700";"ECHAPORA";"SP";"Pequeno Porte I";"41,327989490822304219";"172,36743691448705817";"1. Despertados (Efeito Indutor)"
"3514809";"ELDORADO";"SP";"Pequeno Porte I";"21,271570745186380691";"35,82105564823829980";"1. Despertados (Efeito Indutor)"
"3514908";"ELIAS FAUSTO";"SP";"Pequeno Porte I";"29,153165542634688734";"60,07520437301914029";"1. Despertados (Efeito Indutor)"
"3515004";"EMBU DAS ARTES";"SP";"Grande Porte";"25,688842218870565404";"34,37249419542514772";"2. Constantes (Sustentabilidade)"
"3515103";"EMBU-GUACU";"SP";"Médio Porte";"16,633675267542276544";"25,19106327637953413";"1. Despertados (Efeito Indutor)"
"3515129";"EMILIANOPOLIS";"SP";"Pequeno Porte I";"34,393943180217711131";"51,71241818333937346";"1. Despertados (Efeito Indutor)"
"3515152";"ENGENHEIRO COELHO";"SP";"Pequeno Porte I";"15,185065320395947808";"63,12864527343056409";"1. Despertados (Efeito Indutor)"
"3515186";"ESPIRITO SANTO DO PINHAL";"SP";"Pequeno Porte II";"55,966255342390461180";"53,71840076861118973";"2. Constantes (Sustentabilidade)"
"3515301";"ESTRELA DO NORTE";"SP";"Pequeno Porte I";"0,000000000000000000";"23,54846266943146915";"1. Despertados (Efeito Indutor)"
"3515350";"EUCLIDES DA CUNHA PAULISTA";"SP";"Pequeno Porte I";"0,000000000000000000";"10,82089785662369508";"1. Despertados (Efeito Indutor)"
"3515400";"FARTURA";"SP";"Pequeno Porte I";"30,985190970586184989";"66,35799562553006581";"1. Despertados (Efeito Indutor)"
"3515509";"FERNANDOPOLIS";"SP";"Médio Porte";"29,326461612304001392";"14,94341492868541010";"4. Efeito Substituição (Retração Local)"
"3515608";"FERNANDO PRESTES";"SP";"Pequeno Porte I";"13,372090029257245547";"130,72612980267049920";"1. Despertados (Efeito Indutor)"
"3515707";"FERRAZ DE VASCONCELOS";"SP";"Grande Porte";"13,022932468057096145";"42,33027421298980641";"1. Despertados (Efeito Indutor)"
"3515806";"FLORA RICA";"SP";"Pequeno Porte I";"5,546357016370661697";"88,22208437362269251";"1. Despertados (Efeito Indutor)"
"3516002";"FLORIDA PAULISTA";"SP";"Pequeno Porte I";"31,998819646008730189";"95,98918557401700014";"1. Despertados (Efeito Indutor)"
"3516200";"FRANCA";"SP";"Grande Porte";"40,090774343485257702";"31,35568414687538308";"2. Constantes (Sustentabilidade)"
"3516309";"FRANCISCO MORATO";"SP";"Grande Porte";"19,127608388142341767";"30,64420113141554936";"1. Despertados (Efeito Indutor)"
"3516408";"FRANCO DA ROCHA";"SP";"Grande Porte";"50,689694999791129248";"50,00798197007914325";"2. Constantes (Sustentabilidade)"
"3516507";"GABRIEL MONTEIRO";"SP";"Pequeno Porte I";"2,421787208616241749";"0,00000000000000000";"2. Constantes (Sustentabilidade)"
"3516606";"GALIA";"SP";"Pequeno Porte I";"36,902374244709065465";"117,86094723216851321";"1. Despertados (Efeito Indutor)"
"3516705";"GARCA";"SP";"Pequeno Porte II";"54,837626144757763313";"45,73494602593937941";"2. Constantes (Sustentabilidade)"
"3516903";"GENERAL SALGADO";"SP";"Pequeno Porte I";"53,618029138923304799";"162,09226269188289393";"1. Despertados (Efeito Indutor)"
"3517000";"GETULINA";"SP";"Pequeno Porte I";"21,921073454175598272";"124,76950949214794662";"1. Despertados (Efeito Indutor)"
"3517208";"GUAICARA";"SP";"Pequeno Porte I";"27,124814365898039625";"26,22415159251033856";"2. Constantes (Sustentabilidade)"
"3517307";"GUAIMBE";"SP";"Pequeno Porte I";"70,674993102037802828";"193,63315274226118845";"1. Despertados (Efeito Indutor)"
"3517406";"GUAIRA";"SP";"Pequeno Porte II";"31,010895337606203981";"83,93942235530977314";"1. Despertados (Efeito Indutor)"
"3517505";"GUAPIACU";"SP";"Pequeno Porte II";"28,163998646759747402";"23,98586762499467184";"2. Constantes (Sustentabilidade)"
"3517604";"GUAPIARA";"SP";"Pequeno Porte I";"0,568639414129884280";"79,50592467534416130";"1. Despertados (Efeito Indutor)"
"3517703";"GUARA";"SP";"Pequeno Porte I";"15,493291086773192333";"18,82307272624323247";"2. Constantes (Sustentabilidade)"
"3517802";"GUARACAI";"SP";"Pequeno Porte I";"5,830707392837438441";"122,07360609059540479";"1. Despertados (Efeito Indutor)"
"3517901";"GUARACI";"SP";"Pequeno Porte I";"0,000000000000000000";"6,11006956521739131";"1. Despertados (Efeito Indutor)"
"3518206";"GUARARAPES";"SP";"Pequeno Porte II";"36,296566002545361584";"102,41223978040459031";"1. Despertados (Efeito Indutor)"
"3518404";"GUARATINGUETA";"SP";"Grande Porte";"27,907824396607399109";"30,00750932749013344";"2. Constantes (Sustentabilidade)"
"3518503";"GUAREI";"SP";"Pequeno Porte I";"6,217546667969290120";"36,32598040075891532";"1. Despertados (Efeito Indutor)"
"3518602";"GUARIBA";"SP";"Pequeno Porte II";"39,940730658117217899";"66,89362652035092083";"1. Despertados (Efeito Indutor)"
"3518701";"GUARUJA";"SP";"Grande Porte";"35,856715385498489468";"47,02969216879493786";"2. Constantes (Sustentabilidade)"
"3518800";"GUARULHOS";"SP";"Metrópole";"26,208773056737737051";"1,31782259394273438";"4. Efeito Substituição (Retração Local)"
"3518859";"GUATAPARA";"SP";"Pequeno Porte I";"50,907687946082852193";"43,41172561640541971";"2. Constantes (Sustentabilidade)"
"3518909";"GUZOLANDIA";"SP";"Pequeno Porte I";"0,610513787808870889";"76,68968050195289266";"1. Despertados (Efeito Indutor)"
"3519006";"HERCULANDIA";"SP";"Pequeno Porte I";"1,427148522572590839";"45,86564002694743181";"1. Despertados (Efeito Indutor)"
"3519071";"HORTOLANDIA";"SP";"Grande Porte";"42,350238553659337981";"85,36817733595761126";"1. Despertados (Efeito Indutor)"
"3519253";"IARAS";"SP";"Pequeno Porte I";"0,445165527255867721";"64,53907743851016221";"1. Despertados (Efeito Indutor)"
"3519303";"IBATE";"SP";"Pequeno Porte II";"25,280338550708808754";"88,41754039102815454";"1. Despertados (Efeito Indutor)"
"3519402";"IBIRA";"SP";"Pequeno Porte I";"47,347633800377458613";"91,96651152396154316";"1. Despertados (Efeito Indutor)"
"3519600";"IBITINGA";"SP";"Médio Porte";"25,305622825663505182";"43,79690583108226321";"1. Despertados (Efeito Indutor)"
"3519709";"IBIUNA";"SP";"Médio Porte";"12,586041980317084210";"25,79186816106025049";"1. Despertados (Efeito Indutor)"
"3520004";"IGARACU DO TIETE";"SP";"Pequeno Porte II";"5,600151906893350962";"9,65561190517211010";"2. Constantes (Sustentabilidade)"
"3520103";"IGARAPAVA";"SP";"Pequeno Porte II";"30,692275337916210987";"63,03464568360318765";"1. Despertados (Efeito Indutor)"
"3520202";"IGARATA";"SP";"Pequeno Porte I";"99,236868734918786572";"82,80182899135530761";"2. Constantes (Sustentabilidade)"
"3520426";"ILHA COMPRIDA";"SP";"Pequeno Porte I";"87,066344223396285429";"24,24099038466071221";"4. Efeito Substituição (Retração Local)"
"3520442";"ILHA SOLTEIRA";"SP";"Pequeno Porte II";"53,860150523861470617";"46,44665007973007675";"2. Constantes (Sustentabilidade)"
"3520509";"INDAIATUBA";"SP";"Grande Porte";"57,820454418309459754";"120,16575088599762466";"1. Despertados (Efeito Indutor)"
"3520608";"INDIANA";"SP";"Pequeno Porte I";"0,000000000000000000";"100,04651689635593925";"1. Despertados (Efeito Indutor)"
"3520905";"IPAUSSU";"SP";"Pequeno Porte I";"29,158903361977994706";"49,17578797452925699";"1. Despertados (Efeito Indutor)"
"3521002";"IPERO";"SP";"Pequeno Porte II";"29,389496634956230992";"147,92892160980474614";"1. Despertados (Efeito Indutor)"
"3521101";"IPEUNA";"SP";"Pequeno Porte I";"32,196706092984570091";"154,63279691010092165";"1. Despertados (Efeito Indutor)"
"3521309";"IPUA";"SP";"Pequeno Porte I";"12,573635519392675874";"189,04949134563685220";"1. Despertados (Efeito Indutor)"
"3521408";"IRACEMAPOLIS";"SP";"Pequeno Porte II";"27,598539430239796388";"61,95782704892846482";"1. Despertados (Efeito Indutor)"
"3521705";"ITABERA";"SP";"Pequeno Porte I";"20,875188491381898359";"72,66828650700793446";"1. Despertados (Efeito Indutor)"
"3521804";"ITAI";"SP";"Pequeno Porte II";"16,000280696126406355";"125,52371181826600832";"1. Despertados (Efeito Indutor)"
"3521903";"ITAJOBI";"SP";"Pequeno Porte I";"0,007604613456873417";"0,25410938331979915";"2. Constantes (Sustentabilidade)"
"3522000";"ITAJU";"SP";"Pequeno Porte I";"25,437676908909185869";"53,92663144976974365";"1. Despertados (Efeito Indutor)"
"3522109";"ITANHAEM";"SP";"Grande Porte";"23,167095348934381605";"23,33529158421365679";"2. Constantes (Sustentabilidade)"
"3522158";"ITAOCA";"SP";"Pequeno Porte I";"27,332050063768235759";"79,60285958118238625";"1. Despertados (Efeito Indutor)"
"3522208";"ITAPECERICA DA SERRA";"SP";"Grande Porte";"35,543576097917437551";"47,85998848985416032";"1. Despertados (Efeito Indutor)"
"3522307";"ITAPETININGA";"SP";"Grande Porte";"31,585827375690417540";"32,85379134563668657";"2. Constantes (Sustentabilidade)"
"3522406";"ITAPEVA";"SP";"Médio Porte";"23,460483167278781025";"48,64950050172346607";"1. Despertados (Efeito Indutor)"
"3522505";"ITAPEVI";"SP";"Grande Porte";"35,278257880981342964";"61,37734712386915703";"1. Despertados (Efeito Indutor)"
"3522604";"ITAPIRA";"SP";"Médio Porte";"33,372075796689578908";"47,02045462581352098";"1. Despertados (Efeito Indutor)"
"3522653";"ITAPIRAPUA PAULISTA";"SP";"Pequeno Porte I";"0,000000000000000000";"44,00487002551398774";"1. Despertados (Efeito Indutor)"
"3522703";"ITAPOLIS";"SP";"Pequeno Porte II";"54,107221206986594098";"63,40670719433475711";"2. Constantes (Sustentabilidade)"
"3522802";"ITAPORANGA";"SP";"Pequeno Porte I";"52,415788126297705674";"121,65751679972942156";"1. Despertados (Efeito Indutor)"
"3522901";"ITAPUI";"SP";"Pequeno Porte I";"84,020116137475440610";"75,52795198702443713";"2. Constantes (Sustentabilidade)"
"3523107";"ITAQUAQUECETUBA";"SP";"Grande Porte";"16,710636506318291339";"29,36850546749433022";"1. Despertados (Efeito Indutor)"
"3523206";"ITARARE";"SP";"Pequeno Porte II";"21,065434162764411496";"29,31937919701051953";"2. Constantes (Sustentabilidade)"
"3523305";"ITARIRI";"SP";"Pequeno Porte I";"18,343461967763662557";"13,73440645506337709";"2. Constantes (Sustentabilidade)"
"3523404";"ITATIBA";"SP";"Grande Porte";"0,000000000000000000";"75,32344163883672650";"1. Despertados (Efeito Indutor)"
"3523503";"ITATINGA";"SP";"Pequeno Porte I";"7,312053856192692436";"40,27767200268066006";"1. Despertados (Efeito Indutor)"
"3523602";"ITIRAPINA";"SP";"Pequeno Porte I";"2,292728069853709805";"17,43881627099194986";"1. Despertados (Efeito Indutor)"
"3523701";"ITIRAPUA";"SP";"Pequeno Porte I";"5,390621373465273258";"94,74515261402390820";"1. Despertados (Efeito Indutor)"
"3523800";"ITOBI";"SP";"Pequeno Porte I";"8,388133941618866274";"99,71438247662166532";"1. Despertados (Efeito Indutor)"
"3523909";"ITU";"SP";"Grande Porte";"23,978553334427829213";"28,70074178361216610";"2. Constantes (Sustentabilidade)"
"3524006";"ITUPEVA";"SP";"Médio Porte";"18,330656984650996577";"63,19283034499780172";"1. Despertados (Efeito Indutor)"
"3524105";"ITUVERAVA";"SP";"Pequeno Porte II";"68,830403591628396498";"65,27659440103160193";"2. Constantes (Sustentabilidade)"
"3524303";"JABOTICABAL";"SP";"Médio Porte";"68,791115075050697669";"81,32508528178598795";"2. Constantes (Sustentabilidade)"
"3524402";"JACAREI";"SP";"Grande Porte";"33,152555173070112460";"36,34215811411059605";"2. Constantes (Sustentabilidade)"
"3524501";"JACI";"SP";"Pequeno Porte I";"0,000000000000000000";"1,20463549192171282";"2. Constantes (Sustentabilidade)"
"3524600";"JACUPIRANGA";"SP";"Pequeno Porte I";"58,258376637107843976";"143,14882714785517237";"1. Despertados (Efeito Indutor)"
"3524709";"JAGUARIUNA";"SP";"Médio Porte";"136,556100415240251778";"186,51047741004504132";"1. Despertados (Efeito Indutor)"
"3524808";"JALES";"SP";"Pequeno Porte II";"1,681947762054130768";"21,69163770971223215";"1. Despertados (Efeito Indutor)"
"3525003";"JANDIRA";"SP";"Grande Porte";"32,773015273454724650";"25,31595651424720472";"2. Constantes (Sustentabilidade)"
"3525102";"JARDINOPOLIS";"SP";"Pequeno Porte II";"60,073835372632977680";"75,12802672580306762";"2. Constantes (Sustentabilidade)"
"3525201";"JARINU";"SP";"Pequeno Porte II";"36,401342745878764617";"53,72226170484158558";"1. Despertados (Efeito Indutor)"
"3525300";"JAU";"SP";"Grande Porte";"31,920863289096732984";"55,05760421166182539";"1. Despertados (Efeito Indutor)"
"3525508";"JOANOPOLIS";"SP";"Pequeno Porte I";"10,297547661792055607";"3,66511212337967374";"2. Constantes (Sustentabilidade)"
"3525607";"JOAO RAMALHO";"SP";"Pequeno Porte I";"91,451512310928862348";"68,13179774367004882";"4. Efeito Substituição (Retração Local)"
"3525706";"JOSE BONIFACIO";"SP";"Pequeno Porte II";"19,580852322102686003";"89,09716313146195432";"1. Despertados (Efeito Indutor)"
"3525805";"JULIO MESQUITA";"SP";"Pequeno Porte I";"10,419771438531180152";"13,89179350311143679";"2. Constantes (Sustentabilidade)"
"3525904";"JUNDIAI";"SP";"Grande Porte";"50,329313501793613739";"87,00666728404924299";"1. Despertados (Efeito Indutor)"
"3526001";"JUNQUEIROPOLIS";"SP";"Pequeno Porte II";"21,508951044635445271";"30,11085042383701804";"2. Constantes (Sustentabilidade)"
"3526100";"JUQUIA";"SP";"Pequeno Porte I";"11,773470262546414489";"37,96321235482605516";"1. Despertados (Efeito Indutor)"
"3526209";"JUQUITIBA";"SP";"Pequeno Porte II";"26,194157326112613049";"43,49309921721152250";"1. Despertados (Efeito Indutor)"
"3526407";"LARANJAL PAULISTA";"SP";"Pequeno Porte II";"53,375515634977752200";"111,72893970362652283";"1. Despertados (Efeito Indutor)"
"3526605";"LAVRINHAS";"SP";"Pequeno Porte I";"83,938335520145983537";"46,78981090168927892";"4. Efeito Substituição (Retração Local)"
"3526704";"LEME";"SP";"Médio Porte";"32,628109008741809305";"42,48329161811720667";"2. Constantes (Sustentabilidade)"
"3526803";"LENCOIS PAULISTA";"SP";"Médio Porte";"60,078018718717757451";"131,62341878459565692";"1. Despertados (Efeito Indutor)"
"3526902";"LIMEIRA";"SP";"Grande Porte";"30,804161385671179119";"42,85911589465392524";"1. Despertados (Efeito Indutor)"
"3527009";"LINDOIA";"SP";"Pequeno Porte I";"1,247878988284883972";"10,99207639523127078";"1. Despertados (Efeito Indutor)"
"3527108";"LINS";"SP";"Médio Porte";"34,862227189238787162";"63,28571883494655026";"1. Despertados (Efeito Indutor)"
"3527207";"LORENA";"SP";"Médio Porte";"19,675468984436736974";"61,43297975664404476";"1. Despertados (Efeito Indutor)"
"3527405";"LUCELIA";"SP";"Pequeno Porte II";"37,613945161462446265";"68,86756466972471458";"1. Despertados (Efeito Indutor)"
"3527504";"LUCIANOPOLIS";"SP";"Pequeno Porte I";"20,767058381063847605";"152,78091510793674956";"1. Despertados (Efeito Indutor)"
"3527702";"LUIZIANIA";"SP";"Pequeno Porte I";"0,000000000000000000";"14,78441980165068870";"1. Despertados (Efeito Indutor)"
"3527900";"LUTECIA";"SP";"Pequeno Porte I";"51,606739984267896659";"99,83092545713802224";"1. Despertados (Efeito Indutor)"
"3528007";"MACATUBA";"SP";"Pequeno Porte I";"62,202906704577983987";"154,52635800350978457";"1. Despertados (Efeito Indutor)"
"3528106";"MACAUBAL";"SP";"Pequeno Porte I";"0,172697203607569155";"15,93242066803040835";"1. Despertados (Efeito Indutor)"
"3528205";"MACEDONIA";"SP";"Pequeno Porte I";"0,000000000000000000";"78,25347085541257286";"1. Despertados (Efeito Indutor)"
"3528304";"MAGDA";"SP";"Pequeno Porte I";"2,099694758676143191";"29,95491460892478486";"1. Despertados (Efeito Indutor)"
"3528403";"MAIRINQUE";"SP";"Médio Porte";"18,200069984243562260";"19,40233586755022799";"2. Constantes (Sustentabilidade)"
"3528502";"MAIRIPORA";"SP";"Médio Porte";"25,400676914368659709";"49,07920947627751218";"1. Despertados (Efeito Indutor)"
"3528601";"MANDURI";"SP";"Pequeno Porte I";"23,265302960344538263";"59,82166794374975893";"1. Despertados (Efeito Indutor)"
"3529005";"MARILIA";"SP";"Grande Porte";"32,273649658747544322";"38,14164057526326701";"2. Constantes (Sustentabilidade)"
"3529203";"MARTINOPOLIS";"SP";"Pequeno Porte II";"40,021770989001808516";"30,41800953651567241";"2. Constantes (Sustentabilidade)"
"3529302";"MATAO";"SP";"Médio Porte";"17,342730661973320139";"98,36802566531713410";"1. Despertados (Efeito Indutor)"
"3529401";"MAUA";"SP";"Grande Porte";"12,490855891518714671";"23,43747018134310878";"1. Despertados (Efeito Indutor)"
"3529708";"MIGUELOPOLIS";"SP";"Pequeno Porte I";"23,806304608744497386";"17,67795484992324617";"2. Constantes (Sustentabilidade)"
"3529807";"MINEIROS DO TIETE";"SP";"Pequeno Porte I";"4,452353466662557935";"40,58956988350468720";"1. Despertados (Efeito Indutor)"
"3530102";"MIRANDOPOLIS";"SP";"Pequeno Porte II";"21,840209861372326117";"50,64657478915099631";"1. Despertados (Efeito Indutor)"
"3530201";"MIRANTE DO PARANAPANEMA";"SP";"Pequeno Porte I";"25,110592344173618073";"126,45926822196727812";"1. Despertados (Efeito Indutor)"
"3530300";"MIRASSOL";"SP";"Médio Porte";"14,633604710887055944";"22,76520336076690398";"1. Despertados (Efeito Indutor)"
"3530409";"MIRASSOLANDIA";"SP";"Pequeno Porte I";"3,112268720853943016";"31,03756747974068020";"1. Despertados (Efeito Indutor)"
"3530508";"MOCOCA";"SP";"Médio Porte";"51,348484662244842980";"52,42806502376456024";"2. Constantes (Sustentabilidade)"
"3530607";"MOGI DAS CRUZES";"SP";"Grande Porte";"30,330362752079281563";"31,41605932299123793";"2. Constantes (Sustentabilidade)"
"3530706";"MOGI GUACU";"SP";"Grande Porte";"35,694227010953909485";"39,69385802797546603";"2. Constantes (Sustentabilidade)"
"3530805";"MOGI MIRIM";"SP";"Médio Porte";"40,714569616182778589";"61,72273556908428560";"1. Despertados (Efeito Indutor)"
"3530904";"MOMBUCA";"SP";"Pequeno Porte I";"11,121761275977565475";"87,51250750302818915";"1. Despertados (Efeito Indutor)"
"3531100";"MONGAGUA";"SP";"Médio Porte";"24,774355681000333362";"28,40668130595919649";"2. Constantes (Sustentabilidade)"
"3531209";"MONTE ALEGRE DO SUL";"SP";"Pequeno Porte I";"38,054142906640720412";"60,44796821784277085";"1. Despertados (Efeito Indutor)"
"3531308";"MONTE ALTO";"SP";"Pequeno Porte II";"102,240197779983461146";"125,59336137225731989";"2. Constantes (Sustentabilidade)"
"3531407";"MONTE APRAZIVEL";"SP";"Pequeno Porte II";"65,906780983976219090";"190,46591421646053277";"1. Despertados (Efeito Indutor)"
"3531506";"MONTE AZUL PAULISTA";"SP";"Pequeno Porte I";"88,832046694522531993";"90,33468325677384314";"2. Constantes (Sustentabilidade)"
"3531605";"MONTE CASTELO";"SP";"Pequeno Porte I";"7,272246145117195582";"90,50540992630476467";"1. Despertados (Efeito Indutor)"
"3531803";"MONTE MOR";"SP";"Médio Porte";"17,523925384790199899";"30,12425352977385629";"1. Despertados (Efeito Indutor)"
"3531902";"MORRO AGUDO";"SP";"Pequeno Porte II";"34,363104768042084913";"163,68069684192272462";"1. Despertados (Efeito Indutor)"
"3532009";"MORUNGABA";"SP";"Pequeno Porte I";"23,708082662494529558";"46,90250630247491870";"1. Despertados (Efeito Indutor)"
"3532157";"NANTES";"SP";"Pequeno Porte I";"0,000000000000000000";"18,51407969310732682";"1. Despertados (Efeito Indutor)"
"3532405";"NAZARE PAULISTA";"SP";"Pequeno Porte I";"21,878041008863380767";"35,03467675506008305";"1. Despertados (Efeito Indutor)"
"3532603";"NHANDEARA";"SP";"Pequeno Porte I";"13,374042258521617654";"8,03000752034001231";"2. Constantes (Sustentabilidade)"
"3532702";"NIPOA";"SP";"Pequeno Porte I";"64,675675605110512834";"188,54518675308409570";"1. Despertados (Efeito Indutor)"
"3532801";"NOVA ALIANCA";"SP";"Pequeno Porte I";"27,324751529593868327";"69,99296109464231108";"1. Despertados (Efeito Indutor)"
"3532827";"NOVA CAMPINA";"SP";"Pequeno Porte I";"69,332901427508602410";"123,66376820447413820";"1. Despertados (Efeito Indutor)"
"3532900";"NOVA EUROPA";"SP";"Pequeno Porte I";"57,508881838045574852";"151,93270565453906329";"1. Despertados (Efeito Indutor)"
"3533007";"NOVA GRANADA";"SP";"Pequeno Porte I";"15,914571885773943549";"43,86470669356728536";"1. Despertados (Efeito Indutor)"
"3533106";"NOVA GUATAPORANGA";"SP";"Pequeno Porte I";"10,008071082293426457";"9,50992757363421148";"2. Constantes (Sustentabilidade)"
"3533254";"NOVAIS";"SP";"Pequeno Porte I";"0,117112782232202783";"9,36931389692622574";"1. Despertados (Efeito Indutor)"
"3533403";"NOVA ODESSA";"SP";"Médio Porte";"43,450545514799294722";"64,60459151433155967";"1. Despertados (Efeito Indutor)"
"3533502";"NOVO HORIZONTE";"SP";"Pequeno Porte II";"11,289090876876462843";"22,71484205517764110";"1. Despertados (Efeito Indutor)"
"3533601";"NUPORANGA";"SP";"Pequeno Porte I";"57,443899846128537945";"135,91237156330555536";"1. Despertados (Efeito Indutor)"
"3533700";"OCAUCU";"SP";"Pequeno Porte I";"1,633802353288133835";"3,46519223594179238";"2. Constantes (Sustentabilidade)"
"3533908";"OLIMPIA";"SP";"Médio Porte";"31,838969030193457144";"166,26697939040985830";"1. Despertados (Efeito Indutor)"
"3534005";"ONDA VERDE";"SP";"Pequeno Porte I";"13,396748387206445230";"0,00000000000000000";"4. Efeito Substituição (Retração Local)"
"3534104";"ORIENTE";"SP";"Pequeno Porte I";"23,929399459107983716";"78,59475000592019001";"1. Despertados (Efeito Indutor)"
"3534302";"ORLANDIA";"SP";"Pequeno Porte II";"27,604388303994305431";"51,34994456487275727";"1. Despertados (Efeito Indutor)"
"3534401";"OSASCO";"SP";"Grande Porte";"32,341614321566680701";"34,23658850464670422";"2. Constantes (Sustentabilidade)"
"3534609";"OSVALDO CRUZ";"SP";"Pequeno Porte II";"34,271173464566309974";"48,36538931128210095";"1. Despertados (Efeito Indutor)"
"3534708";"OURINHOS";"SP";"Grande Porte";"70,001729841438617541";"117,01209497139916493";"1. Despertados (Efeito Indutor)"
"3534757";"OUROESTE";"SP";"Pequeno Porte I";"142,905521751522826435";"165,04195671855919159";"2. Constantes (Sustentabilidade)"
"3534807";"OURO VERDE";"SP";"Pequeno Porte I";"27,132027755526429758";"66,01708374863368078";"1. Despertados (Efeito Indutor)"
"3534906";"PACAEMBU";"SP";"Pequeno Porte I";"31,314287090841453676";"33,51395002846727778";"2. Constantes (Sustentabilidade)"
"3535002";"PALESTINA";"SP";"Pequeno Porte I";"54,879711527637553559";"180,92665003521634048";"1. Despertados (Efeito Indutor)"
"3535200";"PALMEIRA D'OESTE";"SP";"Pequeno Porte I";"4,256125550359761256";"11,89708319014379256";"1. Despertados (Efeito Indutor)"
"3535309";"PALMITAL";"SP";"Pequeno Porte I";"53,230208817691021750";"130,89686865122178006";"1. Despertados (Efeito Indutor)"
"3535408";"PANORAMA";"SP";"Pequeno Porte I";"27,284479747986321030";"26,47100975245467680";"2. Constantes (Sustentabilidade)"
"3535507";"PARAGUACU PAULISTA";"SP";"Pequeno Porte II";"30,576303153935874946";"31,61059936419187011";"2. Constantes (Sustentabilidade)"
"3535606";"PARAIBUNA";"SP";"Pequeno Porte I";"100,286839111231387278";"138,24922059488835657";"1. Despertados (Efeito Indutor)"
"3535804";"PARANAPANEMA";"SP";"Pequeno Porte I";"12,376684543552928019";"9,10845695528051991";"2. Constantes (Sustentabilidade)"
"3535903";"PARANAPUA";"SP";"Pequeno Porte I";"0,328650233877601006";"0,00000000000000000";"2. Constantes (Sustentabilidade)"
"3536000";"PARAPUA";"SP";"Pequeno Porte I";"35,020988444631399261";"27,05072561618562688";"2. Constantes (Sustentabilidade)"
"3536109";"PARDINHO";"SP";"Pequeno Porte I";"105,850038412758763684";"115,13326349069410526";"2. Constantes (Sustentabilidade)"
"3536208";"PARIQUERA-ACU";"SP";"Pequeno Porte I";"7,354932493619260825";"29,13024273149217436";"1. Despertados (Efeito Indutor)"
"3536257";"PARISI";"SP";"Pequeno Porte I";"113,752048470934653324";"150,95314869955001313";"1. Despertados (Efeito Indutor)"
"3536307";"PATROCINIO PAULISTA";"SP";"Pequeno Porte I";"29,994851238332167043";"118,64046231315100499";"1. Despertados (Efeito Indutor)"
"3536406";"PAULICEIA";"SP";"Pequeno Porte I";"36,416379750858737907";"88,52587346102777133";"1. Despertados (Efeito Indutor)"
"3536505";"PAULINIA";"SP";"Grande Porte";"60,054173999564881115";"51,16846042381968118";"2. Constantes (Sustentabilidade)"
"3536570";"PAULISTANIA";"SP";"Pequeno Porte I";"51,430320851357329559";"189,56352848798567834";"1. Despertados (Efeito Indutor)"
"3536604";"PAULO DE FARIA";"SP";"Pequeno Porte I";"62,647525551539054334";"156,10267233722120750";"1. Despertados (Efeito Indutor)"
"3536703";"PEDERNEIRAS";"SP";"Pequeno Porte II";"41,906085324908474377";"60,66710789257523118";"1. Despertados (Efeito Indutor)"
"3536802";"PEDRA BELA";"SP";"Pequeno Porte I";"50,469962691890088990";"0,00000000000000000";"4. Efeito Substituição (Retração Local)"
"3537008";"PEDREGULHO";"SP";"Pequeno Porte I";"14,004728916345055012";"159,20957390010244126";"1. Despertados (Efeito Indutor)"
"3537107";"PEDREIRA";"SP";"Pequeno Porte II";"52,378563628872164770";"85,25538578873405982";"1. Despertados (Efeito Indutor)"
"3537206";"PEDRO DE TOLEDO";"SP";"Pequeno Porte I";"9,506108476467977297";"7,21671656187461341";"2. Constantes (Sustentabilidade)"
"3537305";"PENAPOLIS";"SP";"Médio Porte";"43,246205752227467656";"54,84389989058331594";"2. Constantes (Sustentabilidade)"
"3537503";"PEREIRAS";"SP";"Pequeno Porte I";"169,388657531809570855";"114,07069759447492174";"4. Efeito Substituição (Retração Local)"
"3537602";"PERUIBE";"SP";"Médio Porte";"33,199550987015747694";"29,74616925919430344";"2. Constantes (Sustentabilidade)"
"3537701";"PIACATU";"SP";"Pequeno Porte I";"50,692833212636791984";"59,87696485839767035";"2. Constantes (Sustentabilidade)"
"3537800";"PIEDADE";"SP";"Médio Porte";"18,876159749339958438";"45,13994610821595188";"1. Despertados (Efeito Indutor)"
"3537909";"PILAR DO SUL";"SP";"Pequeno Porte II";"49,314311945838497309";"51,87268560072942591";"2. Constantes (Sustentabilidade)"
"3538006";"PINDAMONHANGABA";"SP";"Grande Porte";"24,488172920899824447";"26,38303747358421703";"2. Constantes (Sustentabilidade)"
"3538204";"PINHALZINHO";"SP";"Pequeno Porte I";"13,155899832803003235";"42,62617164875753417";"1. Despertados (Efeito Indutor)"
"3538303";"PIQUEROBI";"SP";"Pequeno Porte I";"16,392885741995645077";"16,08276132992604701";"2. Constantes (Sustentabilidade)"
"3538501";"PIQUETE";"SP";"Pequeno Porte I";"11,708242106033740271";"56,76876100101200961";"1. Despertados (Efeito Indutor)"
"3538600";"PIRACAIA";"SP";"Pequeno Porte II";"34,604963000087288094";"58,83164406420510062";"1. Despertados (Efeito Indutor)"
"3538709";"PIRACICABA";"SP";"Grande Porte";"20,845828987813806776";"31,47382716066854158";"1. Despertados (Efeito Indutor)"
"3538808";"PIRAJU";"SP";"Pequeno Porte II";"28,343754694102006653";"28,08815704325797924";"2. Constantes (Sustentabilidade)"
"3538907";"PIRAJUI";"SP";"Pequeno Porte II";"17,300458267771315235";"20,19345062307954208";"2. Constantes (Sustentabilidade)"
"3539004";"PIRANGI";"SP";"Pequeno Porte I";"17,415548655648205312";"87,34670417413866517";"1. Despertados (Efeito Indutor)"
"3539103";"PIRAPORA DO BOM JESUS";"SP";"Pequeno Porte I";"77,449047640693962080";"67,91813818946673109";"2. Constantes (Sustentabilidade)"
"3539301";"PIRASSUNUNGA";"SP";"Médio Porte";"54,209044460253956288";"70,53839809330290223";"1. Despertados (Efeito Indutor)"
"3539400";"PIRATININGA";"SP";"Pequeno Porte I";"27,957225761532878749";"151,04151763372746586";"1. Despertados (Efeito Indutor)"
"3539509";"PITANGUEIRAS";"SP";"Pequeno Porte II";"50,854796137417444868";"113,97919254386411581";"1. Despertados (Efeito Indutor)"
"3539608";"PLANALTO";"SP";"Pequeno Porte I";"50,030049328342506954";"62,94006374823229066";"2. Constantes (Sustentabilidade)"
"3539707";"PLATINA";"SP";"Pequeno Porte I";"0,000000000000000000";"68,27711258709263120";"1. Despertados (Efeito Indutor)"
"3539806";"POA";"SP";"Grande Porte";"74,865207771212084253";"37,69516342698466360";"4. Efeito Substituição (Retração Local)"
"3540002";"POMPEIA";"SP";"Pequeno Porte II";"15,525359375953136976";"18,67023173870577679";"2. Constantes (Sustentabilidade)"
"3540101";"PONGAI";"SP";"Pequeno Porte I";"0,000000000000000000";"5,56961413843888042";"1. Despertados (Efeito Indutor)"
"3540200";"PONTAL";"SP";"Pequeno Porte II";"10,742088369851890306";"28,09650234045486172";"1. Despertados (Efeito Indutor)"
"3540259";"PONTALINDA";"SP";"Pequeno Porte I";"0,000000000000000000";"7,48691543494063527";"1. Despertados (Efeito Indutor)"
"3540507";"PORANGABA";"SP";"Pequeno Porte I";"0,000000000000000000";"110,17280514211014975";"1. Despertados (Efeito Indutor)"
"3540606";"PORTO FELIZ";"SP";"Médio Porte";"51,202569233267922755";"64,62345784671059334";"2. Constantes (Sustentabilidade)"
"3540705";"PORTO FERREIRA";"SP";"Médio Porte";"61,339247082066599148";"126,38285708522798245";"1. Despertados (Efeito Indutor)"
"3540754";"POTIM";"SP";"Pequeno Porte II";"15,822311883259363441";"19,30914624103651533";"2. Constantes (Sustentabilidade)"
"3540853";"PRACINHA";"SP";"Pequeno Porte I";"47,591191720174016666";"52,17350147881873568";"2. Constantes (Sustentabilidade)"
"3540903";"PRADOPOLIS";"SP";"Pequeno Porte I";"64,161317673935769790";"124,42372981237144813";"1. Despertados (Efeito Indutor)"
"3541000";"PRAIA GRANDE";"SP";"Grande Porte";"39,168586795725751415";"45,58628376603834909";"2. Constantes (Sustentabilidade)"
"3541059";"PRATANIA";"SP";"Pequeno Porte I";"49,209096286332012937";"97,56612026802861237";"1. Despertados (Efeito Indutor)"
"3541109";"PRESIDENTE ALVES";"SP";"Pequeno Porte I";"100,499585349429878534";"111,00850354520693486";"2. Constantes (Sustentabilidade)"
"3541208";"PRESIDENTE BERNARDES";"SP";"Pequeno Porte I";"16,753919966998157776";"62,72586527037216797";"1. Despertados (Efeito Indutor)"
"3541307";"PRESIDENTE EPITACIO";"SP";"Pequeno Porte II";"24,141870267103954006";"56,79015732021461815";"1. Despertados (Efeito Indutor)"
"3541406";"PRESIDENTE PRUDENTE";"SP";"Grande Porte";"61,733034501958975682";"56,18237336489410438";"2. Constantes (Sustentabilidade)"
"3541505";"PRESIDENTE VENCESLAU";"SP";"Pequeno Porte II";"23,042317889772306216";"43,58990076375042833";"1. Despertados (Efeito Indutor)"
"3541604";"PROMISSAO";"SP";"Pequeno Porte II";"25,469106453348508978";"36,10572549502663264";"1. Despertados (Efeito Indutor)"
"3541703";"QUATA";"SP";"Pequeno Porte I";"47,895756900891136354";"133,99906760995116883";"1. Despertados (Efeito Indutor)"
"3541901";"QUELUZ";"SP";"Pequeno Porte I";"81,107808794828457621";"179,50621327181801234";"1. Despertados (Efeito Indutor)"
"3542008";"QUINTANA";"SP";"Pequeno Porte I";"0,146987971871286899";"101,85173824198881221";"1. Despertados (Efeito Indutor)"
"3542107";"RAFARD";"SP";"Pequeno Porte I";"34,790015125370409521";"77,75612664467320201";"1. Despertados (Efeito Indutor)"
"3542206";"RANCHARIA";"SP";"Pequeno Porte II";"4,076217264788466466";"64,19120636358374554";"1. Despertados (Efeito Indutor)"
"3542404";"REGENTE FEIJO";"SP";"Pequeno Porte II";"47,005385975576920998";"42,81963102875394611";"2. Constantes (Sustentabilidade)"
"3542503";"REGINOPOLIS";"SP";"Pequeno Porte I";"7,369646492597886400";"29,35912003157088535";"1. Despertados (Efeito Indutor)"
"3542602";"REGISTRO";"SP";"Médio Porte";"52,405345026903965788";"87,34959418454258184";"1. Despertados (Efeito Indutor)"
"3542701";"RESTINGA";"SP";"Pequeno Porte I";"7,510808222424673275";"77,45092654245291897";"1. Despertados (Efeito Indutor)"
"3542800";"RIBEIRA";"SP";"Pequeno Porte I";"8,101469580135864490";"84,61940647902761725";"1. Despertados (Efeito Indutor)"
"3542909";"RIBEIRAO BONITO";"SP";"Pequeno Porte I";"27,196241447365189003";"106,58536025432519523";"1. Despertados (Efeito Indutor)"
"3543006";"RIBEIRAO BRANCO";"SP";"Pequeno Porte I";"13,221534318968418020";"88,22878341983579276";"1. Despertados (Efeito Indutor)"
"3543204";"RIBEIRAO DO SUL";"SP";"Pequeno Porte I";"11,645747673202128780";"101,34849386257070591";"1. Despertados (Efeito Indutor)"
"3543238";"RIBEIRAO DOS INDIOS";"SP";"Pequeno Porte I";"19,514874409737657857";"144,02621364553903049";"1. Despertados (Efeito Indutor)"
"3543253";"RIBEIRAO GRANDE";"SP";"Pequeno Porte I";"89,193846351043987397";"155,43040433439674075";"1. Despertados (Efeito Indutor)"
"3543303";"RIBEIRAO PIRES";"SP";"Grande Porte";"67,966958621740317881";"31,69847873613342415";"4. Efeito Substituição (Retração Local)"
"3543402";"RIBEIRAO PRETO";"SP";"Grande Porte";"36,463684080738453019";"46,28371486447851169";"2. Constantes (Sustentabilidade)"
"3543501";"RIVERSUL";"SP";"Pequeno Porte I";"18,133272785634989788";"151,26593496376301573";"1. Despertados (Efeito Indutor)"
"3543600";"RIFAINA";"SP";"Pequeno Porte I";"80,830165648300436487";"98,10964388664399394";"2. Constantes (Sustentabilidade)"
"3543709";"RINCAO";"SP";"Pequeno Porte I";"41,372186620481585351";"188,92252722142143284";"1. Despertados (Efeito Indutor)"
"3543907";"RIO CLARO";"SP";"Grande Porte";"34,807181052978528157";"29,29382813421597120";"2. Constantes (Sustentabilidade)"
"3544004";"RIO DAS PEDRAS";"SP";"Pequeno Porte II";"20,897540721160947186";"127,52380268777699257";"1. Despertados (Efeito Indutor)"
"3544103";"RIO GRANDE DA SERRA";"SP";"Pequeno Porte II";"33,434388264619926190";"17,64130434951535520";"4. Efeito Substituição (Retração Local)"
"3544202";"RIOLANDIA";"SP";"Pequeno Porte I";"6,011883304305753128";"41,97912228865838813";"1. Despertados (Efeito Indutor)"
"3544251";"ROSANA";"SP";"Pequeno Porte I";"21,376639087385939320";"12,68039639448977951";"2. Constantes (Sustentabilidade)"
"3544301";"ROSEIRA";"SP";"Pequeno Porte I";"12,333698993507411501";"94,25219270720330655";"1. Despertados (Efeito Indutor)"
"3544509";"RUBINEIA";"SP";"Pequeno Porte I";"73,771512555941995970";"29,00135644458200801";"4. Efeito Substituição (Retração Local)"
"3544806";"SALES";"SP";"Pequeno Porte I";"7,013809281861989930";"151,97917740350121107";"1. Despertados (Efeito Indutor)"
"3545001";"SALESOPOLIS";"SP";"Pequeno Porte I";"28,583823676271595815";"197,98012139553932798";"1. Despertados (Efeito Indutor)"
"3545100";"SALMOURAO";"SP";"Pequeno Porte I";"89,781508735188396031";"134,34636230957806902";"1. Despertados (Efeito Indutor)"
"3545159";"SALTINHO";"SP";"Pequeno Porte I";"25,991497576811152470";"104,70666491764588102";"1. Despertados (Efeito Indutor)"
"3545209";"SALTO";"SP";"Grande Porte";"57,407605591791437405";"83,31233052851365528";"1. Despertados (Efeito Indutor)"
"3545308";"SALTO DE PIRAPORA";"SP";"Pequeno Porte II";"25,830302849362123396";"116,48069700811949190";"1. Despertados (Efeito Indutor)"
"3545407";"SALTO GRANDE";"SP";"Pequeno Porte I";"4,003060938831496607";"192,85108107161943281";"1. Despertados (Efeito Indutor)"
"3545506";"SANDOVALINA";"SP";"Pequeno Porte I";"4,019616393535249799";"10,63815128851345726";"1. Despertados (Efeito Indutor)"
"3545605";"SANTA ADELIA";"SP";"Pequeno Porte I";"22,831449001721679792";"156,88596953193894024";"1. Despertados (Efeito Indutor)"
"3545704";"SANTA ALBERTINA";"SP";"Pequeno Porte I";"0,000000000000000000";"42,01767528061671442";"1. Despertados (Efeito Indutor)"
"3545803";"SANTA BARBARA D'OESTE";"SP";"Grande Porte";"33,071140278736734786";"43,88941826119268086";"2. Constantes (Sustentabilidade)"
"3546207";"SANTA CRUZ DA CONCEICAO";"SP";"Pequeno Porte I";"35,605700215440123202";"26,22753453474458496";"2. Constantes (Sustentabilidade)"
"3546306";"SANTA CRUZ DAS PALMEIRAS";"SP";"Pequeno Porte II";"29,247928834915363439";"101,50583190512705301";"1. Despertados (Efeito Indutor)"
"3546405";"SANTA CRUZ DO RIO PARDO";"SP";"Pequeno Porte II";"57,514363891852823940";"74,60185511646778878";"1. Despertados (Efeito Indutor)"
"3546504";"SANTA ERNESTINA";"SP";"Pequeno Porte I";"18,040074184257530732";"122,91277314104627294";"1. Despertados (Efeito Indutor)"
"3546702";"SANTA GERTRUDES";"SP";"Pequeno Porte II";"57,364603406174637712";"188,51722659528701342";"1. Despertados (Efeito Indutor)"
"3546801";"SANTA ISABEL";"SP";"Médio Porte";"23,096601460043878262";"58,35015197386083230";"1. Despertados (Efeito Indutor)"
"3546900";"SANTA LUCIA";"SP";"Pequeno Porte I";"52,124882851632385439";"115,12096684485993592";"1. Despertados (Efeito Indutor)"
"3547106";"SANTA MERCEDES";"SP";"Pequeno Porte I";"0,204810436154940489";"23,73871405613262553";"1. Despertados (Efeito Indutor)"
"3547304";"SANTANA DE PARNAIBA";"SP";"Grande Porte";"74,393851808510547130";"108,18694663859676552";"1. Despertados (Efeito Indutor)"
"3547502";"SANTA RITA DO PASSA QUATRO";"SP";"Pequeno Porte II";"85,340872497408398090";"80,70260182568351581";"2. Constantes (Sustentabilidade)"
"3547601";"SANTA ROSA DE VITERBO";"SP";"Pequeno Porte II";"21,453897979696922249";"69,34109531295352724";"1. Despertados (Efeito Indutor)"
"3547700";"SANTO ANASTACIO";"SP";"Pequeno Porte I";"33,387377895928807447";"45,13243873712292498";"1. Despertados (Efeito Indutor)"
"3547809";"SANTO ANDRE";"SP";"Grande Porte";"9,679474952401923460";"20,09688051044238222";"1. Despertados (Efeito Indutor)"
"3547908";"SANTO ANTONIO DA ALEGRIA";"SP";"Pequeno Porte I";"73,562064961818890652";"39,95642801581946912";"4. Efeito Substituição (Retração Local)"
"3548005";"SANTO ANTONIO DE POSSE";"SP";"Pequeno Porte II";"3,782910252951754426";"49,14780101054098793";"1. Despertados (Efeito Indutor)"
"3548054";"SANTO ANTONIO DO ARACANGUA";"SP";"Pequeno Porte I";"36,833736506948930867";"140,47347975062501746";"1. Despertados (Efeito Indutor)"
"3548203";"SANTO ANTONIO DO PINHAL";"SP";"Pequeno Porte I";"6,158774657505323269";"151,20883436433081215";"1. Despertados (Efeito Indutor)"
"3548302";"SANTO EXPEDITO";"SP";"Pequeno Porte I";"0,366051871053330369";"0,34789139319845536";"2. Constantes (Sustentabilidade)"
"3548500";"SANTOS";"SP";"Grande Porte";"69,998519001205707468";"142,72678607036465337";"1. Despertados (Efeito Indutor)"
"3548609";"SAO BENTO DO SAPUCAI";"SP";"Pequeno Porte I";"64,657414669553119779";"67,27387342397844350";"2. Constantes (Sustentabilidade)"
"3548708";"SAO BERNARDO DO CAMPO";"SP";"Grande Porte";"39,393979321900687296";"33,55135358732200501";"2. Constantes (Sustentabilidade)"
"3548807";"SAO CAETANO DO SUL";"SP";"Grande Porte";"78,331215762170259609";"135,66434570931934900";"1. Despertados (Efeito Indutor)"
"3548906";"SAO CARLOS";"SP";"Grande Porte";"22,789615447821969241";"25,66353781772973619";"2. Constantes (Sustentabilidade)"
"3549102";"SAO JOAO DA BOA VISTA";"SP";"Médio Porte";"145,342075537606802982";"44,82246031925363638";"4. Efeito Substituição (Retração Local)"
"3549201";"SAO JOAO DAS DUAS PONTES";"SP";"Pequeno Porte I";"3,278577884803472564";"10,74863028526867126";"1. Despertados (Efeito Indutor)"
"3549409";"SAO JOAQUIM DA BARRA";"SP";"Pequeno Porte II";"132,366577931263293522";"157,32136182033573846";"2. Constantes (Sustentabilidade)"
"3549607";"SAO JOSE DO BARREIRO";"SP";"Pequeno Porte I";"109,218532564102261517";"64,21233156183787116";"4. Efeito Substituição (Retração Local)"
"3549706";"SAO JOSE DO RIO PARDO";"SP";"Médio Porte";"45,806744663549316954";"58,71620736204943114";"2. Constantes (Sustentabilidade)"
"3549805";"SAO JOSE DO RIO PRETO";"SP";"Grande Porte";"20,362616098483364624";"25,86024596692439559";"2. Constantes (Sustentabilidade)"
"3549904";"SAO JOSE DOS CAMPOS";"SP";"Grande Porte";"44,483839574265381600";"56,17758864883322900";"2. Constantes (Sustentabilidade)"
"3549953";"SAO LOURENCO DA SERRA";"SP";"Pequeno Porte I";"0,000000000000000000";"25,79053033113456905";"1. Despertados (Efeito Indutor)"
"3550001";"SAO LUIZ DO PARAITINGA";"SP";"Pequeno Porte I";"71,709499672833814543";"133,92464550106618049";"1. Despertados (Efeito Indutor)"
"3550100";"SAO MANUEL";"SP";"Pequeno Porte II";"49,054496368101993653";"45,71967008212652672";"2. Constantes (Sustentabilidade)"
"3550209";"SAO MIGUEL ARCANJO";"SP";"Pequeno Porte II";"67,402265344162984206";"47,79979891892604371";"4. Efeito Substituição (Retração Local)"
"3550308";"SAO PAULO";"SP";"Metrópole";"94,152086446205927928";"102,99655824076899080";"2. Constantes (Sustentabilidade)"
"3550407";"SAO PEDRO";"SP";"Pequeno Porte II";"19,500554630908570886";"55,23995828046835754";"1. Despertados (Efeito Indutor)"
"3550605";"SAO ROQUE";"SP";"Médio Porte";"12,960769287752095025";"41,56741954615088019";"1. Despertados (Efeito Indutor)"
"3550803";"SAO SEBASTIAO DA GRAMA";"SP";"Pequeno Porte I";"23,942403237318028886";"93,69568047115157583";"1. Despertados (Efeito Indutor)"
"3550902";"SAO SIMAO";"SP";"Pequeno Porte I";"47,510162828823609971";"91,26419383224956050";"1. Despertados (Efeito Indutor)"
"3551009";"SAO VICENTE";"SP";"Grande Porte";"22,598383707710670620";"19,54685787359949600";"2. Constantes (Sustentabilidade)"
"3551108";"SARAPUI";"SP";"Pequeno Porte I";"62,565550996299833741";"51,94603437744303420";"2. Constantes (Sustentabilidade)"
"3551207";"SARUTAIA";"SP";"Pequeno Porte I";"0,000000000000000000";"19,82440646918773552";"1. Despertados (Efeito Indutor)"
"3551405";"SERRA AZUL";"SP";"Pequeno Porte I";"67,613450528837120146";"90,81676067161849630";"1. Despertados (Efeito Indutor)"
"3551504";"SERRANA";"SP";"Pequeno Porte II";"0,000000000000000000";"26,03170646929167020";"1. Despertados (Efeito Indutor)"
"3551603";"SERRA NEGRA";"SP";"Pequeno Porte II";"6,298464109616758400";"13,55991758355743215";"1. Despertados (Efeito Indutor)"
"3551702";"SERTAOZINHO";"SP";"Grande Porte";"68,717111917263011378";"108,50671905889601021";"1. Despertados (Efeito Indutor)"
"3551801";"SETE BARRAS";"SP";"Pequeno Porte I";"25,288064198847347797";"81,00715140154908056";"1. Despertados (Efeito Indutor)"
"3552106";"SOCORRO";"SP";"Pequeno Porte II";"82,775459108132309893";"145,40374645334640036";"1. Despertados (Efeito Indutor)"
"3552205";"SOROCABA";"SP";"Grande Porte";"22,688477756691757037";"22,02744412599842860";"2. Constantes (Sustentabilidade)"
"3552403";"SUMARE";"SP";"Grande Porte";"7,719782510305108758";"5,64363467867321766";"2. Constantes (Sustentabilidade)"
"3552502";"SUZANO";"SP";"Grande Porte";"31,556165536996715559";"52,62233235325471981";"1. Despertados (Efeito Indutor)"
"3552551";"SUZANAPOLIS";"SP";"Pequeno Porte I";"7,657671701819877441";"15,33624999635755515";"1. Despertados (Efeito Indutor)"
"3552601";"TABAPUA";"SP";"Pequeno Porte I";"19,605709764826610098";"48,15771973625459879";"1. Despertados (Efeito Indutor)"
"3552700";"TABATINGA";"SP";"Pequeno Porte I";"13,255140163907386253";"185,45832168894190772";"1. Despertados (Efeito Indutor)"
"3552809";"TABOAO DA SERRA";"SP";"Grande Porte";"40,635268553193967023";"23,31796172856167004";"4. Efeito Substituição (Retração Local)"
"3552908";"TACIBA";"SP";"Pequeno Porte I";"0,000000000000000000";"37,12570871592739508";"1. Despertados (Efeito Indutor)"
"3553005";"TAGUAI";"SP";"Pequeno Porte I";"11,923322735582914333";"64,16123706406678195";"1. Despertados (Efeito Indutor)"
"3553104";"TAIACU";"SP";"Pequeno Porte I";"13,387999466927608339";"54,26581640745295942";"1. Despertados (Efeito Indutor)"
"3553203";"TAIUVA";"SP";"Pequeno Porte I";"1,340812133768160219";"4,30129505192425121";"2. Constantes (Sustentabilidade)"
"3553302";"TAMBAU";"SP";"Pequeno Porte II";"25,660446814325361231";"36,93407995850541425";"1. Despertados (Efeito Indutor)"
"3553401";"TANABI";"SP";"Pequeno Porte II";"15,430251623557721175";"102,38409480445335475";"1. Despertados (Efeito Indutor)"
"3553500";"TAPIRAI";"SP";"Pequeno Porte I";"16,325035023586885075";"197,15119075375841362";"1. Despertados (Efeito Indutor)"
"3553609";"TAPIRATIBA";"SP";"Pequeno Porte I";"34,771997104585544491";"55,86352511369369722";"1. Despertados (Efeito Indutor)"
"3553658";"TAQUARAL";"SP";"Pequeno Porte I";"0,000000000000000000";"114,50205379666093108";"1. Despertados (Efeito Indutor)"
"3553708";"TAQUARITINGA";"SP";"Médio Porte";"36,824048646365397985";"29,16921145646677260";"2. Constantes (Sustentabilidade)"
"3553807";"TAQUARITUBA";"SP";"Pequeno Porte II";"36,439558515622842094";"67,94789829361312172";"1. Despertados (Efeito Indutor)"
"3553856";"TAQUARIVAI";"SP";"Pequeno Porte I";"28,640582695141514336";"100,63651998834640722";"1. Despertados (Efeito Indutor)"
"3553955";"TARUMA";"SP";"Pequeno Porte I";"103,819268096226238640";"82,34873452514094083";"2. Constantes (Sustentabilidade)"
"3554003";"TATUI";"SP";"Grande Porte";"24,842035193242562485";"39,51921728583432269";"1. Despertados (Efeito Indutor)"
"3554102";"TAUBATE";"SP";"Grande Porte";"30,063305079183702873";"61,26174434453589868";"1. Despertados (Efeito Indutor)"
"3554201";"TEJUPA";"SP";"Pequeno Porte I";"1,271978468606396184";"4,64977250608504633";"2. Constantes (Sustentabilidade)"
"3554300";"TEODORO SAMPAIO";"SP";"Pequeno Porte II";"14,152042481017092612";"53,40199414141761736";"1. Despertados (Efeito Indutor)"
"3554409";"TERRA ROXA";"SP";"Pequeno Porte I";"55,252534896301632727";"39,88750991544498703";"2. Constantes (Sustentabilidade)"
"3554508";"TIETE";"SP";"Pequeno Porte II";"21,666806408424605479";"23,76789429764523831";"2. Constantes (Sustentabilidade)"
"3554607";"TIMBURI";"SP";"Pequeno Porte I";"75,949132223709398204";"92,53920928627167086";"2. Constantes (Sustentabilidade)"
"3554706";"TORRINHA";"SP";"Pequeno Porte I";"50,219323615427171603";"136,41633735322434973";"1. Despertados (Efeito Indutor)"
"3554805";"TREMEMBE";"SP";"Médio Porte";"17,235617996196491930";"91,03799659284082679";"1. Despertados (Efeito Indutor)"
"3554904";"TRES FRONTEIRAS";"SP";"Pequeno Porte I";"0,411799810306820890";"7,64838769336576707";"1. Despertados (Efeito Indutor)"
"3554953";"TUIUTI";"SP";"Pequeno Porte I";"22,957141993597755203";"36,12933772287492218";"1. Despertados (Efeito Indutor)"
"3555000";"TUPA";"SP";"Médio Porte";"39,708236317230401369";"45,29649913325503263";"2. Constantes (Sustentabilidade)"
"3555109";"TUPI PAULISTA";"SP";"Pequeno Porte I";"16,530659275280157772";"118,39910722543987731";"1. Despertados (Efeito Indutor)"
"3555307";"TURMALINA";"SP";"Pequeno Porte I";"75,223376960452938533";"89,71158123913141935";"2. Constantes (Sustentabilidade)"
"3555406";"UBATUBA";"SP";"Médio Porte";"38,927017299788573723";"75,48060373953543944";"1. Despertados (Efeito Indutor)"
"3555505";"UBIRAJARA";"SP";"Pequeno Porte I";"12,595247243812172755";"12,63676921925262064";"2. Constantes (Sustentabilidade)"
"3555604";"UCHOA";"SP";"Pequeno Porte I";"0,562445998205860831";"20,99171807315142502";"1. Despertados (Efeito Indutor)"
"3555703";"UNIAO PAULISTA";"SP";"Pequeno Porte I";"10,745539919528594552";"24,34322208359326112";"1. Despertados (Efeito Indutor)"
"3555802";"URANIA";"SP";"Pequeno Porte I";"0,040067494045597458";"109,63387459232995980";"1. Despertados (Efeito Indutor)"
"3556008";"URUPES";"SP";"Pequeno Porte I";"37,370622611364098020";"61,25810456801511350";"1. Despertados (Efeito Indutor)"
"3556107";"VALENTIM GENTIL";"SP";"Pequeno Porte I";"9,771771391613215840";"100,09939071841503733";"1. Despertados (Efeito Indutor)"
"3556206";"VALINHOS";"SP";"Grande Porte";"44,379610655216630732";"93,91933893484369378";"1. Despertados (Efeito Indutor)"
"3556305";"VALPARAISO";"SP";"Pequeno Porte II";"133,162858575065598643";"191,61350709526396940";"1. Despertados (Efeito Indutor)"
"3556354";"VARGEM";"SP";"Pequeno Porte I";"1,020088144555010290";"143,01131860341757829";"1. Despertados (Efeito Indutor)"
"3556404";"VARGEM GRANDE DO SUL";"SP";"Pequeno Porte II";"35,976964446182144286";"80,91140748961404938";"1. Despertados (Efeito Indutor)"
"3556453";"VARGEM GRANDE PAULISTA";"SP";"Médio Porte";"43,425522303333160323";"71,41957245465444259";"1. Despertados (Efeito Indutor)"
"3556503";"VARZEA PAULISTA";"SP";"Grande Porte";"23,896658400705092617";"29,39617856951677055";"2. Constantes (Sustentabilidade)"
"3556602";"VERA CRUZ";"SP";"Pequeno Porte I";"9,276091111146369528";"43,78996350397386550";"1. Despertados (Efeito Indutor)"
"3556701";"VINHEDO";"SP";"Médio Porte";"78,088727899233091989";"187,05348813672398478";"1. Despertados (Efeito Indutor)"
"3556800";"VIRADOURO";"SP";"Pequeno Porte I";"111,080597350592668704";"168,73197582003371053";"1. Despertados (Efeito Indutor)"
"3556909";"VISTA ALEGRE DO ALTO";"SP";"Pequeno Porte I";"33,927581118843491481";"108,03260567019155758";"1. Despertados (Efeito Indutor)"
"3557006";"VOTORANTIM";"SP";"Grande Porte";"24,195836939184591330";"45,47125040374630345";"1. Despertados (Efeito Indutor)"
"3557105";"VOTUPORANGA";"SP";"Médio Porte";"50,853297734959006959";"70,20047573172429622";"1. Despertados (Efeito Indutor)"
"3557154";"ZACARIAS";"SP";"Pequeno Porte I";"82,027017158394940566";"118,71891214911079260";"1. Despertados (Efeito Indutor)"
"3557204";"CHAVANTES";"SP";"Pequeno Porte I";"75,435395152541431685";"78,78857493522249911";"2. Constantes (Sustentabilidade)"
"3557303";"ESTIVA GERBI";"SP";"Pequeno Porte I";"29,241376433057805428";"41,01852604628180643";"1. Despertados (Efeito Indutor)"
"4100103";"ABATIA";"PR";"Pequeno Porte I";"2,398542715265479242";"133,15951773065143016";"1. Despertados (Efeito Indutor)"
"4100202";"ADRIANOPOLIS";"PR";"Pequeno Porte I";"0,000000000000000000";"47,70826539742319028";"1. Despertados (Efeito Indutor)"
"4100301";"AGUDOS DO SUL";"PR";"Pequeno Porte I";"0,696538249125225883";"16,48698546616203942";"1. Despertados (Efeito Indutor)"
"4100400";"ALMIRANTE TAMANDARE";"PR";"Grande Porte";"3,673468629388661810";"17,73599240779730479";"1. Despertados (Efeito Indutor)"
"4100509";"ALTONIA";"PR";"Pequeno Porte I";"5,938151002335798623";"25,50848599856749033";"1. Despertados (Efeito Indutor)"
"4100608";"ALTO PARANA";"PR";"Pequeno Porte I";"22,450317484000819945";"12,88391295677207715";"4. Efeito Substituição (Retração Local)"
"4100707";"ALTO PIQUIRI";"PR";"Pequeno Porte I";"1,593849425543199194";"18,03229897696718709";"1. Despertados (Efeito Indutor)"
"4100806";"ALVORADA DO SUL";"PR";"Pequeno Porte I";"14,381891122705301456";"12,58785823431486861";"2. Constantes (Sustentabilidade)"
"4100905";"AMAPORA";"PR";"Pequeno Porte I";"6,561675805487558577";"64,32324145855383790";"1. Despertados (Efeito Indutor)"
"4101002";"AMPERE";"PR";"Pequeno Porte I";"30,034513876878904171";"62,47290269681843711";"1. Despertados (Efeito Indutor)"
"4101101";"ANDIRA";"PR";"Pequeno Porte I";"27,767511660045169464";"92,01704810668601908";"1. Despertados (Efeito Indutor)"
"4101200";"ANTONINA";"PR";"Pequeno Porte I";"41,409176605132309135";"99,60766095714200219";"1. Despertados (Efeito Indutor)"
"4101309";"ANTONIO OLINTO";"PR";"Pequeno Porte I";"16,499472832588718774";"2,10876434734717133";"4. Efeito Substituição (Retração Local)"
"4101408";"APUCARANA";"PR";"Grande Porte";"41,931964723849198151";"46,48538252177689856";"2. Constantes (Sustentabilidade)"
"4101507";"ARAPONGAS";"PR";"Grande Porte";"42,046360584998801357";"50,84758621421976699";"2. Constantes (Sustentabilidade)"
"4101606";"ARAPOTI";"PR";"Pequeno Porte II";"12,145830281114958993";"50,32680627496642956";"1. Despertados (Efeito Indutor)"
"4101655";"ARAPUA";"PR";"Pequeno Porte I";"11,489001864191449087";"13,47352745892155568";"2. Constantes (Sustentabilidade)"
"4101705";"ARARUNA";"PR";"Pequeno Porte I";"37,981719038187542026";"60,87195789477134156";"1. Despertados (Efeito Indutor)"
"4101804";"ARAUCARIA";"PR";"Grande Porte";"52,697668728040248709";"62,43316208817849144";"2. Constantes (Sustentabilidade)"
"4101853";"ARIRANHA DO IVAI";"PR";"Pequeno Porte I";"16,540232182928008342";"189,59579190433831286";"1. Despertados (Efeito Indutor)"
"4101903";"ASSAI";"PR";"Pequeno Porte I";"59,136430525447984508";"159,87547950654260376";"1. Despertados (Efeito Indutor)"
"4102000";"ASSIS CHATEAUBRIAND";"PR";"Pequeno Porte II";"87,422456624117231172";"32,73175569772702431";"4. Efeito Substituição (Retração Local)"
"4102109";"ASTORGA";"PR";"Pequeno Porte II";"28,317290789419519825";"89,89959261952022018";"1. Despertados (Efeito Indutor)"
"4102307";"BALSA NOVA";"PR";"Pequeno Porte I";"12,118565663667780541";"24,67763731091265100";"1. Despertados (Efeito Indutor)"
"4102406";"BANDEIRANTES";"PR";"Pequeno Porte II";"0,000000000000000000";"6,77727463894067572";"1. Despertados (Efeito Indutor)"
"4102505";"BARBOSA FERRAZ";"PR";"Pequeno Porte I";"14,592370058522046605";"181,20629406281273077";"1. Despertados (Efeito Indutor)"
"4102604";"BARRACAO";"PR";"Pequeno Porte I";"20,119336372595817863";"27,49310190411704369";"2. Constantes (Sustentabilidade)"
"4102752";"BELA VISTA DA CAROBA";"PR";"Pequeno Porte I";"0,000000000000000000";"6,35906900560954469";"1. Despertados (Efeito Indutor)"
"4102802";"BELA VISTA DO PARAISO";"PR";"Pequeno Porte I";"9,089353891594566193";"62,74376214095281057";"1. Despertados (Efeito Indutor)"
"4102901";"BITURUNA";"PR";"Pequeno Porte I";"16,476460478824904499";"8,34971328312586181";"2. Constantes (Sustentabilidade)"
"4103040";"BOA VENTURA DE SAO ROQUE";"PR";"Pequeno Porte I";"23,062578459949939713";"14,47347264956496105";"2. Constantes (Sustentabilidade)"
"4103057";"BOA VISTA DA APARECIDA";"PR";"Pequeno Porte I";"16,347781235799764943";"28,68237089108641058";"1. Despertados (Efeito Indutor)"
"4103107";"BOCAIUVA DO SUL";"PR";"Pequeno Porte I";"10,035206082671150440";"4,82382397925204387";"2. Constantes (Sustentabilidade)"
"4103156";"BOM JESUS DO SUL";"PR";"Pequeno Porte I";"12,984399800886682996";"82,25942179963863055";"1. Despertados (Efeito Indutor)"
"4103206";"BOM SUCESSO";"PR";"Pequeno Porte I";"26,378573981110577051";"58,89510388228650584";"1. Despertados (Efeito Indutor)"
"4103222";"BOM SUCESSO DO SUL";"PR";"Pequeno Porte I";"14,531269406190713056";"157,01779226667289890";"1. Despertados (Efeito Indutor)"
"4103305";"BORRAZOPOLIS";"PR";"Pequeno Porte I";"17,285132201698790055";"85,72054989552077586";"1. Despertados (Efeito Indutor)"
"4103370";"BRASILANDIA DO SUL";"PR";"Pequeno Porte I";"49,234757121351364617";"165,89277043966666270";"1. Despertados (Efeito Indutor)"
"4103453";"CAFELANDIA";"PR";"Pequeno Porte I";"26,334163261589225158";"73,91723922763824817";"1. Despertados (Efeito Indutor)"
"4103479";"CAFEZAL DO SUL";"PR";"Pequeno Porte I";"11,628546712100073179";"72,01940926474586036";"1. Despertados (Efeito Indutor)"
"4103503";"CALIFORNIA";"PR";"Pequeno Porte I";"1,549741052635013716";"131,06921350093210776";"1. Despertados (Efeito Indutor)"
"4103602";"CAMBARA";"PR";"Pequeno Porte II";"41,322364220686580438";"41,24558544275636507";"2. Constantes (Sustentabilidade)"
"4103701";"CAMBE";"PR";"Grande Porte";"21,593276545012873413";"46,95819413780814955";"1. Despertados (Efeito Indutor)"
"4103909";"CAMPINA DA LAGOA";"PR";"Pequeno Porte I";"0,270172632529344481";"7,03499971548436065";"1. Despertados (Efeito Indutor)"
"4104006";"CAMPINA GRANDE DO SUL";"PR";"Pequeno Porte II";"36,724756320852250724";"34,09582666033819009";"2. Constantes (Sustentabilidade)"
"4104105";"CAMPO DO TENENTE";"PR";"Pequeno Porte I";"17,415999837590625532";"9,06793867264493691";"2. Constantes (Sustentabilidade)"
"4104204";"CAMPO LARGO";"PR";"Grande Porte";"32,429071801550584553";"37,10339532542258922";"2. Constantes (Sustentabilidade)"
"4104253";"CAMPO MAGRO";"PR";"Pequeno Porte II";"5,989605272181569795";"15,25993781855937925";"1. Despertados (Efeito Indutor)"
"4104303";"CAMPO MOURAO";"PR";"Médio Porte";"14,881856592479680401";"34,03327461270173870";"1. Despertados (Efeito Indutor)"
"4104402";"CANDIDO DE ABREU";"PR";"Pequeno Porte I";"8,442817722643027878";"96,91476219406526127";"1. Despertados (Efeito Indutor)"
"4104428";"CANDOI";"PR";"Pequeno Porte I";"25,171772820037162433";"181,08752142831681908";"1. Despertados (Efeito Indutor)"
"4104451";"CANTAGALO";"PR";"Pequeno Porte I";"0,000000000000000000";"23,21131543050216095";"1. Despertados (Efeito Indutor)"
"4104501";"CAPANEMA";"PR";"Pequeno Porte II";"11,689452174857638767";"29,98649039052022403";"1. Despertados (Efeito Indutor)"
"4104600";"CAPITAO LEONIDAS MARQUES";"PR";"Pequeno Porte I";"33,973642003602542161";"29,51100647949929368";"2. Constantes (Sustentabilidade)"
"4104709";"CARLOPOLIS";"PR";"Pequeno Porte I";"11,420218448435960568";"14,40068112488423324";"2. Constantes (Sustentabilidade)"
"4104808";"CASCAVEL";"PR";"Grande Porte";"18,694449412758110896";"12,64007151552217323";"2. Constantes (Sustentabilidade)"
"4104907";"CASTRO";"PR";"Médio Porte";"25,753310648380317360";"48,13135011345018199";"1. Despertados (Efeito Indutor)"
"4105003";"CATANDUVAS";"PR";"Pequeno Porte I";"43,878875369960120167";"134,58896162368512250";"1. Despertados (Efeito Indutor)"
"4105102";"CENTENARIO DO SUL";"PR";"Pequeno Porte I";"35,563379276172945254";"100,74038605890055464";"1. Despertados (Efeito Indutor)"
"4105201";"CERRO AZUL";"PR";"Pequeno Porte I";"0,970522319070366124";"86,79001333731315526";"1. Despertados (Efeito Indutor)"
"4105300";"CEU AZUL";"PR";"Pequeno Porte I";"39,761825983377434568";"63,35657390695882896";"1. Despertados (Efeito Indutor)"
"4105409";"CHOPINZINHO";"PR";"Pequeno Porte II";"18,799580976528101672";"32,33739918555945536";"1. Despertados (Efeito Indutor)"
"4105508";"CIANORTE";"PR";"Médio Porte";"22,813848025435806477";"25,45603123172841720";"2. Constantes (Sustentabilidade)"
"4105607";"CIDADE GAUCHA";"PR";"Pequeno Porte I";"62,587342695284363003";"7,40133612279568531";"4. Efeito Substituição (Retração Local)"
"4105706";"CLEVELANDIA";"PR";"Pequeno Porte I";"4,404018512256448581";"27,52147538040402353";"1. Despertados (Efeito Indutor)"
"4105805";"COLOMBO";"PR";"Grande Porte";"12,050126167299142210";"16,01033054286068591";"2. Constantes (Sustentabilidade)"
"4105904";"COLORADO";"PR";"Pequeno Porte II";"11,648726181029712023";"13,55494597742145224";"2. Constantes (Sustentabilidade)"
"4106001";"CONGONHINHAS";"PR";"Pequeno Porte I";"20,684526515041071093";"128,54586470075850002";"1. Despertados (Efeito Indutor)"
"4106100";"CONSELHEIRO MAIRINCK";"PR";"Pequeno Porte I";"0,000000000000000000";"124,81903939882768384";"1. Despertados (Efeito Indutor)"
"4106209";"CONTENDA";"PR";"Pequeno Porte I";"12,773275214864618476";"32,39588676313420734";"1. Despertados (Efeito Indutor)"
"4106308";"CORBELIA";"PR";"Pequeno Porte I";"131,286457004943429183";"53,86801992998561417";"4. Efeito Substituição (Retração Local)"
"4106407";"CORNELIO PROCOPIO";"PR";"Pequeno Porte II";"24,513728293611318776";"28,01227901163562350";"2. Constantes (Sustentabilidade)"
"4106456";"CORONEL DOMINGOS SOARES";"PR";"Pequeno Porte I";"20,022107665660108466";"38,38618414926011724";"1. Despertados (Efeito Indutor)"
"4106506";"CORONEL VIVIDA";"PR";"Pequeno Porte II";"21,161558644664527407";"28,03114943088426969";"2. Constantes (Sustentabilidade)"
"4106555";"CORUMBATAI DO SUL";"PR";"Pequeno Porte I";"0,000000000000000000";"2,89003996353073012";"2. Constantes (Sustentabilidade)"
"4106571";"CRUZEIRO DO IGUACU";"PR";"Pequeno Porte I";"59,612530567207571153";"66,20027166760294790";"2. Constantes (Sustentabilidade)"
"4106605";"CRUZEIRO DO OESTE";"PR";"Pequeno Porte II";"8,902856553647664484";"7,19281745346012968";"2. Constantes (Sustentabilidade)"
"4106704";"CRUZEIRO DO SUL";"PR";"Pequeno Porte I";"52,053059034916365988";"78,12007396595436148";"1. Despertados (Efeito Indutor)"
"4106803";"CRUZ MACHADO";"PR";"Pequeno Porte I";"15,095267289147795253";"26,45052625002367108";"1. Despertados (Efeito Indutor)"
"4106852";"CRUZMALTINA";"PR";"Pequeno Porte I";"51,385927435353664805";"97,04357129095862433";"1. Despertados (Efeito Indutor)"
"4106902";"CURITIBA";"PR";"Metrópole";"59,058448512139413822";"69,73124390025876096";"2. Constantes (Sustentabilidade)"
"4107009";"CURIUVA";"PR";"Pequeno Porte I";"14,116589969241180924";"0,00000000000000000";"4. Efeito Substituição (Retração Local)"
"4107108";"DIAMANTE DO NORTE";"PR";"Pequeno Porte I";"28,547465582760153779";"32,63627859508453355";"2. Constantes (Sustentabilidade)"
"4107124";"DIAMANTE DO SUL";"PR";"Pequeno Porte I";"0,403351719453277413";"2,58378895295135580";"2. Constantes (Sustentabilidade)"
"4107157";"DIAMANTE D'OESTE";"PR";"Pequeno Porte I";"1,134033601218542797";"71,38978623928545630";"1. Despertados (Efeito Indutor)"
"4107207";"DOIS VIZINHOS";"PR";"Pequeno Porte II";"26,502411056982047910";"33,42107978049099160";"2. Constantes (Sustentabilidade)"
"4107256";"DOURADINA";"PR";"Pequeno Porte I";"2,068172740067736548";"13,45847162162965915";"1. Despertados (Efeito Indutor)"
"4107306";"DOUTOR CAMARGO";"PR";"Pequeno Porte I";"10,530248367203103754";"153,60278656388078389";"1. Despertados (Efeito Indutor)"
"4107405";"ENEAS MARQUES";"PR";"Pequeno Porte I";"1,322552664175980830";"50,75829605877296302";"1. Despertados (Efeito Indutor)"
"4107504";"ENGENHEIRO BELTRAO";"PR";"Pequeno Porte I";"46,716937543934449195";"32,75106411401070261";"2. Constantes (Sustentabilidade)"
"4107546";"ESPIGAO ALTO DO IGUACU";"PR";"Pequeno Porte I";"38,801175142714882327";"48,35084489458308354";"2. Constantes (Sustentabilidade)"
"4107603";"FAXINAL";"PR";"Pequeno Porte I";"13,789062161972072573";"61,39137484695508817";"1. Despertados (Efeito Indutor)"
"4107652";"FAZENDA RIO GRANDE";"PR";"Grande Porte";"18,726203240742847811";"18,88850249390539915";"2. Constantes (Sustentabilidade)"
"4107702";"FENIX";"PR";"Pequeno Porte I";"0,993180541857475396";"20,01457947469682352";"1. Despertados (Efeito Indutor)"
"4107736";"FERNANDES PINHEIRO";"PR";"Pequeno Porte I";"56,823161918809162785";"68,85094710736687773";"2. Constantes (Sustentabilidade)"
"4107751";"FIGUEIRA";"PR";"Pequeno Porte I";"0,000000000000000000";"7,89324957654125026";"1. Despertados (Efeito Indutor)"
"4107850";"FLOR DA SERRA DO SUL";"PR";"Pequeno Porte I";"37,350011973955439259";"71,41859980626757931";"1. Despertados (Efeito Indutor)"
"4107900";"FLORESTA";"PR";"Pequeno Porte I";"0,000000000000000000";"4,05903518837253774";"2. Constantes (Sustentabilidade)"
"4108007";"FLORESTOPOLIS";"PR";"Pequeno Porte I";"0,000000000000000000";"6,37098295849035612";"1. Despertados (Efeito Indutor)"
"4108106";"FLORIDA";"PR";"Pequeno Porte I";"18,211543386709813319";"24,40785972015234861";"2. Constantes (Sustentabilidade)"
"4108304";"FOZ DO IGUACU";"PR";"Grande Porte";"30,330764058117622994";"133,73610810045374819";"1. Despertados (Efeito Indutor)"
"4108320";"FRANCISCO ALVES";"PR";"Pequeno Porte I";"0,000000000000000000";"1,49375645298827076";"2. Constantes (Sustentabilidade)"
"4108403";"FRANCISCO BELTRAO";"PR";"Médio Porte";"70,453751703444979171";"97,43018976603426040";"1. Despertados (Efeito Indutor)"
"4108502";"GENERAL CARNEIRO";"PR";"Pequeno Porte I";"1,335137283814477271";"7,09465272097651045";"1. Despertados (Efeito Indutor)"
"4108551";"GODOY MOREIRA";"PR";"Pequeno Porte I";"7,470109765368674992";"49,27726970438965282";"1. Despertados (Efeito Indutor)"
"4108601";"GOIOERE";"PR";"Pequeno Porte II";"30,114446818635080660";"76,87041498187119259";"1. Despertados (Efeito Indutor)"
"4108650";"GOIOXIM";"PR";"Pequeno Porte I";"1,003492793018572415";"56,00299699220298777";"1. Despertados (Efeito Indutor)"
"4108809";"GUAIRA";"PR";"Pequeno Porte II";"28,564272694121321194";"60,98759957836617218";"1. Despertados (Efeito Indutor)"
"4108908";"GUAIRACA";"PR";"Pequeno Porte I";"68,195239001524470268";"16,53967909273746884";"4. Efeito Substituição (Retração Local)"
"4108957";"GUAMIRANGA";"PR";"Pequeno Porte I";"0,401857265299152833";"4,03063803075306915";"2. Constantes (Sustentabilidade)"
"4109104";"GUAPOREMA";"PR";"Pequeno Porte I";"28,151447784502778404";"72,79562198713938415";"1. Despertados (Efeito Indutor)"
"4109203";"GUARACI";"PR";"Pequeno Porte I";"88,757647856910224959";"0,00000000000000000";"4. Efeito Substituição (Retração Local)"
"4109302";"GUARANIACU";"PR";"Pequeno Porte I";"8,875800709207325667";"69,85850754381141314";"1. Despertados (Efeito Indutor)"
"4109401";"GUARAPUAVA";"PR";"Grande Porte";"29,935438477707318583";"26,09146877706317014";"2. Constantes (Sustentabilidade)"
"4109609";"GUARATUBA";"PR";"Pequeno Porte II";"72,063325234804551656";"36,93651701287198819";"4. Efeito Substituição (Retração Local)"
"4109658";"HONORIO SERPA";"PR";"Pequeno Porte I";"5,892244105513213093";"18,60967723738518487";"1. Despertados (Efeito Indutor)"
"4109708";"IBAITI";"PR";"Pequeno Porte II";"20,309798219308127898";"9,32625390351305761";"4. Efeito Substituição (Retração Local)"
"4109757";"IBEMA";"PR";"Pequeno Porte I";"42,626090393278097679";"143,20861320882460177";"1. Despertados (Efeito Indutor)"
"4109807";"IBIPORA";"PR";"Médio Porte";"85,718870762817545028";"126,81482902177944538";"1. Despertados (Efeito Indutor)"
"4109906";"ICARAIMA";"PR";"Pequeno Porte I";"35,700740317002136237";"97,16240832408163897";"1. Despertados (Efeito Indutor)"
"4110003";"IGUARACU";"PR";"Pequeno Porte I";"0,000000000000000000";"112,67649291246199539";"1. Despertados (Efeito Indutor)"
"4110078";"IMBAU";"PR";"Pequeno Porte I";"0,136189012825736644";"59,76955092943029513";"1. Despertados (Efeito Indutor)"
"4110102";"IMBITUVA";"PR";"Pequeno Porte II";"1,330739457805566017";"2,86145323261172813";"2. Constantes (Sustentabilidade)"
"4110201";"INACIO MARTINS";"PR";"Pequeno Porte I";"1,652124651201485328";"0,77685744624167774";"2. Constantes (Sustentabilidade)"
"4110300";"INAJA";"PR";"Pequeno Porte I";"31,892163980607669771";"29,31960812037194586";"2. Constantes (Sustentabilidade)"
"4110409";"INDIANOPOLIS";"PR";"Pequeno Porte I";"8,926290283440765805";"21,89158689464149887";"1. Despertados (Efeito Indutor)"
"4110508";"IPIRANGA";"PR";"Pequeno Porte I";"23,753771802013485370";"19,13443890730091113";"2. Constantes (Sustentabilidade)"
"4110607";"IPORA";"PR";"Pequeno Porte I";"6,644928202177872834";"9,07979007997808019";"2. Constantes (Sustentabilidade)"
"4110706";"IRATI";"PR";"Médio Porte";"37,327596332957483583";"37,41622005665452377";"2. Constantes (Sustentabilidade)"
"4110805";"IRETAMA";"PR";"Pequeno Porte I";"8,513294976341654774";"5,17926925995657150";"2. Constantes (Sustentabilidade)"
"4110904";"ITAGUAJE";"PR";"Pequeno Porte I";"0,000000000000000000";"0,54013224864776466";"2. Constantes (Sustentabilidade)"
"4110953";"ITAIPULANDIA";"PR";"Pequeno Porte I";"138,415102790744953154";"128,58521969967125642";"2. Constantes (Sustentabilidade)"
"4111001";"ITAMBARACA";"PR";"Pequeno Porte I";"3,085542176448181184";"40,04407225078595900";"1. Despertados (Efeito Indutor)"
"4111100";"ITAMBE";"PR";"Pequeno Porte I";"109,466921459211263823";"120,20990233732305796";"2. Constantes (Sustentabilidade)"
"4111209";"ITAPEJARA D'OESTE";"PR";"Pequeno Porte I";"0,000000000000000000";"76,65232126548497149";"1. Despertados (Efeito Indutor)"
"4111258";"ITAPERUCU";"PR";"Pequeno Porte II";"1,374647419864078346";"0,00867616071306558";"2. Constantes (Sustentabilidade)"
"4111308";"ITAUNA DO SUL";"PR";"Pequeno Porte I";"15,747208612956262286";"0,04666713914060074";"4. Efeito Substituição (Retração Local)"
"4111407";"IVAI";"PR";"Pequeno Porte I";"9,315520667383340836";"0,00000000000000000";"4. Efeito Substituição (Retração Local)"
"4111506";"IVAIPORA";"PR";"Pequeno Porte II";"35,894223872226930894";"58,63021892394731083";"1. Despertados (Efeito Indutor)"
"4111555";"IVATE";"PR";"Pequeno Porte I";"24,162150745703424803";"81,87851836799430316";"1. Despertados (Efeito Indutor)"
"4111704";"JABOTI";"PR";"Pequeno Porte I";"0,000000000000000000";"7,10803541278604456";"1. Despertados (Efeito Indutor)"
"4111803";"JACAREZINHO";"PR";"Pequeno Porte II";"17,294651359796848311";"44,05510649988094940";"1. Despertados (Efeito Indutor)"
"4111902";"JAGUAPITA";"PR";"Pequeno Porte I";"4,689363771574480921";"45,47705975521212451";"1. Despertados (Efeito Indutor)"
"4112009";"JAGUARIAIVA";"PR";"Pequeno Porte II";"31,715840798595227312";"72,66356751563859007";"1. Despertados (Efeito Indutor)"
"4112108";"JANDAIA DO SUL";"PR";"Pequeno Porte II";"4,621864126654388727";"28,78493634477334595";"1. Despertados (Efeito Indutor)"
"4112207";"JANIOPOLIS";"PR";"Pequeno Porte I";"0,000000000000000000";"106,81149053191523990";"1. Despertados (Efeito Indutor)"
"4112306";"JAPIRA";"PR";"Pequeno Porte I";"9,419159403483748250";"21,54019143228823907";"1. Despertados (Efeito Indutor)"
"4112405";"JAPURA";"PR";"Pequeno Porte I";"11,926182740343243438";"120,84223151241826599";"1. Despertados (Efeito Indutor)"
"4112504";"JARDIM ALEGRE";"PR";"Pequeno Porte I";"0,000000000000000000";"51,24036344337523019";"1. Despertados (Efeito Indutor)"
"4112702";"JATAIZINHO";"PR";"Pequeno Porte I";"107,881154688606414993";"91,92459217364826429";"2. Constantes (Sustentabilidade)"
"4112751";"JESUITAS";"PR";"Pequeno Porte I";"71,317291957772852129";"22,70764708215511973";"4. Efeito Substituição (Retração Local)"
"4112900";"JUNDIAI DO SUL";"PR";"Pequeno Porte I";"0,435808523475374465";"119,46647991401763989";"1. Despertados (Efeito Indutor)"
"4113007";"JUSSARA";"PR";"Pequeno Porte I";"31,856827121092635480";"122,32294511671184978";"1. Despertados (Efeito Indutor)"
"4113106";"KALORE";"PR";"Pequeno Porte I";"9,809723967815044077";"101,05166614724632268";"1. Despertados (Efeito Indutor)"
"4113205";"LAPA";"PR";"Pequeno Porte II";"28,258255931781175008";"28,60734322359717652";"2. Constantes (Sustentabilidade)"
"4113254";"LARANJAL";"PR";"Pequeno Porte I";"20,119938813247038922";"38,88906514290640359";"1. Despertados (Efeito Indutor)"
"4113304";"LARANJEIRAS DO SUL";"PR";"Pequeno Porte II";"11,450756431376174049";"2,97824020006600021";"4. Efeito Substituição (Retração Local)"
"4113452";"LINDOESTE";"PR";"Pequeno Porte I";"19,288518223877986202";"28,90018264254119984";"1. Despertados (Efeito Indutor)"
"4113502";"LOANDA";"PR";"Pequeno Porte II";"9,859445664937984688";"8,67114093021203480";"2. Constantes (Sustentabilidade)"
"4113601";"LOBATO";"PR";"Pequeno Porte I";"74,976812113103704860";"33,33746779312912878";"4. Efeito Substituição (Retração Local)"
"4113700";"LONDRINA";"PR";"Grande Porte";"31,430787611982349716";"29,31182387599638872";"2. Constantes (Sustentabilidade)"
"4113759";"LUNARDELLI";"PR";"Pequeno Porte I";"0,000000000000000000";"17,65522975998307942";"1. Despertados (Efeito Indutor)"
"4113809";"LUPIONOPOLIS";"PR";"Pequeno Porte I";"24,371495657343970720";"52,25102187147719235";"1. Despertados (Efeito Indutor)"
"4113908";"MALLET";"PR";"Pequeno Porte I";"21,169686221630787060";"23,96350752538111095";"2. Constantes (Sustentabilidade)"
"4114005";"MAMBORE";"PR";"Pequeno Porte I";"41,494208702834789904";"96,11172131470232216";"1. Despertados (Efeito Indutor)"
"4114104";"MANDAGUACU";"PR";"Pequeno Porte II";"11,451422716990519390";"21,33761922029275837";"1. Despertados (Efeito Indutor)"
"4114203";"MANDAGUARI";"PR";"Pequeno Porte II";"22,904183057757730779";"74,25468896383367223";"1. Despertados (Efeito Indutor)"
"4114302";"MANDIRITUBA";"PR";"Pequeno Porte II";"5,216808294722977024";"3,21944796480001738";"2. Constantes (Sustentabilidade)"
"4114351";"MANFRINOPOLIS";"PR";"Pequeno Porte I";"14,081139411342034506";"35,90661544227542379";"1. Despertados (Efeito Indutor)"
"4114401";"MANGUEIRINHA";"PR";"Pequeno Porte I";"2,163523470091583079";"13,81435610348029641";"1. Despertados (Efeito Indutor)"
"4114500";"MANOEL RIBAS";"PR";"Pequeno Porte I";"0,000000000000000000";"95,55104926011463817";"1. Despertados (Efeito Indutor)"
"4114609";"MARECHAL CANDIDO RONDON";"PR";"Médio Porte";"52,661605328525787684";"168,74432301358564246";"1. Despertados (Efeito Indutor)"
"4114708";"MARIA HELENA";"PR";"Pequeno Porte I";"19,776535252123917275";"40,46493000064569401";"1. Despertados (Efeito Indutor)"
"4114807";"MARIALVA";"PR";"Pequeno Porte II";"21,926034402233387510";"34,02462119028435694";"1. Despertados (Efeito Indutor)"
"4114906";"MARILANDIA DO SUL";"PR";"Pequeno Porte I";"0,000000000000000000";"90,15331694651919747";"1. Despertados (Efeito Indutor)"
"4115002";"MARILENA";"PR";"Pequeno Porte I";"4,910488133232991714";"34,96498621634592041";"1. Despertados (Efeito Indutor)"
"4115200";"MARINGA";"PR";"Grande Porte";"37,212380317708962707";"43,19905923416255433";"2. Constantes (Sustentabilidade)"
"4115309";"MARIOPOLIS";"PR";"Pequeno Porte I";"8,608659106035242203";"17,73263861757956050";"1. Despertados (Efeito Indutor)"
"4115408";"MARMELEIRO";"PR";"Pequeno Porte I";"13,194006752112496628";"31,24113046062273824";"1. Despertados (Efeito Indutor)"
"4115457";"MARQUINHO";"PR";"Pequeno Porte I";"0,000000000000000000";"6,98658303730017760";"1. Despertados (Efeito Indutor)"
"4115507";"MARUMBI";"PR";"Pequeno Porte I";"19,900199662857605887";"93,92012610975504572";"1. Despertados (Efeito Indutor)"
"4115705";"MATINHOS";"PR";"Pequeno Porte II";"0,783462552293399006";"8,48901881645866041";"1. Despertados (Efeito Indutor)"
"4115739";"MATO RICO";"PR";"Pequeno Porte I";"45,574361558223415614";"44,91290816178749168";"2. Constantes (Sustentabilidade)"
"4115754";"MAUA DA SERRA";"PR";"Pequeno Porte I";"5,463267550348436252";"106,55886164145115913";"1. Despertados (Efeito Indutor)"
"4115804";"MEDIANEIRA";"PR";"Médio Porte";"14,716557227318396883";"23,22910422784906004";"1. Despertados (Efeito Indutor)"
"4115853";"MERCEDES";"PR";"Pequeno Porte I";"128,268561900070864112";"106,86790327827158364";"2. Constantes (Sustentabilidade)"
"4115903";"MIRADOR";"PR";"Pequeno Porte I";"28,994431260475963086";"166,19423425858576593";"1. Despertados (Efeito Indutor)"
"4116000";"MIRASELVA";"PR";"Pequeno Porte I";"0,000000000000000000";"195,82739084470452440";"1. Despertados (Efeito Indutor)"
"4116059";"MISSAL";"PR";"Pequeno Porte I";"58,715688143626088902";"77,28994523672589878";"1. Despertados (Efeito Indutor)"
"4116109";"MOREIRA SALES";"PR";"Pequeno Porte I";"27,388217761971954900";"15,02970156599552709";"4. Efeito Substituição (Retração Local)"
"4116208";"MORRETES";"PR";"Pequeno Porte I";"0,162609434844991713";"0,00000000000000000";"2. Constantes (Sustentabilidade)"
"4116307";"MUNHOZ DE MELO";"PR";"Pequeno Porte I";"89,094579509699329378";"155,69151311204041122";"1. Despertados (Efeito Indutor)"
"4116406";"NOSSA SENHORA DAS GRACAS";"PR";"Pequeno Porte I";"0,000000000000000000";"133,49087274222355859";"1. Despertados (Efeito Indutor)"
"4116505";"NOVA ALIANCA DO IVAI";"PR";"Pequeno Porte I";"10,512392570365117095";"0,00000000000000000";"4. Efeito Substituição (Retração Local)"
"4116604";"NOVA AMERICA DA COLINA";"PR";"Pequeno Porte I";"2,605842917178915918";"7,73987177496496237";"2. Constantes (Sustentabilidade)"
"4116703";"NOVA AURORA";"PR";"Pequeno Porte I";"20,652980540916892949";"50,55129330902443741";"1. Despertados (Efeito Indutor)"
"4116802";"NOVA CANTU";"PR";"Pequeno Porte I";"0,000000000000000000";"2,66646270927152607";"2. Constantes (Sustentabilidade)"
"4116901";"NOVA ESPERANCA";"PR";"Pequeno Porte II";"32,996828872923089193";"78,45489846216145224";"1. Despertados (Efeito Indutor)"
"4116950";"NOVA ESPERANCA DO SUDOESTE";"PR";"Pequeno Porte I";"35,586434998229776738";"53,71992507333978040";"1. Despertados (Efeito Indutor)"
"4117008";"NOVA FATIMA";"PR";"Pequeno Porte I";"28,039093498942058602";"19,80885903214397814";"2. Constantes (Sustentabilidade)"
"4117057";"NOVA LARANJEIRAS";"PR";"Pequeno Porte I";"39,305764931973911303";"94,70160449695147520";"1. Despertados (Efeito Indutor)"
"4117107";"NOVA LONDRINA";"PR";"Pequeno Porte I";"43,890677217554831202";"74,05561551845065082";"1. Despertados (Efeito Indutor)"
"4117206";"NOVA OLIMPIA";"PR";"Pequeno Porte I";"0,000000000000000000";"140,04384929030632634";"1. Despertados (Efeito Indutor)"
"4117214";"NOVA SANTA BARBARA";"PR";"Pequeno Porte I";"17,455131595645777765";"71,41260873103908580";"1. Despertados (Efeito Indutor)"
"4117255";"NOVA PRATA DO IGUACU";"PR";"Pequeno Porte I";"0,483246866359088811";"30,17928654147171841";"1. Despertados (Efeito Indutor)"
"4117271";"NOVA TEBAS";"PR";"Pequeno Porte I";"0,231109233459488222";"41,32885588401269672";"1. Despertados (Efeito Indutor)"
"4117305";"ORTIGUEIRA";"PR";"Pequeno Porte II";"0,000000000000000000";"146,97791679315167812";"1. Despertados (Efeito Indutor)"
"4117404";"OURIZONA";"PR";"Pequeno Porte I";"99,571903165687388082";"93,81196114865329605";"2. Constantes (Sustentabilidade)"
"4117453";"OURO VERDE DO OESTE";"PR";"Pequeno Porte I";"39,968639069024796129";"151,63591818471294914";"1. Despertados (Efeito Indutor)"
"4117503";"PAICANDU";"PR";"Pequeno Porte II";"8,366159330235223734";"19,58963213613371934";"1. Despertados (Efeito Indutor)"
"4117602";"PALMAS";"PR";"Pequeno Porte II";"22,170679458252273264";"15,84174865897820439";"2. Constantes (Sustentabilidade)"
"4117701";"PALMEIRA";"PR";"Pequeno Porte II";"54,135984296055141840";"59,71439777618694222";"2. Constantes (Sustentabilidade)"
"4117800";"PALMITAL";"PR";"Pequeno Porte I";"0,000000000000000000";"32,97574034608542348";"1. Despertados (Efeito Indutor)"
"4117909";"PALOTINA";"PR";"Pequeno Porte II";"30,018127146112181691";"63,89828696985081535";"1. Despertados (Efeito Indutor)"
"4118006";"PARAISO DO NORTE";"PR";"Pequeno Porte I";"53,815131307745687650";"114,26561229211057480";"1. Despertados (Efeito Indutor)"
"4118105";"PARANACITY";"PR";"Pequeno Porte I";"6,540623186315198012";"10,13546486369184052";"2. Constantes (Sustentabilidade)"
"4118204";"PARANAGUA";"PR";"Grande Porte";"21,733438731398496913";"24,54106808686158914";"2. Constantes (Sustentabilidade)"
"4118303";"PARANAPOEMA";"PR";"Pequeno Porte I";"69,635037133591055181";"180,49661936973109277";"1. Despertados (Efeito Indutor)"
"4118402";"PARANAVAI";"PR";"Médio Porte";"27,041758130511492908";"47,10268141423429000";"1. Despertados (Efeito Indutor)"
"4118501";"PATO BRANCO";"PR";"Médio Porte";"0,000000000000000000";"15,65972155512837460";"1. Despertados (Efeito Indutor)"
"4118600";"PAULA FREITAS";"PR";"Pequeno Porte I";"30,341514467053940507";"46,99889729762112722";"1. Despertados (Efeito Indutor)"
"4118709";"PAULO FRONTIN";"PR";"Pequeno Porte I";"0,815984278340259217";"0,54422719635548589";"2. Constantes (Sustentabilidade)"
"4118808";"PEABIRU";"PR";"Pequeno Porte I";"34,652307585170433413";"101,57994011715049965";"1. Despertados (Efeito Indutor)"
"4118857";"PEROBAL";"PR";"Pequeno Porte I";"18,686228421468300098";"20,06579208935082193";"2. Constantes (Sustentabilidade)"
"4118907";"PEROLA";"PR";"Pequeno Porte I";"25,569370544694795200";"77,16222758822274841";"1. Despertados (Efeito Indutor)"
"4119004";"PEROLA D'OESTE";"PR";"Pequeno Porte I";"1,197877118559570464";"6,18708614285076486";"2. Constantes (Sustentabilidade)"
"4119103";"PIEN";"PR";"Pequeno Porte I";"23,392407669463906927";"130,51849108052726933";"1. Despertados (Efeito Indutor)"
"4119152";"PINHAIS";"PR";"Grande Porte";"4,385757336757789560";"7,59945733297979586";"2. Constantes (Sustentabilidade)"
"4119202";"PINHALAO";"PR";"Pequeno Porte I";"6,213192527494026507";"37,35555148752416699";"1. Despertados (Efeito Indutor)"
"4119251";"PINHAL DE SAO BENTO";"PR";"Pequeno Porte I";"41,191010576614552008";"92,64258118476794834";"1. Despertados (Efeito Indutor)"
"4119301";"PINHAO";"PR";"Pequeno Porte II";"11,919621059677552921";"63,52330246208953213";"1. Despertados (Efeito Indutor)"
"4119400";"PIRAI DO SUL";"PR";"Pequeno Porte II";"6,256107588246004880";"40,17729974931771153";"1. Despertados (Efeito Indutor)"
"4119509";"PIRAQUARA";"PR";"Grande Porte";"37,607084756130454650";"26,29885463173925331";"2. Constantes (Sustentabilidade)"
"4119608";"PITANGA";"PR";"Pequeno Porte II";"20,674624610679810388";"18,63949155543163627";"2. Constantes (Sustentabilidade)"
"4119657";"PITANGUEIRAS";"PR";"Pequeno Porte I";"126,002678742293397818";"172,22207031519891984";"1. Despertados (Efeito Indutor)"
"4119707";"PLANALTINA DO PARANA";"PR";"Pequeno Porte I";"0,000000000000000000";"76,67737280765686592";"1. Despertados (Efeito Indutor)"
"4119806";"PLANALTO";"PR";"Pequeno Porte I";"38,042178059643326549";"68,20870732498150346";"1. Despertados (Efeito Indutor)"
"4119905";"PONTA GROSSA";"PR";"Grande Porte";"27,396555254642596111";"52,38174443267998015";"1. Despertados (Efeito Indutor)"
"4119954";"PONTAL DO PARANA";"PR";"Pequeno Porte II";"0,404931041950787662";"7,15014745906074456";"1. Despertados (Efeito Indutor)"
"4120002";"PORECATU";"PR";"Pequeno Porte I";"28,640312739227411498";"64,53824713466300977";"1. Despertados (Efeito Indutor)"
"4120101";"PORTO AMAZONAS";"PR";"Pequeno Porte I";"105,079141407582397960";"63,81185542520319132";"4. Efeito Substituição (Retração Local)"
"4120150";"PORTO BARREIRO";"PR";"Pequeno Porte I";"6,780187646329998152";"25,12295496718628129";"1. Despertados (Efeito Indutor)"
"4120200";"PORTO RICO";"PR";"Pequeno Porte I";"18,281962448579793801";"44,58656380541349051";"1. Despertados (Efeito Indutor)"
"4120358";"PRANCHITA";"PR";"Pequeno Porte I";"25,918573546536951113";"37,11711057885354847";"1. Despertados (Efeito Indutor)"
"4120408";"PRESIDENTE CASTELO BRANCO";"PR";"Pequeno Porte I";"0,000000000000000000";"169,03971336997000208";"1. Despertados (Efeito Indutor)"
"4120606";"PRUDENTOPOLIS";"PR";"Pequeno Porte II";"35,409701777558389324";"30,74450845178037284";"2. Constantes (Sustentabilidade)"
"4120655";"QUARTO CENTENARIO";"PR";"Pequeno Porte I";"12,352702986254184836";"118,00769141809934126";"1. Despertados (Efeito Indutor)"
"4120705";"QUATIGUA";"PR";"Pequeno Porte I";"13,488456453667502899";"65,41642053535314005";"1. Despertados (Efeito Indutor)"
"4120804";"QUATRO BARRAS";"PR";"Pequeno Porte II";"46,529965271995394005";"58,05874092411759335";"2. Constantes (Sustentabilidade)"
"4120903";"QUEDAS DO IGUACU";"PR";"Pequeno Porte II";"46,939714369635282765";"47,10404431370566414";"2. Constantes (Sustentabilidade)"
"4121000";"QUERENCIA DO NORTE";"PR";"Pequeno Porte I";"13,059382990230416155";"0,81166091092322423";"4. Efeito Substituição (Retração Local)"
"4121109";"QUINTA DO SOL";"PR";"Pequeno Porte I";"1,566111447695234693";"8,39390814316016787";"1. Despertados (Efeito Indutor)"
"4121257";"RAMILANDIA";"PR";"Pequeno Porte I";"31,546484614842370320";"65,80924619791996122";"1. Despertados (Efeito Indutor)"
"4121406";"REALEZA";"PR";"Pequeno Porte I";"26,217372055666963604";"148,01764958518930371";"1. Despertados (Efeito Indutor)"
"4121505";"REBOUCAS";"PR";"Pequeno Porte I";"35,701224221762316802";"73,41961354532105588";"1. Despertados (Efeito Indutor)"
"4121604";"RENASCENCA";"PR";"Pequeno Porte I";"37,435626098495660585";"166,44696882597497734";"1. Despertados (Efeito Indutor)"
"4121703";"RESERVA";"PR";"Pequeno Porte II";"2,896629677660738089";"43,21678568350334615";"1. Despertados (Efeito Indutor)"
"4121802";"RIBEIRAO CLARO";"PR";"Pequeno Porte I";"31,739422390018606990";"54,77889903433249685";"1. Despertados (Efeito Indutor)"
"4121901";"RIBEIRAO DO PINHAL";"PR";"Pequeno Porte I";"11,857133675391931860";"42,07781514391638211";"1. Despertados (Efeito Indutor)"
"4122008";"RIO AZUL";"PR";"Pequeno Porte I";"52,344890648590407523";"79,20360581887479157";"1. Despertados (Efeito Indutor)"
"4122107";"RIO BOM";"PR";"Pequeno Porte I";"18,571900882407039290";"2,89994191068895013";"4. Efeito Substituição (Retração Local)"
"4122156";"RIO BONITO DO IGUACU";"PR";"Pequeno Porte I";"3,184586815265903148";"58,87447302229233514";"1. Despertados (Efeito Indutor)"
"4122172";"RIO BRANCO DO IVAI";"PR";"Pequeno Porte I";"0,000000000000000000";"162,15181747518164457";"1. Despertados (Efeito Indutor)"
"4122206";"RIO BRANCO DO SUL";"PR";"Pequeno Porte II";"13,116590479034064387";"8,05385052365179277";"2. Constantes (Sustentabilidade)"
"4122305";"RIO NEGRO";"PR";"Pequeno Porte II";"48,855936612276821052";"37,04359902999946286";"2. Constantes (Sustentabilidade)"
"4122404";"ROLANDIA";"PR";"Médio Porte";"20,154136607445771290";"45,47064568095385084";"1. Despertados (Efeito Indutor)"
"4122503";"RONCADOR";"PR";"Pequeno Porte I";"0,104490338819667322";"7,16088486927664647";"1. Despertados (Efeito Indutor)"
"4122602";"RONDON";"PR";"Pequeno Porte I";"12,780164162773131054";"193,27431112218454246";"1. Despertados (Efeito Indutor)"
"4122701";"SABAUDIA";"PR";"Pequeno Porte I";"7,949091674244326278";"116,86915710084696229";"1. Despertados (Efeito Indutor)"
"4122800";"SALGADO FILHO";"PR";"Pequeno Porte I";"8,135485528929264021";"61,27987921726621323";"1. Despertados (Efeito Indutor)"
"4122909";"SALTO DO ITARARE";"PR";"Pequeno Porte I";"0,000000000000000000";"24,90782100830448442";"1. Despertados (Efeito Indutor)"
"4123006";"SALTO DO LONTRA";"PR";"Pequeno Porte I";"26,717729606640499895";"21,57132869365641170";"2. Constantes (Sustentabilidade)"
"4123105";"SANTA AMELIA";"PR";"Pequeno Porte I";"12,093757965469666971";"104,00867338960574671";"1. Despertados (Efeito Indutor)"
"4123204";"SANTA CECILIA DO PAVAO";"PR";"Pequeno Porte I";"46,790528425932258472";"169,60091640279833314";"1. Despertados (Efeito Indutor)"
"4123303";"SANTA CRUZ DE MONTE CASTELO";"PR";"Pequeno Porte I";"6,886767167225421815";"6,05046817777290080";"2. Constantes (Sustentabilidade)"
"4123402";"SANTA FE";"PR";"Pequeno Porte I";"0,000000000000000000";"126,78367148805767783";"1. Despertados (Efeito Indutor)"
"4123501";"SANTA HELENA";"PR";"Pequeno Porte II";"48,550412350191869848";"23,72237084299423771";"4. Efeito Substituição (Retração Local)"
"4123600";"SANTA INES";"PR";"Pequeno Porte I";"37,540151778348317180";"96,69301701844142372";"1. Despertados (Efeito Indutor)"
"4123709";"SANTA ISABEL DO IVAI";"PR";"Pequeno Porte I";"19,540224535191644151";"29,78384428812671914";"1. Despertados (Efeito Indutor)"
"4123808";"SANTA IZABEL DO OESTE";"PR";"Pequeno Porte I";"7,068496981844739402";"0,00000000000000000";"4. Efeito Substituição (Retração Local)"
"4123824";"SANTA LUCIA";"PR";"Pequeno Porte I";"40,854303137420259873";"186,94040751446829063";"1. Despertados (Efeito Indutor)"
"4123857";"SANTA MARIA DO OESTE";"PR";"Pequeno Porte I";"4,592325534366160866";"24,53130151019969674";"1. Despertados (Efeito Indutor)"
"4123907";"SANTA MARIANA";"PR";"Pequeno Porte I";"95,844822593245694975";"142,87929982808702789";"1. Despertados (Efeito Indutor)"
"4123956";"SANTA MONICA";"PR";"Pequeno Porte I";"2,799619272409845649";"2,73669033982098320";"2. Constantes (Sustentabilidade)"
"4124004";"SANTANA DO ITARARE";"PR";"Pequeno Porte I";"4,258919681278591440";"7,16200560079046866";"2. Constantes (Sustentabilidade)"
"4124020";"SANTA TEREZA DO OESTE";"PR";"Pequeno Porte I";"9,854124279574001832";"64,80565709308201860";"1. Despertados (Efeito Indutor)"
"4124053";"SANTA TEREZINHA DE ITAIPU";"PR";"Pequeno Porte II";"21,032464160247574370";"123,03861719915899187";"1. Despertados (Efeito Indutor)"
"4124103";"SANTO ANTONIO DA PLATINA";"PR";"Pequeno Porte II";"16,772293263015697562";"10,20279845174039224";"2. Constantes (Sustentabilidade)"
"4124202";"SANTO ANTONIO DO CAIUA";"PR";"Pequeno Porte I";"137,082836965638364290";"142,46633076437524323";"2. Constantes (Sustentabilidade)"
"4124400";"SANTO ANTONIO DO SUDOESTE";"PR";"Pequeno Porte II";"0,864278846584997429";"0,03611836571763205";"2. Constantes (Sustentabilidade)"
"4124608";"SAO CARLOS DO IVAI";"PR";"Pequeno Porte I";"22,836866726399112082";"129,68121906684913824";"1. Despertados (Efeito Indutor)"
"4124707";"SAO JERONIMO DA SERRA";"PR";"Pequeno Porte I";"4,433553219293739467";"46,48116114409098998";"1. Despertados (Efeito Indutor)"
"4124905";"SAO JOAO DO CAIUA";"PR";"Pequeno Porte I";"4,269364713560889868";"6,64874326277851857";"2. Constantes (Sustentabilidade)"
"4125001";"SAO JOAO DO IVAI";"PR";"Pequeno Porte I";"0,454186198153730514";"0,00000000000000000";"2. Constantes (Sustentabilidade)"
"4125100";"SAO JOAO DO TRIUNFO";"PR";"Pequeno Porte I";"12,487416052406128841";"88,23638805132489438";"1. Despertados (Efeito Indutor)"
"4125209";"SAO JORGE D'OESTE";"PR";"Pequeno Porte I";"20,073987865600408043";"23,67473462036269893";"2. Constantes (Sustentabilidade)"
"4125308";"SAO JORGE DO IVAI";"PR";"Pequeno Porte I";"79,478545021349688682";"119,77234329438689997";"1. Despertados (Efeito Indutor)"
"4125357";"SAO JORGE DO PATROCINIO";"PR";"Pequeno Porte I";"4,444608254231763311";"8,94650063590047750";"2. Constantes (Sustentabilidade)"
"4125407";"SAO JOSE DA BOA VISTA";"PR";"Pequeno Porte I";"5,257827474910950372";"23,74266473509933917";"1. Despertados (Efeito Indutor)"
"4125456";"SAO JOSE DAS PALMEIRAS";"PR";"Pequeno Porte I";"117,393381928918756785";"121,37192373667866718";"2. Constantes (Sustentabilidade)"
"4125506";"SAO JOSE DOS PINHAIS";"PR";"Grande Porte";"0,000000000000000000";"70,88018912270588601";"1. Despertados (Efeito Indutor)"
"4125605";"SAO MATEUS DO SUL";"PR";"Pequeno Porte II";"5,650860538375664710";"22,59352569443981906";"1. Despertados (Efeito Indutor)"
"4125704";"SAO MIGUEL DO IGUACU";"PR";"Pequeno Porte II";"49,493291483097294758";"31,86919045949529661";"4. Efeito Substituição (Retração Local)"
"4125753";"SAO PEDRO DO IGUACU";"PR";"Pequeno Porte I";"32,641181283986838935";"58,16233229598893217";"1. Despertados (Efeito Indutor)"
"4125803";"SAO PEDRO DO IVAI";"PR";"Pequeno Porte I";"19,740504175733729397";"178,99931006985508475";"1. Despertados (Efeito Indutor)"
"4125902";"SAO PEDRO DO PARANA";"PR";"Pequeno Porte I";"0,000000000000000000";"30,01134192503095477";"1. Despertados (Efeito Indutor)"
"4126108";"SAO TOME";"PR";"Pequeno Porte I";"17,351411815417847606";"85,18901222098872950";"1. Despertados (Efeito Indutor)"
"4126207";"SAPOPEMA";"PR";"Pequeno Porte I";"6,574051675553207907";"54,70010716942459084";"1. Despertados (Efeito Indutor)"
"4126256";"SARANDI";"PR";"Grande Porte";"6,470038273089089742";"2,04747556492585359";"2. Constantes (Sustentabilidade)"
"4126272";"SAUDADE DO IGUACU";"PR";"Pequeno Porte I";"64,612114845111420891";"85,69642276567014960";"1. Despertados (Efeito Indutor)"
"4126306";"SENGES";"PR";"Pequeno Porte I";"62,262093526988152803";"128,30103370297686638";"1. Despertados (Efeito Indutor)"
"4126355";"SERRANOPOLIS DO IGUACU";"PR";"Pequeno Porte I";"44,010016641865654208";"65,74255754490604886";"1. Despertados (Efeito Indutor)"
"4126405";"SERTANEJA";"PR";"Pequeno Porte I";"50,297464084207156532";"74,13580788071234906";"1. Despertados (Efeito Indutor)"
"4126603";"SIQUEIRA CAMPOS";"PR";"Pequeno Porte II";"16,534233397279113120";"30,76025153033415194";"1. Despertados (Efeito Indutor)"
"4126678";"TAMARANA";"PR";"Pequeno Porte I";"0,000000000000000000";"54,61650716923212912";"1. Despertados (Efeito Indutor)"
"4126702";"TAMBOARA";"PR";"Pequeno Porte I";"7,527660818097530182";"8,66904798250845943";"2. Constantes (Sustentabilidade)"
"4126801";"TAPEJARA";"PR";"Pequeno Porte I";"36,451268191270813190";"79,88189494215345121";"1. Despertados (Efeito Indutor)"
"4126900";"TAPIRA";"PR";"Pequeno Porte I";"76,222402600180927834";"31,31816717389618532";"4. Efeito Substituição (Retração Local)"
"4127007";"TEIXEIRA SOARES";"PR";"Pequeno Porte I";"46,098975670125014403";"40,73102551391330195";"2. Constantes (Sustentabilidade)"
"4127106";"TELEMACO BORBA";"PR";"Médio Porte";"17,727117948435040518";"86,83983719232551834";"1. Despertados (Efeito Indutor)"
"4127205";"TERRA BOA";"PR";"Pequeno Porte I";"0,000000000000000000";"27,90472901560097085";"1. Despertados (Efeito Indutor)"
"4127304";"TERRA RICA";"PR";"Pequeno Porte I";"8,456127258025713189";"8,53570709992255772";"2. Constantes (Sustentabilidade)"
"4127403";"TERRA ROXA";"PR";"Pequeno Porte I";"19,886786257236035880";"66,91427557172562501";"1. Despertados (Efeito Indutor)"
"4127502";"TIBAGI";"PR";"Pequeno Porte I";"66,954637408912489605";"66,09715434324898808";"2. Constantes (Sustentabilidade)"
"4127601";"TIJUCAS DO SUL";"PR";"Pequeno Porte I";"15,902910101236923168";"81,59278134513873226";"1. Despertados (Efeito Indutor)"
"4127700";"TOLEDO";"PR";"Grande Porte";"29,223738153403527207";"52,35798777533491943";"1. Despertados (Efeito Indutor)"
"4127809";"TOMAZINA";"PR";"Pequeno Porte I";"13,047752607591418084";"54,09032189642094579";"1. Despertados (Efeito Indutor)"
"4127858";"TRES BARRAS DO PARANA";"PR";"Pequeno Porte I";"1,691435205647432216";"12,54441254668528316";"1. Despertados (Efeito Indutor)"
"4127882";"TUNAS DO PARANA";"PR";"Pequeno Porte I";"11,813585874952487131";"26,16356360607619536";"1. Despertados (Efeito Indutor)"
"4127957";"TUPASSI";"PR";"Pequeno Porte I";"16,720960166399912339";"97,06313650626913159";"1. Despertados (Efeito Indutor)"
"4127965";"TURVO";"PR";"Pequeno Porte I";"20,339445020434059330";"34,35261638608865553";"1. Despertados (Efeito Indutor)"
"4128005";"UBIRATA";"PR";"Pequeno Porte II";"18,037871195638640387";"18,83241780760493356";"2. Constantes (Sustentabilidade)"
"4128104";"UMUARAMA";"PR";"Grande Porte";"14,805269856425514519";"25,55714048118341708";"1. Despertados (Efeito Indutor)"
"4128203";"UNIAO DA VITORIA";"PR";"Médio Porte";"14,760472283117264780";"13,07687571137845239";"2. Constantes (Sustentabilidade)"
"4128401";"URAI";"PR";"Pequeno Porte I";"8,272592676177294990";"57,93720674536405113";"1. Despertados (Efeito Indutor)"
"4128500";"WENCESLAU BRAZ";"PR";"Pequeno Porte I";"28,629663805514233843";"26,40977132521368986";"2. Constantes (Sustentabilidade)"
"4128534";"VENTANIA";"PR";"Pequeno Porte I";"11,209959047186332626";"95,73876115738890746";"1. Despertados (Efeito Indutor)"
"4128559";"VERA CRUZ DO OESTE";"PR";"Pequeno Porte I";"10,291866754657482019";"10,77437542291848871";"2. Constantes (Sustentabilidade)"
"4128609";"VERE";"PR";"Pequeno Porte I";"31,182933415554639822";"75,37032180190803388";"1. Despertados (Efeito Indutor)"
"4128633";"DOUTOR ULYSSES";"PR";"Pequeno Porte I";"0,000000000000000000";"44,87552544199962057";"1. Despertados (Efeito Indutor)"
"4128708";"VITORINO";"PR";"Pequeno Porte I";"6,498771537151961653";"87,71273876076125475";"1. Despertados (Efeito Indutor)"
"4200101";"ABELARDO LUZ";"SC";"Pequeno Porte I";"46,581054646043547507";"15,43940848033093260";"4. Efeito Substituição (Retração Local)"
"4200200";"AGROLANDIA";"SC";"Pequeno Porte I";"23,414141253086327765";"99,11463287224583496";"1. Despertados (Efeito Indutor)"
"4200309";"AGRONOMICA";"SC";"Pequeno Porte I";"42,037684919576719267";"61,54754801559494837";"1. Despertados (Efeito Indutor)"
"4200408";"AGUA DOCE";"SC";"Pequeno Porte I";"27,859543668426979934";"149,70091335528823606";"1. Despertados (Efeito Indutor)"
"4200507";"AGUAS DE CHAPECO";"SC";"Pequeno Porte I";"6,027702659166053856";"15,70693748515815358";"1. Despertados (Efeito Indutor)"
"4200556";"AGUAS FRIAS";"SC";"Pequeno Porte I";"72,417964403103084692";"51,10539846870662473";"4. Efeito Substituição (Retração Local)"
"4200606";"AGUAS MORNAS";"SC";"Pequeno Porte I";"0,000000000000000000";"28,36930378113713402";"1. Despertados (Efeito Indutor)"
"4200705";"ALFREDO WAGNER";"SC";"Pequeno Porte I";"0,060400191994297317";"8,10895021471488420";"1. Despertados (Efeito Indutor)"
"4200804";"ANCHIETA";"SC";"Pequeno Porte I";"26,765836288844916169";"83,18700793499246515";"1. Despertados (Efeito Indutor)"
"4200903";"ANGELINA";"SC";"Pequeno Porte I";"14,244724945348563594";"9,19123234487237184";"2. Constantes (Sustentabilidade)"
"4201000";"ANITA GARIBALDI";"SC";"Pequeno Porte I";"15,207446368725952013";"43,12964386105463888";"1. Despertados (Efeito Indutor)"
"4201109";"ANITAPOLIS";"SC";"Pequeno Porte I";"22,304779054386809634";"18,90958451650935501";"2. Constantes (Sustentabilidade)"
"4201208";"ANTONIO CARLOS";"SC";"Pequeno Porte I";"58,299909034730127644";"76,66088800946864978";"1. Despertados (Efeito Indutor)"
"4201257";"APIUNA";"SC";"Pequeno Porte I";"13,251382360187315967";"10,73098427364730334";"2. Constantes (Sustentabilidade)"
"4201273";"ARABUTA";"SC";"Pequeno Porte I";"74,544764255870134662";"87,13710942952465643";"2. Constantes (Sustentabilidade)"
"4201307";"ARAQUARI";"SC";"Pequeno Porte II";"14,446646639678693447";"51,80723596440360268";"1. Despertados (Efeito Indutor)"
"4201406";"ARARANGUA";"SC";"Médio Porte";"11,996536476475357702";"18,65582719560959291";"2. Constantes (Sustentabilidade)"
"4201505";"ARMAZEM";"SC";"Pequeno Porte I";"0,000000000000000000";"3,40273520768524884";"2. Constantes (Sustentabilidade)"
"4201653";"ARVOREDO";"SC";"Pequeno Porte I";"18,994329502778136032";"5,66690182124547803";"4. Efeito Substituição (Retração Local)"
"4201703";"ASCURRA";"SC";"Pequeno Porte I";"20,474721330455317059";"82,96678978540970206";"1. Despertados (Efeito Indutor)"
"4201802";"ATALANTA";"SC";"Pequeno Porte I";"47,120114011885540606";"158,93434934293441074";"1. Despertados (Efeito Indutor)"
"4201901";"AURORA";"SC";"Pequeno Porte I";"13,375826914026697878";"72,16719629728589780";"1. Despertados (Efeito Indutor)"
"4201950";"BALNEARIO ARROIO DO SILVA";"SC";"Pequeno Porte I";"13,325792112132532452";"2,31848654393047982";"4. Efeito Substituição (Retração Local)"
"4202008";"BALNEARIO CAMBORIU";"SC";"Grande Porte";"34,121355920229738956";"64,98970948586357110";"1. Despertados (Efeito Indutor)"
"4202057";"BALNEARIO BARRA DO SUL";"SC";"Pequeno Porte I";"12,097735941124598824";"59,85456655845167973";"1. Despertados (Efeito Indutor)"
"4202073";"BALNEARIO GAIVOTA";"SC";"Pequeno Porte I";"29,026680297813754805";"15,72782897967439908";"4. Efeito Substituição (Retração Local)"
"4202081";"BANDEIRANTE";"SC";"Pequeno Porte I";"73,594136943464349088";"145,90609087641752240";"1. Despertados (Efeito Indutor)"
"4202099";"BARRA BONITA";"SC";"Pequeno Porte I";"13,305977767298271530";"31,70273803906070142";"1. Despertados (Efeito Indutor)"
"4202107";"BARRA VELHA";"SC";"Pequeno Porte II";"10,353490222738072291";"56,15195199458054276";"1. Despertados (Efeito Indutor)"
"4202131";"BELA VISTA DO TOLDO";"SC";"Pequeno Porte I";"68,541697661665111241";"78,29166851668128402";"2. Constantes (Sustentabilidade)"
"4202206";"BENEDITO NOVO";"SC";"Pequeno Porte I";"31,110732555688382917";"41,94996679901867509";"2. Constantes (Sustentabilidade)"
"4202305";"BIGUACU";"SC";"Médio Porte";"1,153892306557920300";"7,68958339834117766";"1. Despertados (Efeito Indutor)"
"4202404";"BLUMENAU";"SC";"Grande Porte";"20,738494638348488053";"16,88293059983628552";"2. Constantes (Sustentabilidade)"
"4202438";"BOCAINA DO SUL";"SC";"Pequeno Porte I";"106,289106231733541108";"7,50966180254362836";"4. Efeito Substituição (Retração Local)"
"4202453";"BOMBINHAS";"SC";"Pequeno Porte II";"80,580437040474009791";"113,21603072660541045";"1. Despertados (Efeito Indutor)"
"4202503";"BOM JARDIM DA SERRA";"SC";"Pequeno Porte I";"5,086574264397251355";"0,00000000000000000";"2. Constantes (Sustentabilidade)"
"4202602";"BOM RETIRO";"SC";"Pequeno Porte I";"1,594574806903163111";"10,52762190932336495";"1. Despertados (Efeito Indutor)"
"4202701";"BOTUVERA";"SC";"Pequeno Porte I";"33,342346447295483358";"105,43964851950568118";"1. Despertados (Efeito Indutor)"
"4202800";"BRACO DO NORTE";"SC";"Pequeno Porte II";"11,736117825215183430";"18,85419167578703536";"2. Constantes (Sustentabilidade)"
"4202875";"BRUNOPOLIS";"SC";"Pequeno Porte I";"0,000000000000000000";"34,50881251467124855";"1. Despertados (Efeito Indutor)"
"4202909";"BRUSQUE";"SC";"Grande Porte";"24,092417742078122700";"24,65354552863688298";"2. Constantes (Sustentabilidade)"
"4203006";"CACADOR";"SC";"Médio Porte";"65,090109712470763270";"4,14060339085985074";"4. Efeito Substituição (Retração Local)"
"4203154";"CALMON";"SC";"Pequeno Porte I";"38,544959954543323022";"82,02898022703591607";"1. Despertados (Efeito Indutor)"
"4203204";"CAMBORIU";"SC";"Grande Porte";"12,377787012632074592";"34,99412285236964237";"1. Despertados (Efeito Indutor)"
"4203303";"CAMPO ALEGRE";"SC";"Pequeno Porte I";"64,886816936525121946";"116,24562229676185154";"1. Despertados (Efeito Indutor)"
"4203402";"CAMPO BELO DO SUL";"SC";"Pequeno Porte I";"9,333299942120751425";"25,83870956107180916";"1. Despertados (Efeito Indutor)"
"4203600";"CAMPOS NOVOS";"SC";"Pequeno Porte II";"28,449972902293712451";"39,19124707934251717";"1. Despertados (Efeito Indutor)"
"4203709";"CANELINHA";"SC";"Pequeno Porte I";"12,872676058920824005";"10,39106833130063201";"2. Constantes (Sustentabilidade)"
"4203808";"CANOINHAS";"SC";"Médio Porte";"20,088685449058644394";"16,68684206573141537";"2. Constantes (Sustentabilidade)"
"4203907";"CAPINZAL";"SC";"Pequeno Porte II";"42,944887835645992880";"60,64562498051287776";"1. Despertados (Efeito Indutor)"
"4203956";"CAPIVARI DE BAIXO";"SC";"Pequeno Porte II";"12,334845969602504567";"21,86635890179416464";"1. Despertados (Efeito Indutor)"
"4204004";"CATANDUVAS";"SC";"Pequeno Porte I";"115,724078945985198175";"133,45355955325817376";"2. Constantes (Sustentabilidade)"
"4204178";"CERRO NEGRO";"SC";"Pequeno Porte I";"36,763895054831344567";"63,78174924651991518";"1. Despertados (Efeito Indutor)"
"4204194";"CHAPADAO DO LAGEADO";"SC";"Pequeno Porte I";"29,392810521634263665";"62,72870451542834758";"1. Despertados (Efeito Indutor)"
"4204202";"CHAPECO";"SC";"Grande Porte";"42,205460878796976942";"52,41459721677758665";"2. Constantes (Sustentabilidade)"
"4204251";"COCAL DO SUL";"SC";"Pequeno Porte I";"31,340871848135762434";"79,32213206984951626";"1. Despertados (Efeito Indutor)"
"4204301";"CONCORDIA";"SC";"Médio Porte";"43,481106852130182006";"56,93251144362294269";"2. Constantes (Sustentabilidade)"
"4204400";"CORONEL FREITAS";"SC";"Pequeno Porte I";"48,716336080251849694";"103,89741309967382676";"1. Despertados (Efeito Indutor)"
"4204509";"CORUPA";"SC";"Pequeno Porte I";"48,415741793200432141";"29,87351322727717928";"4. Efeito Substituição (Retração Local)"
"4204558";"CORREIA PINTO";"SC";"Pequeno Porte I";"25,609947242046313676";"51,45422832779547662";"1. Despertados (Efeito Indutor)"
"4204608";"CRICIUMA";"SC";"Grande Porte";"13,420263584278609770";"16,14912507884152504";"2. Constantes (Sustentabilidade)"
"4204707";"CUNHA PORA";"SC";"Pequeno Porte I";"25,405685410653664036";"45,09587750976420040";"1. Despertados (Efeito Indutor)"
"4204756";"CUNHATAI";"SC";"Pequeno Porte I";"63,404398652183161289";"154,76658535961797725";"1. Despertados (Efeito Indutor)"
"4204806";"CURITIBANOS";"SC";"Pequeno Porte II";"32,335896599968769749";"27,24719133467914034";"2. Constantes (Sustentabilidade)"
"4204905";"DESCANSO";"SC";"Pequeno Porte I";"31,560598528053024125";"46,20993936390431855";"1. Despertados (Efeito Indutor)"
"4205001";"DIONISIO CERQUEIRA";"SC";"Pequeno Porte I";"17,681028476976710095";"48,12034462548565017";"1. Despertados (Efeito Indutor)"
"4205100";"DONA EMMA";"SC";"Pequeno Porte I";"108,115923053997832426";"61,81785879378676896";"4. Efeito Substituição (Retração Local)"
"4205159";"DOUTOR PEDRINHO";"SC";"Pequeno Porte I";"28,426914920700021128";"100,67324552573447249";"1. Despertados (Efeito Indutor)"
"4205175";"ENTRE RIOS";"SC";"Pequeno Porte I";"15,947762384428203930";"63,29294116213609556";"1. Despertados (Efeito Indutor)"
"4205209";"ERVAL VELHO";"SC";"Pequeno Porte I";"34,166975296896012537";"87,38738673536174417";"1. Despertados (Efeito Indutor)"
"4205308";"FAXINAL DOS GUEDES";"SC";"Pequeno Porte I";"25,442996465253720828";"87,31112505832328452";"1. Despertados (Efeito Indutor)"
"4205357";"FLOR DO SERTAO";"SC";"Pequeno Porte I";"57,903802488111097091";"43,52979235491722676";"2. Constantes (Sustentabilidade)"
"4205407";"FLORIANOPOLIS";"SC";"Grande Porte";"30,574988084333050153";"60,39484123678464300";"1. Despertados (Efeito Indutor)"
"4205456";"FORQUILHINHA";"SC";"Pequeno Porte II";"9,540441838881143610";"3,72405987802014815";"2. Constantes (Sustentabilidade)"
"4205506";"FRAIBURGO";"SC";"Pequeno Porte II";"61,290660608847886692";"84,78840468490145099";"1. Despertados (Efeito Indutor)"
"4205555";"FREI ROGERIO";"SC";"Pequeno Porte I";"12,059408177198173817";"90,35722018166765679";"1. Despertados (Efeito Indutor)"
"4205704";"GAROPABA";"SC";"Pequeno Porte II";"11,634534199352096095";"33,84098284324254280";"1. Despertados (Efeito Indutor)"
"4205803";"GARUVA";"SC";"Pequeno Porte I";"17,338439408835156996";"33,42140113370224697";"1. Despertados (Efeito Indutor)"
"4205902";"GASPAR";"SC";"Médio Porte";"10,030174117970572567";"4,65174519055284996";"2. Constantes (Sustentabilidade)"
"4206009";"GOVERNADOR CELSO RAMOS";"SC";"Pequeno Porte I";"0,000000000000000000";"15,66562070050193256";"1. Despertados (Efeito Indutor)"
"4206108";"GRAO-PARA";"SC";"Pequeno Porte I";"28,774980515783010304";"39,96770427711943796";"1. Despertados (Efeito Indutor)"
"4206207";"GRAVATAL";"SC";"Pequeno Porte I";"2,927652371184457092";"14,28198480886030630";"1. Despertados (Efeito Indutor)"
"4206306";"GUABIRUBA";"SC";"Pequeno Porte II";"43,567235387435623295";"84,57546009829374611";"1. Despertados (Efeito Indutor)"
"4206405";"GUARACIABA";"SC";"Pequeno Porte I";"30,209301650394639438";"27,13711322149910998";"2. Constantes (Sustentabilidade)"
"4206504";"GUARAMIRIM";"SC";"Pequeno Porte II";"21,637454077618190951";"26,27573493814816885";"2. Constantes (Sustentabilidade)"
"4206603";"GUARUJA DO SUL";"SC";"Pequeno Porte I";"35,667700497434353224";"92,97274094835719893";"1. Despertados (Efeito Indutor)"
"4206652";"GUATAMBU";"SC";"Pequeno Porte I";"11,613987955406971153";"14,02687409319894130";"2. Constantes (Sustentabilidade)"
"4206702";"HERVAL D'OESTE";"SC";"Pequeno Porte II";"39,445351288017889146";"48,52043744595188457";"2. Constantes (Sustentabilidade)"
"4206751";"IBIAM";"SC";"Pequeno Porte I";"97,599262123900487609";"182,65660068086219781";"1. Despertados (Efeito Indutor)"
"4206801";"IBICARE";"SC";"Pequeno Porte I";"18,073282372637944349";"1,77612576650744747";"4. Efeito Substituição (Retração Local)"
"4206900";"IBIRAMA";"SC";"Pequeno Porte I";"77,370469262686299317";"101,93540950089381170";"1. Despertados (Efeito Indutor)"
"4207007";"ICARA";"SC";"Médio Porte";"15,890619581752552847";"16,17371102969404006";"2. Constantes (Sustentabilidade)"
"4207106";"ILHOTA";"SC";"Pequeno Porte I";"39,610620988153058875";"38,66618878647636137";"2. Constantes (Sustentabilidade)"
"4207205";"IMARUI";"SC";"Pequeno Porte I";"0,869925279143657915";"12,85225454590124272";"1. Despertados (Efeito Indutor)"
"4207304";"IMBITUBA";"SC";"Médio Porte";"28,128072364012126627";"15,76626879140903448";"4. Efeito Substituição (Retração Local)"
"4207403";"IMBUIA";"SC";"Pequeno Porte I";"15,912224513084661126";"35,55542548777744116";"1. Despertados (Efeito Indutor)"
"4207502";"INDAIAL";"SC";"Médio Porte";"56,130711280094850224";"54,28195537976240104";"2. Constantes (Sustentabilidade)"
"4207650";"IPORA DO OESTE";"SC";"Pequeno Porte I";"128,321736867453694231";"98,18227806341290886";"2. Constantes (Sustentabilidade)"
"4207684";"IPUACU";"SC";"Pequeno Porte I";"18,419436552231459814";"22,08341095187012826";"2. Constantes (Sustentabilidade)"
"4207700";"IPUMIRIM";"SC";"Pequeno Porte I";"20,244912627944458450";"46,97758977862135055";"1. Despertados (Efeito Indutor)"
"4207759";"IRACEMINHA";"SC";"Pequeno Porte I";"18,623761096424200190";"27,18906207906924521";"2. Constantes (Sustentabilidade)"
"4207809";"IRANI";"SC";"Pequeno Porte I";"33,926555043926114763";"84,64432842950530755";"1. Despertados (Efeito Indutor)"
"4207858";"IRATI";"SC";"Pequeno Porte I";"2,478991149032022001";"87,78260541106413939";"1. Despertados (Efeito Indutor)"
"4207908";"IRINEOPOLIS";"SC";"Pequeno Porte I";"17,326078664729248402";"0,42515338684825449";"4. Efeito Substituição (Retração Local)"
"4208005";"ITA";"SC";"Pequeno Porte I";"105,666672206925085220";"122,54790865332958560";"2. Constantes (Sustentabilidade)"
"4208104";"ITAIOPOLIS";"SC";"Pequeno Porte II";"23,636132201317902712";"37,17677640524692606";"1. Despertados (Efeito Indutor)"
"4208203";"ITAJAI";"SC";"Grande Porte";"24,809223747559471462";"47,05805313939488599";"1. Despertados (Efeito Indutor)"
"4208302";"ITAPEMA";"SC";"Médio Porte";"41,633177646741557965";"45,07670607875783020";"2. Constantes (Sustentabilidade)"
"4208401";"ITAPIRANGA";"SC";"Pequeno Porte I";"86,948900936135729012";"106,79855882094250319";"2. Constantes (Sustentabilidade)"
"4208450";"ITAPOA";"SC";"Pequeno Porte II";"30,468004080033285419";"48,46665357030269661";"1. Despertados (Efeito Indutor)"
"4208500";"ITUPORANGA";"SC";"Pequeno Porte II";"18,795512990996453340";"23,41689594561042043";"2. Constantes (Sustentabilidade)"
"4208708";"JACINTO MACHADO";"SC";"Pequeno Porte I";"33,469043050770970638";"72,03515537384942036";"1. Despertados (Efeito Indutor)"
"4208807";"JAGUARUNA";"SC";"Pequeno Porte II";"2,718322172080834598";"9,52072964166783464";"1. Despertados (Efeito Indutor)"
"4208906";"JARAGUA DO SUL";"SC";"Grande Porte";"39,870592357759583990";"84,01972246851366322";"1. Despertados (Efeito Indutor)"
"4209003";"JOACABA";"SC";"Pequeno Porte II";"7,557723517231116794";"94,94683295377410559";"1. Despertados (Efeito Indutor)"
"4209102";"JOINVILLE";"SC";"Grande Porte";"35,292905365872456969";"57,13465654890386247";"1. Despertados (Efeito Indutor)"
"4209177";"JUPIA";"SC";"Pequeno Porte I";"9,227439947853158131";"129,20792675778835701";"1. Despertados (Efeito Indutor)"
"4209201";"LACERDOPOLIS";"SC";"Pequeno Porte I";"43,176624700253157130";"81,69816035801184739";"1. Despertados (Efeito Indutor)"
"4209300";"LAGES";"SC";"Grande Porte";"33,934004261552523474";"34,91412475497236301";"2. Constantes (Sustentabilidade)"
"4209409";"LAGUNA";"SC";"Pequeno Porte II";"60,340163952378709666";"64,43235128591439320";"2. Constantes (Sustentabilidade)"
"4209508";"LAURENTINO";"SC";"Pequeno Porte I";"15,812004246117430384";"10,57991902450957689";"2. Constantes (Sustentabilidade)"
"4209607";"LAURO MULLER";"SC";"Pequeno Porte I";"26,911139302366919424";"8,36623092182912131";"4. Efeito Substituição (Retração Local)"
"4209706";"LEBON REGIS";"SC";"Pequeno Porte I";"17,584510687358449132";"25,77555992906741622";"2. Constantes (Sustentabilidade)"
"4209805";"LEOBERTO LEAL";"SC";"Pequeno Porte I";"5,759584678263441226";"75,80437914898266172";"1. Despertados (Efeito Indutor)"
"4209854";"LINDOIA DO SUL";"SC";"Pequeno Porte I";"36,194977828066548398";"107,46050208668283688";"1. Despertados (Efeito Indutor)"
"4209904";"LONTRAS";"SC";"Pequeno Porte I";"1,740145169619871091";"13,27729111954627683";"1. Despertados (Efeito Indutor)"
"4210001";"LUIZ ALVES";"SC";"Pequeno Porte I";"20,881391278469255468";"28,42025178093134485";"2. Constantes (Sustentabilidade)"
"4210100";"MAFRA";"SC";"Médio Porte";"41,705129663394849615";"41,00375762984589301";"2. Constantes (Sustentabilidade)"
"4210209";"MAJOR GERCINO";"SC";"Pequeno Porte I";"24,589263439834326164";"28,01006366066325981";"2. Constantes (Sustentabilidade)"
"4210308";"MAJOR VIEIRA";"SC";"Pequeno Porte I";"0,000000000000000000";"4,19853730346572185";"2. Constantes (Sustentabilidade)"
"4210407";"MARACAJA";"SC";"Pequeno Porte I";"6,851785125027953782";"112,83258611097677715";"1. Despertados (Efeito Indutor)"
"4210506";"MARAVILHA";"SC";"Pequeno Porte II";"94,268861903461555585";"59,11323390153610546";"4. Efeito Substituição (Retração Local)"
"4210555";"MAREMA";"SC";"Pequeno Porte I";"14,300459950383718422";"145,48189831585699494";"1. Despertados (Efeito Indutor)"
"4210605";"MASSARANDUBA";"SC";"Pequeno Porte I";"35,265299294940604113";"91,28302631658542055";"1. Despertados (Efeito Indutor)"
"4210704";"MATOS COSTA";"SC";"Pequeno Porte I";"39,739574393166869015";"107,47121814220045621";"1. Despertados (Efeito Indutor)"
"4210803";"MELEIRO";"SC";"Pequeno Porte I";"39,926082384630873889";"133,17917084922930826";"1. Despertados (Efeito Indutor)"
"4210852";"MIRIM DOCE";"SC";"Pequeno Porte I";"80,685565544286333761";"141,90439756133855553";"1. Despertados (Efeito Indutor)"
"4210902";"MODELO";"SC";"Pequeno Porte I";"40,651463057106212773";"93,10535045073672222";"1. Despertados (Efeito Indutor)"
"4211009";"MONDAI";"SC";"Pequeno Porte I";"51,385400419883659140";"66,48745865722756321";"2. Constantes (Sustentabilidade)"
"4211058";"MONTE CARLO";"SC";"Pequeno Porte I";"10,819714767028520086";"15,36717890815948806";"2. Constantes (Sustentabilidade)"
"4211108";"MONTE CASTELO";"SC";"Pequeno Porte I";"0,000000000000000000";"20,02287966497915406";"1. Despertados (Efeito Indutor)"
"4211207";"MORRO DA FUMACA";"SC";"Pequeno Porte I";"12,698894637027809296";"49,71852619863950906";"1. Despertados (Efeito Indutor)"
"4211256";"MORRO GRANDE";"SC";"Pequeno Porte I";"3,182260530942828680";"41,69849506433177311";"1. Despertados (Efeito Indutor)"
"4211306";"NAVEGANTES";"SC";"Médio Porte";"41,678425291035402722";"39,43097142106978481";"2. Constantes (Sustentabilidade)"
"4211405";"NOVA ERECHIM";"SC";"Pequeno Porte I";"69,002755505624932653";"82,08240335764897111";"2. Constantes (Sustentabilidade)"
"4211454";"NOVA ITABERABA";"SC";"Pequeno Porte I";"142,580430796513240921";"159,40925965492627370";"2. Constantes (Sustentabilidade)"
"4211504";"NOVA TRENTO";"SC";"Pequeno Porte I";"8,872276087025237956";"30,75905601919684784";"1. Despertados (Efeito Indutor)"
"4211652";"NOVO HORIZONTE";"SC";"Pequeno Porte I";"56,846782617572181096";"134,33833189560800747";"1. Despertados (Efeito Indutor)"
"4211702";"ORLEANS";"SC";"Pequeno Porte II";"35,970673716468112957";"29,61140098170223922";"2. Constantes (Sustentabilidade)"
"4211751";"OTACILIO COSTA";"SC";"Pequeno Porte I";"25,047430124511215865";"38,79134380102762236";"1. Despertados (Efeito Indutor)"
"4211801";"OURO";"SC";"Pequeno Porte I";"22,577298211751248402";"89,32310734726814871";"1. Despertados (Efeito Indutor)"
"4211850";"OURO VERDE";"SC";"Pequeno Porte I";"0,000000000000000000";"32,29432960585585022";"1. Despertados (Efeito Indutor)"
"4211876";"PAIAL";"SC";"Pequeno Porte I";"0,155543271927176013";"170,73182750799281848";"1. Despertados (Efeito Indutor)"
"4211892";"PAINEL";"SC";"Pequeno Porte I";"49,433538357241744166";"34,10433238100668518";"4. Efeito Substituição (Retração Local)"
"4211900";"PALHOCA";"SC";"Grande Porte";"11,600661387226644194";"19,87800097346901396";"1. Despertados (Efeito Indutor)"
"4212007";"PALMA SOLA";"SC";"Pequeno Porte I";"49,637233396049758483";"0,00000000000000000";"4. Efeito Substituição (Retração Local)"
"4212056";"PALMEIRA";"SC";"Pequeno Porte I";"0,035817373054808269";"49,33590735368083813";"1. Despertados (Efeito Indutor)"
"4212106";"PALMITOS";"SC";"Pequeno Porte I";"17,240975329531369908";"38,70587800690282876";"1. Despertados (Efeito Indutor)"
"4212205";"PAPANDUVA";"SC";"Pequeno Porte I";"0,000000000000000000";"26,26313175919240450";"1. Despertados (Efeito Indutor)"
"4212239";"PARAISO";"SC";"Pequeno Porte I";"25,086525458804160849";"20,80644087828382993";"2. Constantes (Sustentabilidade)"
"4212254";"PASSO DE TORRES";"SC";"Pequeno Porte I";"23,254528117923769059";"40,87051673774573146";"1. Despertados (Efeito Indutor)"
"4212270";"PASSOS MAIA";"SC";"Pequeno Porte I";"18,998197795017244260";"99,22443350538563323";"1. Despertados (Efeito Indutor)"
"4212304";"PAULO LOPES";"SC";"Pequeno Porte I";"1,354528059952390340";"0,00000000000000000";"2. Constantes (Sustentabilidade)"
"4212403";"PEDRAS GRANDES";"SC";"Pequeno Porte I";"5,328147861837321919";"61,09489029325159493";"1. Despertados (Efeito Indutor)"
"4212502";"PENHA";"SC";"Pequeno Porte II";"28,637207879161287849";"27,08708989500721032";"2. Constantes (Sustentabilidade)"
"4212650";"PESCARIA BRAVA";"SC";"Pequeno Porte I";"3,016956709867236519";"0,00000000000000000";"2. Constantes (Sustentabilidade)"
"4212700";"PETROLANDIA";"SC";"Pequeno Porte I";"10,699297474822875742";"10,13831183776141209";"2. Constantes (Sustentabilidade)"
"4212809";"BALNEARIO PICARRAS";"SC";"Pequeno Porte II";"63,201645343495059137";"96,96173767049597814";"1. Despertados (Efeito Indutor)"
"4212908";"PINHALZINHO";"SC";"Pequeno Porte II";"43,998871011150455956";"65,35999063308759105";"1. Despertados (Efeito Indutor)"
"4213005";"PINHEIRO PRETO";"SC";"Pequeno Porte I";"34,435865547295591682";"144,51776193694524864";"1. Despertados (Efeito Indutor)"
"4213153";"PLANALTO ALEGRE";"SC";"Pequeno Porte I";"42,191856991097679952";"55,87098757921144454";"1. Despertados (Efeito Indutor)"
"4213203";"POMERODE";"SC";"Pequeno Porte II";"70,289369790502945534";"75,12180594738475747";"2. Constantes (Sustentabilidade)"
"4213302";"PONTE ALTA";"SC";"Pequeno Porte I";"103,204474969219319291";"16,27927437385059761";"4. Efeito Substituição (Retração Local)"
"4213351";"PONTE ALTA DO NORTE";"SC";"Pequeno Porte I";"161,908940390983758562";"137,81084682613493442";"2. Constantes (Sustentabilidade)"
"4213401";"PONTE SERRADA";"SC";"Pequeno Porte I";"11,673807933305704765";"57,94161764237098566";"1. Despertados (Efeito Indutor)"
"4213609";"PORTO UNIAO";"SC";"Pequeno Porte II";"30,789422847420656382";"33,23275820604413866";"2. Constantes (Sustentabilidade)"
"4213708";"POUSO REDONDO";"SC";"Pequeno Porte I";"6,845293602615003081";"19,60520847552994539";"1. Despertados (Efeito Indutor)"
"4213807";"PRAIA GRANDE";"SC";"Pequeno Porte I";"43,236275983265009870";"88,34182927914477546";"1. Despertados (Efeito Indutor)"
"4213906";"PRESIDENTE CASTELLO BRANCO";"SC";"Pequeno Porte I";"75,171488217653759989";"161,67716541137008335";"1. Despertados (Efeito Indutor)"
"4214003";"PRESIDENTE GETULIO";"SC";"Pequeno Porte II";"12,557665275718830955";"7,22048867969805830";"2. Constantes (Sustentabilidade)"
"4214102";"PRESIDENTE NEREU";"SC";"Pequeno Porte I";"26,388092364936809986";"99,66958057328665177";"1. Despertados (Efeito Indutor)"
"4214151";"PRINCESA";"SC";"Pequeno Porte I";"23,477480796854461431";"43,74152422966187004";"1. Despertados (Efeito Indutor)"
"4214201";"QUILOMBO";"SC";"Pequeno Porte I";"10,128033678951990026";"24,37704350144099408";"1. Despertados (Efeito Indutor)"
"4214300";"RANCHO QUEIMADO";"SC";"Pequeno Porte I";"64,127571549034840359";"135,55542418480609967";"1. Despertados (Efeito Indutor)"
"4214409";"RIO DAS ANTAS";"SC";"Pequeno Porte I";"11,916359793061131356";"27,44842955770983650";"1. Despertados (Efeito Indutor)"
"4214508";"RIO DO CAMPO";"SC";"Pequeno Porte I";"65,228368936427159497";"105,97887642865214275";"1. Despertados (Efeito Indutor)"
"4214607";"RIO DO OESTE";"SC";"Pequeno Porte I";"28,276999648767638718";"34,61694367761565871";"2. Constantes (Sustentabilidade)"
"4214706";"RIO DOS CEDROS";"SC";"Pequeno Porte I";"28,623415206556362733";"55,13140677288851066";"1. Despertados (Efeito Indutor)"
"4214805";"RIO DO SUL";"SC";"Médio Porte";"60,199670814428053234";"72,91412788611739870";"2. Constantes (Sustentabilidade)"
"4214904";"RIO FORTUNA";"SC";"Pequeno Porte I";"7,996375779997266342";"4,80520852694531797";"2. Constantes (Sustentabilidade)"
"4215000";"RIO NEGRINHO";"SC";"Pequeno Porte II";"87,824305973928943558";"89,88775539190173447";"2. Constantes (Sustentabilidade)"
"4215059";"RIO RUFINO";"SC";"Pequeno Porte I";"4,989316916141416591";"2,56594727395939293";"2. Constantes (Sustentabilidade)"
"4215075";"RIQUEZA";"SC";"Pequeno Porte I";"70,630375989964889527";"96,71688255420093583";"1. Despertados (Efeito Indutor)"
"4215109";"RODEIO";"SC";"Pequeno Porte I";"56,585503012360895525";"58,95976925197180663";"2. Constantes (Sustentabilidade)"
"4215307";"SALETE";"SC";"Pequeno Porte I";"12,919786599655854076";"34,37558159293266158";"1. Despertados (Efeito Indutor)"
"4215356";"SALTINHO";"SC";"Pequeno Porte I";"1,129298242057424684";"26,63796293186368302";"1. Despertados (Efeito Indutor)"
"4215406";"SALTO VELOSO";"SC";"Pequeno Porte I";"62,483682981820429347";"165,97686534592520502";"1. Despertados (Efeito Indutor)"
"4215455";"SANGAO";"SC";"Pequeno Porte I";"0,000000000000000000";"22,52495623261847513";"1. Despertados (Efeito Indutor)"
"4215505";"SANTA CECILIA";"SC";"Pequeno Porte I";"1,318586204314143639";"37,97334227444861199";"1. Despertados (Efeito Indutor)"
"4215554";"SANTA HELENA";"SC";"Pequeno Porte I";"85,346805570754412429";"18,33861678782603732";"4. Efeito Substituição (Retração Local)"
"4215604";"SANTA ROSA DE LIMA";"SC";"Pequeno Porte I";"100,922691220639720200";"181,54842296245936950";"1. Despertados (Efeito Indutor)"
"4215653";"SANTA ROSA DO SUL";"SC";"Pequeno Porte I";"133,824996423521582756";"26,65373339857443113";"4. Efeito Substituição (Retração Local)"
"4215679";"SANTA TEREZINHA";"SC";"Pequeno Porte I";"1,962445613330269456";"28,48717868621126925";"1. Despertados (Efeito Indutor)"
"4215687";"SANTA TEREZINHA DO PROGRESSO";"SC";"Pequeno Porte I";"0,382268089308798575";"44,48484372272069720";"1. Despertados (Efeito Indutor)"
"4215703";"SANTO AMARO DA IMPERATRIZ";"SC";"Pequeno Porte II";"21,024499789250423731";"29,06209004114872840";"2. Constantes (Sustentabilidade)"
"4215802";"SAO BENTO DO SUL";"SC";"Médio Porte";"52,009562023240505368";"63,07691835519734269";"2. Constantes (Sustentabilidade)"
"4215901";"SAO BONIFACIO";"SC";"Pequeno Porte I";"14,374945123414256898";"75,26715786694450117";"1. Despertados (Efeito Indutor)"
"4216008";"SAO CARLOS";"SC";"Pequeno Porte I";"43,669718484972491979";"102,59832039652235380";"1. Despertados (Efeito Indutor)"
"4216057";"SAO CRISTOVAO DO SUL";"SC";"Pequeno Porte I";"27,666443769265953279";"99,95389481893278116";"1. Despertados (Efeito Indutor)"
"4216107";"SAO DOMINGOS";"SC";"Pequeno Porte I";"21,175355996348418586";"144,36523576113501122";"1. Despertados (Efeito Indutor)"
"4216206";"SAO FRANCISCO DO SUL";"SC";"Médio Porte";"68,118765920202378084";"92,66197876060667227";"1. Despertados (Efeito Indutor)"
"4216255";"SAO JOAO DO OESTE";"SC";"Pequeno Porte I";"80,392584539843042535";"126,65123131224387976";"1. Despertados (Efeito Indutor)"
"4216305";"SAO JOAO BATISTA";"SC";"Pequeno Porte II";"24,815844184697940733";"30,83907100070843654";"2. Constantes (Sustentabilidade)"
"4216354";"SAO JOAO DO ITAPERIU";"SC";"Pequeno Porte I";"21,877076009614846441";"41,09430573354994465";"1. Despertados (Efeito Indutor)"
"4216404";"SAO JOAO DO SUL";"SC";"Pequeno Porte I";"1,880101492344125491";"54,91919156702884663";"1. Despertados (Efeito Indutor)"
"4216503";"SAO JOAQUIM";"SC";"Pequeno Porte II";"10,957533144848673246";"9,68976033006051729";"2. Constantes (Sustentabilidade)"
"4216602";"SAO JOSE";"SC";"Grande Porte";"23,196940054266292464";"19,37835300844247399";"2. Constantes (Sustentabilidade)"
"4216701";"SAO JOSE DO CEDRO";"SC";"Pequeno Porte I";"198,793764985007470614";"50,86988477501548545";"4. Efeito Substituição (Retração Local)"
"4216800";"SAO JOSE DO CERRITO";"SC";"Pequeno Porte I";"8,918343122216615626";"23,17516932247171724";"1. Despertados (Efeito Indutor)"
"4216909";"SAO LOURENCO DO OESTE";"SC";"Pequeno Porte II";"65,426621869593915903";"103,43547091398869497";"1. Despertados (Efeito Indutor)"
"4217006";"SAO LUDGERO";"SC";"Pequeno Porte I";"34,847797659838718687";"54,54473388939011613";"1. Despertados (Efeito Indutor)"
"4217105";"SAO MARTINHO";"SC";"Pequeno Porte I";"15,782942514504890497";"185,60152186755880166";"1. Despertados (Efeito Indutor)"
"4217154";"SAO MIGUEL DA BOA VISTA";"SC";"Pequeno Porte I";"29,145413401586139912";"131,18785313736071885";"1. Despertados (Efeito Indutor)"
"4217204";"SAO MIGUEL DO OESTE";"SC";"Pequeno Porte II";"37,138790196690116829";"70,06467937296481807";"1. Despertados (Efeito Indutor)"
"4217253";"SAO PEDRO DE ALCANTARA";"SC";"Pequeno Porte I";"73,325185184105365011";"125,49354475113756280";"1. Despertados (Efeito Indutor)"
"4217303";"SAUDADES";"SC";"Pequeno Porte I";"17,141161655728424762";"50,78634420693200013";"1. Despertados (Efeito Indutor)"
"4217402";"SCHROEDER";"SC";"Pequeno Porte II";"28,051160988508812011";"45,33655674461217444";"1. Despertados (Efeito Indutor)"
"4217501";"SEARA";"SC";"Pequeno Porte I";"97,578447035403101495";"138,64983412624459902";"1. Despertados (Efeito Indutor)"
"4217550";"SERRA ALTA";"SC";"Pequeno Porte I";"24,064547663433685898";"65,73398247899388025";"1. Despertados (Efeito Indutor)"
"4217600";"SIDEROPOLIS";"SC";"Pequeno Porte I";"10,943848100538517087";"96,28272779025698469";"1. Despertados (Efeito Indutor)"
"4217709";"SOMBRIO";"SC";"Pequeno Porte II";"40,921045691968537028";"44,54232526095543676";"2. Constantes (Sustentabilidade)"
"4217758";"SUL BRASIL";"SC";"Pequeno Porte I";"40,347711653778290497";"92,30307406646684854";"1. Despertados (Efeito Indutor)"
"4217808";"TAIO";"SC";"Pequeno Porte I";"39,808435563722660788";"90,08767545984183300";"1. Despertados (Efeito Indutor)"
"4217907";"TANGARA";"SC";"Pequeno Porte I";"24,789829908633677746";"52,64274036640568966";"1. Despertados (Efeito Indutor)"
"4217956";"TIGRINHOS";"SC";"Pequeno Porte I";"22,374233456128507669";"36,56351255452139526";"1. Despertados (Efeito Indutor)"
"4218004";"TIJUCAS";"SC";"Médio Porte";"35,599563236920999998";"23,67792157698868039";"2. Constantes (Sustentabilidade)"
"4218103";"TIMBE DO SUL";"SC";"Pequeno Porte I";"15,022846026644577577";"54,16928477558798249";"1. Despertados (Efeito Indutor)"
"4218251";"TIMBO GRANDE";"SC";"Pequeno Porte I";"26,142614362462349931";"52,21420904794400997";"1. Despertados (Efeito Indutor)"
"4218301";"TRES BARRAS";"SC";"Pequeno Porte I";"19,201512053276790226";"33,89932122839093154";"1. Despertados (Efeito Indutor)"
"4218350";"TREVISO";"SC";"Pequeno Porte I";"124,839858442041688136";"87,84429969902797097";"4. Efeito Substituição (Retração Local)"
"4218400";"TREZE DE MAIO";"SC";"Pequeno Porte I";"0,032393458400562951";"14,81083074782605635";"1. Despertados (Efeito Indutor)"
"4218608";"TROMBUDO CENTRAL";"SC";"Pequeno Porte I";"116,372814389301638016";"62,98042025926812926";"4. Efeito Substituição (Retração Local)"
"4218707";"TUBARAO";"SC";"Grande Porte";"29,096211699625641245";"26,34791128229784363";"2. Constantes (Sustentabilidade)"
"4218806";"TURVO";"SC";"Pequeno Porte I";"195,287420021897276001";"100,36777943150178771";"4. Efeito Substituição (Retração Local)"
"4218855";"UNIAO DO OESTE";"SC";"Pequeno Porte I";"20,692746624372059472";"133,61147907795245260";"1. Despertados (Efeito Indutor)"
"4218905";"URUBICI";"SC";"Pequeno Porte I";"31,029375486818349117";"26,48545688654466446";"2. Constantes (Sustentabilidade)"
"4218954";"URUPEMA";"SC";"Pequeno Porte I";"64,365310242315757705";"58,79979550519681908";"2. Constantes (Sustentabilidade)"
"4219002";"URUSSANGA";"SC";"Pequeno Porte II";"68,835603352550862155";"73,23334140463154540";"2. Constantes (Sustentabilidade)"
"4219150";"VARGEM";"SC";"Pequeno Porte I";"30,429319344359573307";"30,76078277831864582";"2. Constantes (Sustentabilidade)"
"4219200";"VIDAL RAMOS";"SC";"Pequeno Porte I";"26,948187440743652132";"26,70752542732008550";"2. Constantes (Sustentabilidade)"
"4219309";"VIDEIRA";"SC";"Médio Porte";"94,206398519670045744";"107,48151281175013594";"2. Constantes (Sustentabilidade)"
"4219358";"VITOR MEIRELES";"SC";"Pequeno Porte I";"65,979008070164056221";"57,40667698745627234";"2. Constantes (Sustentabilidade)"
"4219507";"XANXERE";"SC";"Médio Porte";"17,754217417236411336";"28,97541483888134195";"1. Despertados (Efeito Indutor)"
"4219606";"XAVANTINA";"SC";"Pequeno Porte I";"12,053246797486021791";"36,47185785996813934";"1. Despertados (Efeito Indutor)"
"4219705";"XAXIM";"SC";"Pequeno Porte II";"8,883778691882787015";"24,58498376148592257";"1. Despertados (Efeito Indutor)"
"4219853";"ZORTEA";"SC";"Pequeno Porte I";"66,838063684315557111";"146,42106938399450655";"1. Despertados (Efeito Indutor)"
"4220000";"BALNEARIO RINCAO";"SC";"Pequeno Porte I";"13,410601471366794257";"11,20165873002241241";"2. Constantes (Sustentabilidade)"
"4300034";"ACEGUA";"RS";"Pequeno Porte I";"23,882045089489896128";"120,47488565716767539";"1. Despertados (Efeito Indutor)"
"4300059";"AGUA SANTA";"RS";"Pequeno Porte I";"17,719067107806505845";"0,00000000000000000";"4. Efeito Substituição (Retração Local)"
"4300109";"AGUDO";"RS";"Pequeno Porte I";"23,002587786983248463";"34,36810075330165404";"1. Despertados (Efeito Indutor)"
"4300208";"AJURICABA";"RS";"Pequeno Porte I";"98,776340479460259303";"78,56621392322558961";"2. Constantes (Sustentabilidade)"
"4300307";"ALECRIM";"RS";"Pequeno Porte I";"38,655651500912910024";"10,64396094649060132";"4. Efeito Substituição (Retração Local)"
"4300406";"ALEGRETE";"RS";"Médio Porte";"56,549803304362413314";"51,33632032815542345";"2. Constantes (Sustentabilidade)"
"4300455";"ALEGRIA";"RS";"Pequeno Porte I";"92,541051752435365074";"96,65661918081931958";"2. Constantes (Sustentabilidade)"
"4300604";"ALVORADA";"RS";"Grande Porte";"20,264281043153555828";"14,18645103523160778";"2. Constantes (Sustentabilidade)"
"4300638";"AMARAL FERRADOR";"RS";"Pequeno Porte I";"4,992611760727378112";"25,25332182368472189";"1. Despertados (Efeito Indutor)"
"4300646";"AMETISTA DO SUL";"RS";"Pequeno Porte I";"16,471692445561341600";"26,45018467024916831";"1. Despertados (Efeito Indutor)"
"4300661";"ANDRE DA ROCHA";"RS";"Pequeno Porte I";"77,621850374083592783";"26,24628660578533612";"4. Efeito Substituição (Retração Local)"
"4300703";"ANTA GORDA";"RS";"Pequeno Porte I";"25,118733212319462211";"77,50324517212118280";"1. Despertados (Efeito Indutor)"
"4300802";"ANTONIO PRADO";"RS";"Pequeno Porte I";"36,471869054598094806";"66,17342499155454050";"1. Despertados (Efeito Indutor)"
"4300851";"ARAMBARE";"RS";"Pequeno Porte I";"23,091747412876365786";"12,61372855324908571";"4. Efeito Substituição (Retração Local)"
"4300877";"ARARICA";"RS";"Pequeno Porte I";"59,364986860317522144";"93,27546070852936566";"1. Despertados (Efeito Indutor)"
"4301008";"ARROIO DO MEIO";"RS";"Pequeno Porte II";"24,834984854803977328";"21,14505027258885761";"2. Constantes (Sustentabilidade)"
"4301057";"ARROIO DO SAL";"RS";"Pequeno Porte I";"177,329444445593594537";"184,40936575265476449";"2. Constantes (Sustentabilidade)"
"4301073";"ARROIO DO PADRE";"RS";"Pequeno Porte I";"31,583952605411337089";"194,15447870021952781";"1. Despertados (Efeito Indutor)"
"4301107";"ARROIO DOS RATOS";"RS";"Pequeno Porte I";"16,715568297250221974";"11,21430561795696157";"2. Constantes (Sustentabilidade)"
"4301206";"ARROIO DO TIGRE";"RS";"Pequeno Porte I";"12,925928969227175713";"7,11183977695949299";"2. Constantes (Sustentabilidade)"
"4301305";"ARROIO GRANDE";"RS";"Pequeno Porte I";"15,782649088555283257";"47,88152240789541736";"1. Despertados (Efeito Indutor)"
"4301404";"ARVOREZINHA";"RS";"Pequeno Porte I";"21,037177970290539264";"61,62069516415778025";"1. Despertados (Efeito Indutor)"
"4301503";"AUGUSTO PESTANA";"RS";"Pequeno Porte I";"31,557133827735729170";"66,49555901440180605";"1. Despertados (Efeito Indutor)"
"4301602";"BAGE";"RS";"Grande Porte";"17,252478712484897727";"7,35354941555199559";"4. Efeito Substituição (Retração Local)"
"4301636";"BALNEARIO PINHAL";"RS";"Pequeno Porte I";"14,190108227724818946";"14,61388435781527662";"2. Constantes (Sustentabilidade)"
"4301651";"BARAO";"RS";"Pequeno Porte I";"45,187588277338555542";"102,56985043562664828";"1. Despertados (Efeito Indutor)"
"4301800";"BARRACAO";"RS";"Pequeno Porte I";"19,104620970946477598";"0,00000000000000000";"4. Efeito Substituição (Retração Local)"
"4301859";"BARRA DO GUARITA";"RS";"Pequeno Porte I";"0,000000000000000000";"12,71718568180518893";"1. Despertados (Efeito Indutor)"
"4301875";"BARRA DO QUARAI";"RS";"Pequeno Porte I";"6,092656355520984945";"0,00000000000000000";"2. Constantes (Sustentabilidade)"
"4301909";"BARRA DO RIBEIRO";"RS";"Pequeno Porte I";"11,798831200862981206";"36,19438316933231192";"1. Despertados (Efeito Indutor)"
"4301925";"BARRA DO RIO AZUL";"RS";"Pequeno Porte I";"30,571605609849399343";"89,97087146818847714";"1. Despertados (Efeito Indutor)"
"4302006";"BARROS CASSAL";"RS";"Pequeno Porte I";"2,080794750853453667";"11,58640258073857154";"1. Despertados (Efeito Indutor)"
"4302055";"BENJAMIN CONSTANT DO SUL";"RS";"Pequeno Porte I";"50,905417032659393328";"0,00000000000000000";"4. Efeito Substituição (Retração Local)"
"4302105";"BENTO GONCALVES";"RS";"Grande Porte";"49,435487314115718505";"101,11462636848521868";"1. Despertados (Efeito Indutor)"
"4302154";"BOA VISTA DAS MISSOES";"RS";"Pequeno Porte I";"63,547028112113260079";"152,58629919809368403";"1. Despertados (Efeito Indutor)"
"4302204";"BOA VISTA DO BURICA";"RS";"Pequeno Porte I";"91,434968688047504770";"99,92456485737113780";"2. Constantes (Sustentabilidade)"
"4302220";"BOA VISTA DO CADEADO";"RS";"Pequeno Porte I";"11,054772301897523690";"122,83352068074781016";"1. Despertados (Efeito Indutor)"
"4302238";"BOA VISTA DO INCRA";"RS";"Pequeno Porte I";"107,075437354303744542";"122,40474168373859243";"2. Constantes (Sustentabilidade)"
"4302253";"BOA VISTA DO SUL";"RS";"Pequeno Porte I";"88,562267199335735768";"164,04319723790860053";"1. Despertados (Efeito Indutor)"
"4302303";"BOM JESUS";"RS";"Pequeno Porte I";"0,060549239832067316";"20,37353341825128084";"1. Despertados (Efeito Indutor)"
"4302352";"BOM PRINCIPIO";"RS";"Pequeno Porte I";"80,310193182197821216";"145,29259740594440586";"1. Despertados (Efeito Indutor)"
"4302378";"BOM PROGRESSO";"RS";"Pequeno Porte I";"25,546615435258932081";"14,99497383725178778";"4. Efeito Substituição (Retração Local)"
"4302402";"BOM RETIRO DO SUL";"RS";"Pequeno Porte I";"19,100394951657861498";"69,41514654065943546";"1. Despertados (Efeito Indutor)"
"4302451";"BOQUEIRAO DO LEAO";"RS";"Pequeno Porte I";"0,000000000000000000";"1,49469052034498451";"2. Constantes (Sustentabilidade)"
"4302584";"BOZANO";"RS";"Pequeno Porte I";"0,072075189968659692";"11,24608461534839066";"1. Despertados (Efeito Indutor)"
"4302600";"BRAGA";"RS";"Pequeno Porte I";"20,192400578568772573";"49,74954035657228246";"1. Despertados (Efeito Indutor)"
"4302659";"BROCHIER";"RS";"Pequeno Porte I";"37,653734802822690142";"105,16718392462072984";"1. Despertados (Efeito Indutor)"
"4302709";"BUTIA";"RS";"Pequeno Porte I";"27,819092365053428750";"29,78353345482619829";"2. Constantes (Sustentabilidade)"
"4302808";"CACAPAVA DO SUL";"RS";"Pequeno Porte II";"18,585498263184042855";"23,79657725316705097";"2. Constantes (Sustentabilidade)"
"4302907";"CACEQUI";"RS";"Pequeno Porte I";"5,650085868846828063";"0,00000000000000000";"2. Constantes (Sustentabilidade)"
"4303004";"CACHOEIRA DO SUL";"RS";"Médio Porte";"12,576847506434832624";"12,22711494066779636";"2. Constantes (Sustentabilidade)"
"4303103";"CACHOEIRINHA";"RS";"Grande Porte";"34,210830695770759746";"39,04278134040709602";"2. Constantes (Sustentabilidade)"
"4303202";"CACIQUE DOBLE";"RS";"Pequeno Porte I";"15,280797957155664690";"0,00000000000000000";"4. Efeito Substituição (Retração Local)"
"4303301";"CAIBATE";"RS";"Pequeno Porte I";"91,076339399703797994";"199,75333147705438819";"1. Despertados (Efeito Indutor)"
"4303400";"CAICARA";"RS";"Pequeno Porte I";"26,999210733364677139";"30,53384796218642805";"2. Constantes (Sustentabilidade)"
"4303509";"CAMAQUA";"RS";"Médio Porte";"12,021244668738349404";"22,74461619076870278";"1. Despertados (Efeito Indutor)"
"4303558";"CAMARGO";"RS";"Pequeno Porte I";"80,182327139275244576";"116,86565644733147451";"1. Despertados (Efeito Indutor)"
"4303608";"CAMBARA DO SUL";"RS";"Pequeno Porte I";"0,000000000000000000";"3,51007016930753757";"2. Constantes (Sustentabilidade)"
"4303673";"CAMPESTRE DA SERRA";"RS";"Pequeno Porte I";"160,139370179713722564";"0,00000000000000000";"4. Efeito Substituição (Retração Local)"
"4303707";"CAMPINA DAS MISSOES";"RS";"Pequeno Porte I";"15,893973412571879678";"115,84846235537442283";"1. Despertados (Efeito Indutor)"
"4303806";"CAMPINAS DO SUL";"RS";"Pequeno Porte I";"33,617425017642112550";"135,15507952701935324";"1. Despertados (Efeito Indutor)"
"4303905";"CAMPO BOM";"RS";"Médio Porte";"62,351610642176424903";"133,12994612508893510";"1. Despertados (Efeito Indutor)"
"4304002";"CAMPO NOVO";"RS";"Pequeno Porte I";"29,692198298035748394";"50,78174854930401949";"1. Despertados (Efeito Indutor)"
"4304200";"CANDELARIA";"RS";"Pequeno Porte II";"2,053893939780752742";"23,47583073414094201";"1. Despertados (Efeito Indutor)"
"4304309";"CANDIDO GODOI";"RS";"Pequeno Porte I";"3,390942126529300715";"21,96630822202594047";"1. Despertados (Efeito Indutor)"
"4304358";"CANDIOTA";"RS";"Pequeno Porte I";"6,239947340349495164";"136,83960218265471553";"1. Despertados (Efeito Indutor)"
"4304408";"CANELA";"RS";"Pequeno Porte II";"21,405350379888698598";"18,26774655221154831";"2. Constantes (Sustentabilidade)"
"4304507";"CANGUCU";"RS";"Pequeno Porte II";"20,048465937165154571";"7,71821978899888350";"4. Efeito Substituição (Retração Local)"
"4304606";"CANOAS";"RS";"Grande Porte";"53,888022231936794526";"16,52915491944829895";"4. Efeito Substituição (Retração Local)"
"4304614";"CANUDOS DO VALE";"RS";"Pequeno Porte I";"19,460587568447547113";"155,80200372352658178";"1. Despertados (Efeito Indutor)"
"4304630";"CAPAO DA CANOA";"RS";"Médio Porte";"12,629620254625301357";"42,39831667789459146";"1. Despertados (Efeito Indutor)"
"4304663";"CAPAO DO LEAO";"RS";"Pequeno Porte II";"41,167402641197590185";"73,33445063237731176";"1. Despertados (Efeito Indutor)"
"4304671";"CAPIVARI DO SUL";"RS";"Pequeno Porte I";"64,039744077298124125";"97,05504921045461231";"1. Despertados (Efeito Indutor)"
"4304689";"CAPELA DE SANTANA";"RS";"Pequeno Porte I";"18,990826565688664118";"68,65470413743315703";"1. Despertados (Efeito Indutor)"
"4304705";"CARAZINHO";"RS";"Médio Porte";"26,488350634459632005";"49,61827421734481902";"1. Despertados (Efeito Indutor)"
"4304713";"CARAA";"RS";"Pequeno Porte I";"0,715666382872835127";"14,80078129957672672";"1. Despertados (Efeito Indutor)"
"4304804";"CARLOS BARBOSA";"RS";"Pequeno Porte II";"51,127709635720080428";"56,06280819147909256";"2. Constantes (Sustentabilidade)"
"4304903";"CASCA";"RS";"Pequeno Porte I";"49,067757644566725617";"76,24324566515124957";"1. Despertados (Efeito Indutor)"
"4304952";"CASEIROS";"RS";"Pequeno Porte I";"33,587451173876779364";"55,72109373024131429";"1. Despertados (Efeito Indutor)"
"4305009";"CATUIPE";"RS";"Pequeno Porte I";"12,031221253715623121";"14,86790673631481852";"2. Constantes (Sustentabilidade)"
"4305108";"CAXIAS DO SUL";"RS";"Grande Porte";"35,988597052346541716";"37,09957366580147209";"2. Constantes (Sustentabilidade)"
"4305116";"CENTENARIO";"RS";"Pequeno Porte I";"12,767041258394771219";"0,00000000000000000";"4. Efeito Substituição (Retração Local)"
"4305124";"CERRITO";"RS";"Pequeno Porte I";"42,744944263449966115";"123,98489667731287511";"1. Despertados (Efeito Indutor)"
"4305132";"CERRO BRANCO";"RS";"Pequeno Porte I";"19,397426982029127629";"24,76559626068263853";"2. Constantes (Sustentabilidade)"
"4305157";"CERRO GRANDE";"RS";"Pequeno Porte I";"0,000000000000000000";"2,63536986278744489";"2. Constantes (Sustentabilidade)"
"4305173";"CERRO GRANDE DO SUL";"RS";"Pequeno Porte I";"15,244361621737679613";"10,21739544449467196";"2. Constantes (Sustentabilidade)"
"4305207";"CERRO LARGO";"RS";"Pequeno Porte I";"40,457430049453883214";"40,04492177167735179";"2. Constantes (Sustentabilidade)"
"4305306";"CHAPADA";"RS";"Pequeno Porte I";"48,881891093226613521";"74,63033680578129747";"1. Despertados (Efeito Indutor)"
"4305355";"CHARQUEADAS";"RS";"Pequeno Porte II";"59,959032273517067324";"53,37317518214528889";"2. Constantes (Sustentabilidade)"
"4305371";"CHARRUA";"RS";"Pequeno Porte I";"19,653288861973127410";"102,24767754788967977";"1. Despertados (Efeito Indutor)"
"4305405";"CHIAPETTA";"RS";"Pequeno Porte I";"25,284068489443022543";"76,74750315019666402";"1. Despertados (Efeito Indutor)"
"4305439";"CHUI";"RS";"Pequeno Porte I";"0,000000000000000000";"7,64422059736533654";"1. Despertados (Efeito Indutor)"
"4305447";"CHUVISCA";"RS";"Pequeno Porte I";"55,547911695287467637";"161,81784215845246422";"1. Despertados (Efeito Indutor)"
"4305454";"CIDREIRA";"RS";"Pequeno Porte I";"10,122689741704798294";"2,34709582430801778";"4. Efeito Substituição (Retração Local)"
"4305504";"CIRIACO";"RS";"Pequeno Porte I";"0,341716918288396732";"0,00000000000000000";"2. Constantes (Sustentabilidade)"
"4305603";"COLORADO";"RS";"Pequeno Porte I";"9,001600555639258872";"15,48740626511181517";"2. Constantes (Sustentabilidade)"
"4305702";"CONDOR";"RS";"Pequeno Porte I";"12,532627574900379486";"10,45894473930689905";"2. Constantes (Sustentabilidade)"
"4305801";"CONSTANTINA";"RS";"Pequeno Porte I";"12,800535254635244442";"23,57735697126665642";"1. Despertados (Efeito Indutor)"
"4305835";"COQUEIRO BAIXO";"RS";"Pequeno Porte I";"5,807465513531210988";"178,49901904140108400";"1. Despertados (Efeito Indutor)"
"4305850";"COQUEIROS DO SUL";"RS";"Pequeno Porte I";"46,801605944156960959";"162,77625713681231900";"1. Despertados (Efeito Indutor)"
"4305900";"CORONEL BICACO";"RS";"Pequeno Porte I";"23,410312466088011973";"25,15388296298017323";"2. Constantes (Sustentabilidade)"
"4305934";"CORONEL PILAR";"RS";"Pequeno Porte I";"47,833759579157863584";"124,55046444280533535";"1. Despertados (Efeito Indutor)"
"4305975";"COXILHA";"RS";"Pequeno Porte I";"102,317889879525665719";"134,93738137782466424";"1. Despertados (Efeito Indutor)"
"4306007";"CRISSIUMAL";"RS";"Pequeno Porte I";"34,743819473584608204";"88,08650753436226921";"1. Despertados (Efeito Indutor)"
"4306056";"CRISTAL";"RS";"Pequeno Porte I";"45,640502407085079994";"45,00123043165356762";"2. Constantes (Sustentabilidade)"
"4306072";"CRISTAL DO SUL";"RS";"Pequeno Porte I";"4,116475813442228571";"129,91135768643266601";"1. Despertados (Efeito Indutor)"
"4306106";"CRUZ ALTA";"RS";"Médio Porte";"19,413432606342777120";"16,75342012372803069";"2. Constantes (Sustentabilidade)"
"4306130";"CRUZALTENSE";"RS";"Pequeno Porte I";"122,864233895900184734";"46,50747790003656945";"4. Efeito Substituição (Retração Local)"
"4306205";"CRUZEIRO DO SUL";"RS";"Pequeno Porte I";"31,016716997386573951";"12,73530165205808196";"4. Efeito Substituição (Retração Local)"
"4306304";"DAVID CANABARRO";"RS";"Pequeno Porte I";"80,957155417002496733";"58,13958644712545976";"4. Efeito Substituição (Retração Local)"
"4306320";"DERRUBADAS";"RS";"Pequeno Porte I";"36,820910919520414950";"162,75565731705358985";"1. Despertados (Efeito Indutor)"
"4306353";"DEZESSEIS DE NOVEMBRO";"RS";"Pequeno Porte I";"0,000000000000000000";"45,98460282554756162";"1. Despertados (Efeito Indutor)"
"4306379";"DILERMANDO DE AGUIAR";"RS";"Pequeno Porte I";"26,406625303204080524";"97,01256071025611050";"1. Despertados (Efeito Indutor)"
"4306403";"DOIS IRMAOS";"RS";"Pequeno Porte II";"33,420264541554558946";"47,92537042735477826";"1. Despertados (Efeito Indutor)"
"4306429";"DOIS IRMAOS DAS MISSOES";"RS";"Pequeno Porte I";"1,624862323967253719";"75,08851909917703438";"1. Despertados (Efeito Indutor)"
"4306452";"DOIS LAJEADOS";"RS";"Pequeno Porte I";"19,884006606244284399";"163,36536664280416176";"1. Despertados (Efeito Indutor)"
"4306502";"DOM FELICIANO";"RS";"Pequeno Porte I";"37,866188590060588126";"75,97603869858915004";"1. Despertados (Efeito Indutor)"
"4306551";"DOM PEDRO DE ALCANTARA";"RS";"Pequeno Porte I";"0,060512776589612412";"54,52296495833105183";"1. Despertados (Efeito Indutor)"
"4306601";"DOM PEDRITO";"RS";"Pequeno Porte II";"44,779092075004811591";"65,95403796328028534";"1. Despertados (Efeito Indutor)"
"4306700";"DONA FRANCISCA";"RS";"Pequeno Porte I";"11,860751981805817579";"142,45150465019727903";"1. Despertados (Efeito Indutor)"
"4306734";"DOUTOR MAURICIO CARDOSO";"RS";"Pequeno Porte I";"121,599182907753188942";"190,92214044899327519";"1. Despertados (Efeito Indutor)"
"4306759";"DOUTOR RICARDO";"RS";"Pequeno Porte I";"93,307116904425242865";"175,77129799635611107";"1. Despertados (Efeito Indutor)"
"4306767";"ELDORADO DO SUL";"RS";"Pequeno Porte II";"21,198341816824903816";"29,21739036591074878";"2. Constantes (Sustentabilidade)"
"4306809";"ENCANTADO";"RS";"Pequeno Porte II";"18,371578455302753241";"52,35284834394641962";"1. Despertados (Efeito Indutor)"
"4306908";"ENCRUZILHADA DO SUL";"RS";"Pequeno Porte II";"12,579507159411601691";"34,86004185704521063";"1. Despertados (Efeito Indutor)"
"4306924";"ENGENHO VELHO";"RS";"Pequeno Porte I";"1,530200495824787899";"28,73154723910969821";"1. Despertados (Efeito Indutor)"
"4306932";"ENTRE-IJUIS";"RS";"Pequeno Porte I";"20,230088037217658581";"35,10418892208766550";"1. Despertados (Efeito Indutor)"
"4306957";"ENTRE RIOS DO SUL";"RS";"Pequeno Porte I";"29,625170969276780397";"0,00000000000000000";"4. Efeito Substituição (Retração Local)"
"4306973";"EREBANGO";"RS";"Pequeno Porte I";"10,798889775514359357";"82,24127335810833017";"1. Despertados (Efeito Indutor)"
"4307005";"ERECHIM";"RS";"Grande Porte";"54,662901767636910222";"132,36390758419244662";"1. Despertados (Efeito Indutor)"
"4307054";"ERNESTINA";"RS";"Pequeno Porte I";"0,000000000000000000";"57,93043077978521183";"1. Despertados (Efeito Indutor)"
"4307203";"ERVAL GRANDE";"RS";"Pequeno Porte I";"8,352733283711197387";"0,00000000000000000";"4. Efeito Substituição (Retração Local)"
"4307302";"ERVAL SECO";"RS";"Pequeno Porte I";"17,318012719241920649";"20,78741150891616485";"2. Constantes (Sustentabilidade)"
"4307450";"ESPERANCA DO SUL";"RS";"Pequeno Porte I";"78,283497250431338443";"146,60077636647440613";"1. Despertados (Efeito Indutor)"
"4307500";"ESPUMOSO";"RS";"Pequeno Porte I";"49,928177275164493665";"93,75032967579305421";"1. Despertados (Efeito Indutor)"
"4307559";"ESTACAO";"RS";"Pequeno Porte I";"18,356511117765055729";"58,75766532053708602";"1. Despertados (Efeito Indutor)"
"4307609";"ESTANCIA VELHA";"RS";"Pequeno Porte II";"13,928835054468882149";"38,46244038675328625";"1. Despertados (Efeito Indutor)"
"4307708";"ESTEIO";"RS";"Médio Porte";"14,347922850694443397";"51,98240428661876678";"1. Despertados (Efeito Indutor)"
"4307807";"ESTRELA";"RS";"Pequeno Porte II";"89,532449243702998842";"79,04339987862573480";"2. Constantes (Sustentabilidade)"
"4307815";"ESTRELA VELHA";"RS";"Pequeno Porte I";"47,653615912912471231";"112,07390961704231813";"1. Despertados (Efeito Indutor)"
"4307831";"EUGENIO DE CASTRO";"RS";"Pequeno Porte I";"18,285658716211184327";"16,30604259531933309";"2. Constantes (Sustentabilidade)"
"4307906";"FARROUPILHA";"RS";"Médio Porte";"19,798399404001781221";"25,26305044863124039";"2. Constantes (Sustentabilidade)"
"4308003";"FAXINAL DO SOTURNO";"RS";"Pequeno Porte I";"23,866688016443045939";"23,95156932735717348";"2. Constantes (Sustentabilidade)"
"4308052";"FAXINALZINHO";"RS";"Pequeno Porte I";"4,337401938590729422";"0,00000000000000000";"2. Constantes (Sustentabilidade)"
"4308078";"FAZENDA VILANOVA";"RS";"Pequeno Porte I";"6,932683317766448639";"62,69938718949514112";"1. Despertados (Efeito Indutor)"
"4308102";"FELIZ";"RS";"Pequeno Porte I";"39,633022167431406046";"41,55114557149485677";"2. Constantes (Sustentabilidade)"
"4308201";"FLORES DA CUNHA";"RS";"Pequeno Porte II";"77,205553483489865130";"67,07206745118324420";"2. Constantes (Sustentabilidade)"
"4308250";"FLORIANO PEIXOTO";"RS";"Pequeno Porte I";"13,328764999728209162";"128,96470317363568370";"1. Despertados (Efeito Indutor)"
"4308300";"FONTOURA XAVIER";"RS";"Pequeno Porte I";"13,215557059653972871";"0,90678459604572659";"4. Efeito Substituição (Retração Local)"
"4308409";"FORMIGUEIRO";"RS";"Pequeno Porte I";"13,993881560483655946";"24,44045012474641254";"1. Despertados (Efeito Indutor)"
"4308458";"FORTALEZA DOS VALOS";"RS";"Pequeno Porte I";"40,004013044374026720";"65,96590939918246477";"1. Despertados (Efeito Indutor)"
"4308508";"FREDERICO WESTPHALEN";"RS";"Pequeno Porte II";"1,906843172879617798";"10,71706679582038468";"1. Despertados (Efeito Indutor)"
"4308607";"GARIBALDI";"RS";"Pequeno Porte II";"41,111292505058507629";"40,90998057712484126";"2. Constantes (Sustentabilidade)"
"4308656";"GARRUCHOS";"RS";"Pequeno Porte I";"21,474022552767632277";"50,57345744921380515";"1. Despertados (Efeito Indutor)"
"4308805";"GENERAL CAMARA";"RS";"Pequeno Porte I";"16,937479526804523289";"59,28969821502629145";"1. Despertados (Efeito Indutor)"
"4308854";"GENTIL";"RS";"Pequeno Porte I";"50,794208554739810779";"133,86900735858225175";"1. Despertados (Efeito Indutor)"
"4308904";"GETULIO VARGAS";"RS";"Pequeno Porte I";"30,331884159899775710";"31,35528673319060999";"2. Constantes (Sustentabilidade)"
"4309001";"GIRUA";"RS";"Pequeno Porte I";"86,613397469678872653";"150,47348444363575481";"1. Despertados (Efeito Indutor)"
"4309050";"GLORINHA";"RS";"Pequeno Porte I";"14,846450476221232151";"62,81218475451547789";"1. Despertados (Efeito Indutor)"
"4309100";"GRAMADO";"RS";"Pequeno Porte II";"155,108563518719762442";"114,10331586876870347";"4. Efeito Substituição (Retração Local)"
"4309126";"GRAMADO DOS LOUREIROS";"RS";"Pequeno Porte I";"41,938004134446721594";"0,00000000000000000";"4. Efeito Substituição (Retração Local)"
"4309159";"GRAMADO XAVIER";"RS";"Pequeno Porte I";"10,378571569276346054";"97,24775685559824012";"1. Despertados (Efeito Indutor)"
"4309209";"GRAVATAI";"RS";"Grande Porte";"9,783797999429070913";"8,00232320996589230";"2. Constantes (Sustentabilidade)"
"4309308";"GUAIBA";"RS";"Médio Porte";"14,950781086221125449";"50,77787607634355993";"1. Despertados (Efeito Indutor)"
"4309407";"GUAPORE";"RS";"Pequeno Porte II";"41,379033004074720736";"66,29800585752821007";"1. Despertados (Efeito Indutor)"
"4309506";"GUARANI DAS MISSOES";"RS";"Pequeno Porte I";"22,390929053348436639";"11,50737452860858134";"4. Efeito Substituição (Retração Local)"
"4309555";"HARMONIA";"RS";"Pequeno Porte I";"87,056128283153157099";"175,00657724539809124";"1. Despertados (Efeito Indutor)"
"4309571";"HERVEIRAS";"RS";"Pequeno Porte I";"3,845546787356751928";"0,00000000000000000";"2. Constantes (Sustentabilidade)"
"4309605";"HORIZONTINA";"RS";"Pequeno Porte I";"53,895407197433613078";"111,76218295738317465";"1. Despertados (Efeito Indutor)"
"4309654";"HULHA NEGRA";"RS";"Pequeno Porte I";"17,245980892224228143";"26,57429406232315472";"1. Despertados (Efeito Indutor)"
"4309753";"IBARAMA";"RS";"Pequeno Porte I";"38,829435144584749651";"70,89887741602186111";"1. Despertados (Efeito Indutor)"
"4309803";"IBIACA";"RS";"Pequeno Porte I";"30,162942438747013085";"0,00000000000000000";"4. Efeito Substituição (Retração Local)"
"4309902";"IBIRAIARAS";"RS";"Pequeno Porte I";"13,102074105030222739";"57,03634770375625607";"1. Despertados (Efeito Indutor)"
"4309951";"IBIRAPUITA";"RS";"Pequeno Porte I";"35,371073334558232659";"65,74843992270039905";"1. Despertados (Efeito Indutor)"
"4310009";"IBIRUBA";"RS";"Pequeno Porte II";"73,919625188535377447";"100,33119496069167553";"1. Despertados (Efeito Indutor)"
"4310108";"IGREJINHA";"RS";"Pequeno Porte II";"12,126156968176911022";"18,28396987752286051";"2. Constantes (Sustentabilidade)"
"4310207";"IJUI";"RS";"Médio Porte";"33,513593250081278541";"28,46327607090837475";"2. Constantes (Sustentabilidade)"
"4310306";"ILOPOLIS";"RS";"Pequeno Porte I";"28,415056588647292557";"104,05230877504571652";"1. Despertados (Efeito Indutor)"
"4310330";"IMBE";"RS";"Pequeno Porte II";"55,071710259315281633";"11,45311977782315438";"4. Efeito Substituição (Retração Local)"
"4310405";"INDEPENDENCIA";"RS";"Pequeno Porte I";"81,168932011534366211";"147,33745793074248809";"1. Despertados (Efeito Indutor)"
"4310413";"INHACORA";"RS";"Pequeno Porte I";"48,852651063352340088";"28,16045006308442211";"4. Efeito Substituição (Retração Local)"
"4310439";"IPE";"RS";"Pequeno Porte I";"31,083990796279714175";"58,97564737374777621";"1. Despertados (Efeito Indutor)"
"4310504";"IRAI";"RS";"Pequeno Porte I";"15,952124050522073162";"25,39503204510644707";"1. Despertados (Efeito Indutor)"
"4310538";"ITAARA";"RS";"Pequeno Porte I";"12,748447751433532815";"18,45649726970911075";"2. Constantes (Sustentabilidade)"
"4310553";"ITACURUBI";"RS";"Pequeno Porte I";"0,000000000000000000";"175,58860721213892475";"1. Despertados (Efeito Indutor)"
"4310579";"ITAPUCA";"RS";"Pequeno Porte I";"43,585762603633980916";"147,78236985842130480";"1. Despertados (Efeito Indutor)"
"4310603";"ITAQUI";"RS";"Pequeno Porte II";"15,298154204631595476";"21,15774339333653842";"2. Constantes (Sustentabilidade)"
"4310652";"ITATI";"RS";"Pequeno Porte I";"18,315979920871651387";"17,58694290068340749";"2. Constantes (Sustentabilidade)"
"4310702";"ITATIBA DO SUL";"RS";"Pequeno Porte I";"25,531151461495834809";"0,00000000000000000";"4. Efeito Substituição (Retração Local)"
"4310751";"IVORA";"RS";"Pequeno Porte I";"85,911433137444646491";"165,38116518533433918";"1. Despertados (Efeito Indutor)"
"4310801";"IVOTI";"RS";"Pequeno Porte II";"27,022713227068873465";"48,94244299432011758";"1. Despertados (Efeito Indutor)"
"4310876";"JACUIZINHO";"RS";"Pequeno Porte I";"29,641145254703733514";"49,58642032521917997";"1. Despertados (Efeito Indutor)"
"4311007";"JAGUARAO";"RS";"Pequeno Porte II";"64,487435769188465429";"87,50770637544715669";"1. Despertados (Efeito Indutor)"
"4311106";"JAGUARI";"RS";"Pequeno Porte I";"15,169011805599321718";"12,46962321500453719";"2. Constantes (Sustentabilidade)"
"4311122";"JAQUIRANA";"RS";"Pequeno Porte I";"15,686248745605016808";"0,00000000000000000";"4. Efeito Substituição (Retração Local)"
"4311130";"JARI";"RS";"Pequeno Porte I";"1,638370326204655392";"28,23780422157604519";"1. Despertados (Efeito Indutor)"
"4311155";"JOIA";"RS";"Pequeno Porte I";"10,360887081727163661";"73,23012281631255860";"1. Despertados (Efeito Indutor)"
"4311205";"JULIO DE CASTILHOS";"RS";"Pequeno Porte I";"34,605285588290264798";"22,62759754927547817";"4. Efeito Substituição (Retração Local)"
"4311239";"LAGOA BONITA DO SUL";"RS";"Pequeno Porte I";"19,833780293187246002";"126,77632789815186243";"1. Despertados (Efeito Indutor)"
"4311304";"LAGOA VERMELHA";"RS";"Pequeno Porte II";"14,265318941530445329";"93,20523096061094748";"1. Despertados (Efeito Indutor)"
"4311403";"LAJEADO";"RS";"Médio Porte";"43,534018643244600355";"49,50954130135787068";"2. Constantes (Sustentabilidade)"
"4311502";"LAVRAS DO SUL";"RS";"Pequeno Porte I";"1,097698909529436939";"41,88368935668158599";"1. Despertados (Efeito Indutor)"
"4311601";"LIBERATO SALZANO";"RS";"Pequeno Porte I";"21,383548974749523097";"49,54451290110204553";"1. Despertados (Efeito Indutor)"
"4311627";"LINDOLFO COLLOR";"RS";"Pequeno Porte I";"23,951026605507784950";"91,05254119627772980";"1. Despertados (Efeito Indutor)"
"4311700";"MACHADINHO";"RS";"Pequeno Porte I";"32,967216093721972925";"136,41051036257209716";"1. Despertados (Efeito Indutor)"
"4311718";"MACAMBARA";"RS";"Pequeno Porte I";"16,803131222248062215";"100,74676210949485267";"1. Despertados (Efeito Indutor)"
"4311734";"MAMPITUBA";"RS";"Pequeno Porte I";"3,266094329302476673";"55,55808555564352957";"1. Despertados (Efeito Indutor)"
"4311759";"MANOEL VIANA";"RS";"Pequeno Porte I";"34,075786627988875921";"43,76315969560825181";"2. Constantes (Sustentabilidade)"
"4311775";"MAQUINE";"RS";"Pequeno Porte I";"12,501635974181658284";"5,84222045596827400";"2. Constantes (Sustentabilidade)"
"4311791";"MARATA";"RS";"Pequeno Porte I";"182,467376462286722472";"85,25713189974419493";"4. Efeito Substituição (Retração Local)"
"4311809";"MARAU";"RS";"Pequeno Porte II";"29,781866620867937456";"74,45289154941653464";"1. Despertados (Efeito Indutor)"
"4311908";"MARCELINO RAMOS";"RS";"Pequeno Porte I";"18,683628429226200041";"2,81316454102213420";"4. Efeito Substituição (Retração Local)"
"4312054";"MARQUES DE SOUZA";"RS";"Pequeno Porte I";"31,626064629799309103";"101,21260122578695473";"1. Despertados (Efeito Indutor)"
"4312138";"MATO CASTELHANO";"RS";"Pequeno Porte I";"0,000000000000000000";"12,22659075831829334";"1. Despertados (Efeito Indutor)"
"4312153";"MATO LEITAO";"RS";"Pequeno Porte I";"28,838494615143961397";"149,65389976005187123";"1. Despertados (Efeito Indutor)"
"4312203";"MAXIMILIANO DE ALMEIDA";"RS";"Pequeno Porte I";"17,997837529051182059";"78,41803147191929213";"1. Despertados (Efeito Indutor)"
"4312252";"MINAS DO LEAO";"RS";"Pequeno Porte I";"5,459322020780128959";"59,99965797606346030";"1. Despertados (Efeito Indutor)"
"4312302";"MIRAGUAI";"RS";"Pequeno Porte I";"15,089322630148183535";"17,82035658767745190";"2. Constantes (Sustentabilidade)"
"4312351";"MONTAURI";"RS";"Pequeno Porte I";"63,545800399962779181";"194,25341361579211252";"1. Despertados (Efeito Indutor)"
"4312401";"MONTENEGRO";"RS";"Médio Porte";"77,606639125036778637";"103,90951465536755904";"1. Despertados (Efeito Indutor)"
"4312427";"MORMACO";"RS";"Pequeno Porte I";"31,694976120020132981";"15,96694014512357818";"4. Efeito Substituição (Retração Local)"
"4312443";"MORRINHOS DO SUL";"RS";"Pequeno Porte I";"0,000000000000000000";"29,58740345640608282";"1. Despertados (Efeito Indutor)"
"4312450";"MORRO REDONDO";"RS";"Pequeno Porte I";"14,461859594632034742";"37,42427828426788494";"1. Despertados (Efeito Indutor)"
"4312476";"MORRO REUTER";"RS";"Pequeno Porte I";"26,326876429630143406";"63,75147345089290241";"1. Despertados (Efeito Indutor)"
"4312500";"MOSTARDAS";"RS";"Pequeno Porte I";"11,096844037483604595";"10,14912085527668140";"2. Constantes (Sustentabilidade)"
"4312609";"MUCUM";"RS";"Pequeno Porte I";"31,893071760434139605";"55,57348764914753758";"1. Despertados (Efeito Indutor)"
"4312617";"MUITOS CAPOES";"RS";"Pequeno Porte I";"36,998566282159501384";"149,15825519789530063";"1. Despertados (Efeito Indutor)"
"4312625";"MULITERNO";"RS";"Pequeno Porte I";"196,694185023712066140";"0,00000000000000000";"4. Efeito Substituição (Retração Local)"
"4312658";"NAO-ME-TOQUE";"RS";"Pequeno Porte I";"45,489054011627608531";"65,18268115907889637";"1. Despertados (Efeito Indutor)"
"4312708";"NONOAI";"RS";"Pequeno Porte I";"12,523804079800548550";"0,00000000000000000";"4. Efeito Substituição (Retração Local)"
"4312757";"NOVA ALVORADA";"RS";"Pequeno Porte I";"16,597040038932988182";"66,91475778445071398";"1. Despertados (Efeito Indutor)"
"4312807";"NOVA ARACA";"RS";"Pequeno Porte I";"27,111563285571868676";"64,83713876224126693";"1. Despertados (Efeito Indutor)"
"4312906";"NOVA BASSANO";"RS";"Pequeno Porte I";"29,009193811268470853";"52,12959114502175595";"1. Despertados (Efeito Indutor)"
"4313003";"NOVA BRESCIA";"RS";"Pequeno Porte I";"12,176442302769986625";"145,40695663399435489";"1. Despertados (Efeito Indutor)"
"4313037";"NOVA ESPERANCA DO SUL";"RS";"Pequeno Porte I";"74,705803544934227034";"117,06280119379827909";"1. Despertados (Efeito Indutor)"
"4313060";"NOVA HARTZ";"RS";"Pequeno Porte II";"15,724124841836678357";"31,38306358412621577";"1. Despertados (Efeito Indutor)"
"4313086";"NOVA PADUA";"RS";"Pequeno Porte I";"3,320702808486100555";"182,83482480258257397";"1. Despertados (Efeito Indutor)"
"4313102";"NOVA PALMA";"RS";"Pequeno Porte I";"113,032222184706967028";"39,44635801696442456";"4. Efeito Substituição (Retração Local)"
"4313201";"NOVA PETROPOLIS";"RS";"Pequeno Porte II";"52,917285584807977727";"89,94669730247103701";"1. Despertados (Efeito Indutor)"
"4313300";"NOVA PRATA";"RS";"Pequeno Porte II";"30,137388867994172159";"62,77661182898044245";"1. Despertados (Efeito Indutor)"
"4313334";"NOVA RAMADA";"RS";"Pequeno Porte I";"72,906542496923051999";"154,31405216934578561";"1. Despertados (Efeito Indutor)"
"4313359";"NOVA ROMA DO SUL";"RS";"Pequeno Porte I";"46,714908347144074696";"34,39939322550599599";"2. Constantes (Sustentabilidade)"
"4313375";"NOVA SANTA RITA";"RS";"Pequeno Porte II";"13,875483103622654468";"67,91055136563392125";"1. Despertados (Efeito Indutor)"
"4313391";"NOVO CABRAIS";"RS";"Pequeno Porte I";"28,030041828271663462";"110,86881401690894222";"1. Despertados (Efeito Indutor)"
"4313409";"NOVO HAMBURGO";"RS";"Grande Porte";"28,373510717822881588";"36,31095047339354664";"2. Constantes (Sustentabilidade)"
"4313425";"NOVO MACHADO";"RS";"Pequeno Porte I";"98,401699581028552188";"199,05648307638466576";"1. Despertados (Efeito Indutor)"
"4313490";"NOVO BARREIRO";"RS";"Pequeno Porte I";"1,025211370514532261";"37,68451942390628062";"1. Despertados (Efeito Indutor)"
"4313508";"OSORIO";"RS";"Pequeno Porte II";"17,690773212760063871";"9,41535845731056753";"2. Constantes (Sustentabilidade)"
"4313607";"PAIM FILHO";"RS";"Pequeno Porte I";"24,751270143322976480";"0,00000000000000000";"4. Efeito Substituição (Retração Local)"
"4313656";"PALMARES DO SUL";"RS";"Pequeno Porte I";"11,771004222546505247";"0,48452720051614206";"4. Efeito Substituição (Retração Local)"
"4313706";"PALMEIRA DAS MISSOES";"RS";"Pequeno Porte II";"29,880939632675701745";"77,65877080270084321";"1. Despertados (Efeito Indutor)"
"4313805";"PALMITINHO";"RS";"Pequeno Porte I";"11,871867853310332563";"41,73640547668637168";"1. Despertados (Efeito Indutor)"
"4313904";"PANAMBI";"RS";"Pequeno Porte II";"53,982280512714140741";"64,86245492914730448";"2. Constantes (Sustentabilidade)"
"4313953";"PANTANO GRANDE";"RS";"Pequeno Porte I";"12,145766560172345905";"12,94126043940947568";"2. Constantes (Sustentabilidade)"
"4314001";"PARAI";"RS";"Pequeno Porte I";"71,150392747812077232";"95,41462566695987846";"1. Despertados (Efeito Indutor)"
"4314027";"PARAISO DO SUL";"RS";"Pequeno Porte I";"68,515801821242121150";"96,94874933731647104";"1. Despertados (Efeito Indutor)"
"4314035";"PARECI NOVO";"RS";"Pequeno Porte I";"62,552668516262357912";"136,30247863645780626";"1. Despertados (Efeito Indutor)"
"4314050";"PAROBE";"RS";"Médio Porte";"26,600082051796253069";"55,83522109643853071";"1. Despertados (Efeito Indutor)"
"4314068";"PASSA SETE";"RS";"Pequeno Porte I";"41,609171486949541929";"43,80039961284689554";"2. Constantes (Sustentabilidade)"
"4314076";"PASSO DO SOBRADO";"RS";"Pequeno Porte I";"3,476014986881858615";"151,28868538752215045";"1. Despertados (Efeito Indutor)"
"4314100";"PASSO FUNDO";"RS";"Grande Porte";"13,876530401329045361";"29,12502819673303378";"1. Despertados (Efeito Indutor)"
"4314134";"PAULO BENTO";"RS";"Pequeno Porte I";"37,556482081135342810";"176,01825515906216424";"1. Despertados (Efeito Indutor)"
"4314159";"PAVERAMA";"RS";"Pequeno Porte I";"12,844219981390036622";"20,45229656962840181";"1. Despertados (Efeito Indutor)"
"4314209";"PEDRO OSORIO";"RS";"Pequeno Porte I";"77,708837753163919615";"176,73691724559006389";"1. Despertados (Efeito Indutor)"
"4314308";"PEJUCARA";"RS";"Pequeno Porte I";"46,868343225753314130";"68,22391715062097717";"1. Despertados (Efeito Indutor)"
"4314407";"PELOTAS";"RS";"Grande Porte";"22,338088637206769960";"29,46388412011373248";"2. Constantes (Sustentabilidade)"
"4314456";"PINHAL";"RS";"Pequeno Porte I";"36,816285289094651034";"102,82383655864231287";"1. Despertados (Efeito Indutor)"
"4314464";"PINHAL DA SERRA";"RS";"Pequeno Porte I";"22,647017004491630132";"0,00000000000000000";"4. Efeito Substituição (Retração Local)"
"4314472";"PINHAL GRANDE";"RS";"Pequeno Porte I";"87,087806109045317271";"113,32566251333972218";"1. Despertados (Efeito Indutor)"
"4314498";"PINHEIRINHO DO VALE";"RS";"Pequeno Porte I";"6,289753859747812648";"0,00000000000000000";"4. Efeito Substituição (Retração Local)"
"4314506";"PINHEIRO MACHADO";"RS";"Pequeno Porte I";"3,318287342693075015";"9,14122707828396841";"1. Despertados (Efeito Indutor)"
"4314548";"PINTO BANDEIRA";"RS";"Pequeno Porte I";"5,693490033881269952";"2,37301032602651096";"2. Constantes (Sustentabilidade)"
"4314605";"PIRATINI";"RS";"Pequeno Porte I";"18,222079805921023166";"133,86814476938192797";"1. Despertados (Efeito Indutor)"
"4314753";"POCO DAS ANTAS";"RS";"Pequeno Porte I";"73,080772785487823739";"122,01617978422345345";"1. Despertados (Efeito Indutor)"
"4314779";"PONTAO";"RS";"Pequeno Porte I";"1,935961798042974191";"114,96229539931016461";"1. Despertados (Efeito Indutor)"
"4314803";"PORTAO";"RS";"Pequeno Porte II";"5,736607239614902376";"13,46032255766060182";"1. Despertados (Efeito Indutor)"
"4314902";"PORTO ALEGRE";"RS";"Metrópole";"30,385580951703165198";"36,95900535181627333";"2. Constantes (Sustentabilidade)"
"4315008";"PORTO LUCENA";"RS";"Pequeno Porte I";"38,783629350543399994";"0,06467889908256881";"4. Efeito Substituição (Retração Local)"
"4315057";"PORTO MAUA";"RS";"Pequeno Porte I";"15,026154873387211452";"47,62897847887131775";"1. Despertados (Efeito Indutor)"
"4315073";"PORTO VERA CRUZ";"RS";"Pequeno Porte I";"154,138736797861582772";"49,01752881912868531";"4. Efeito Substituição (Retração Local)"
"4315107";"PORTO XAVIER";"RS";"Pequeno Porte I";"55,198345407798171891";"100,47474010470170924";"1. Despertados (Efeito Indutor)"
"4315131";"POUSO NOVO";"RS";"Pequeno Porte I";"83,006218459762820316";"146,60218189001065525";"1. Despertados (Efeito Indutor)"
"4315149";"PRESIDENTE LUCENA";"RS";"Pequeno Porte I";"11,674589335052324657";"83,82809216884552939";"1. Despertados (Efeito Indutor)"
"4315156";"PROGRESSO";"RS";"Pequeno Porte I";"2,588968995760447811";"13,65055782742525281";"1. Despertados (Efeito Indutor)"
"4315172";"PROTASIO ALVES";"RS";"Pequeno Porte I";"17,943674509357634861";"33,43034694262622253";"1. Despertados (Efeito Indutor)"
"4315305";"QUARAI";"RS";"Pequeno Porte II";"1,363904873424606201";"6,54433948917385422";"2. Constantes (Sustentabilidade)"
"4315321";"QUEVEDOS";"RS";"Pequeno Porte I";"46,580983963622394128";"77,18325804164230419";"1. Despertados (Efeito Indutor)"
"4315354";"QUINZE DE NOVEMBRO";"RS";"Pequeno Porte I";"35,886697827430040775";"138,07521710264219905";"1. Despertados (Efeito Indutor)"
"4315404";"REDENTORA";"RS";"Pequeno Porte I";"0,446533929165425558";"15,12239005936417158";"1. Despertados (Efeito Indutor)"
"4315503";"RESTINGA SECA";"RS";"Pequeno Porte I";"30,801350463965789572";"40,03739629518472043";"2. Constantes (Sustentabilidade)"
"4315552";"RIO DOS INDIOS";"RS";"Pequeno Porte I";"20,250249263366782770";"0,00000000000000000";"4. Efeito Substituição (Retração Local)"
"4315602";"RIO GRANDE";"RS";"Grande Porte";"19,977399094920322398";"2,81214010242960022";"4. Efeito Substituição (Retração Local)"
"4315701";"RIO PARDO";"RS";"Pequeno Porte II";"0,673301117048518027";"5,86165488241412369";"1. Despertados (Efeito Indutor)"
"4315750";"RIOZINHO";"RS";"Pequeno Porte I";"26,329398968333070030";"169,80911694403545198";"1. Despertados (Efeito Indutor)"
"4315800";"ROCA SALES";"RS";"Pequeno Porte I";"35,492513924488847010";"27,66878525661717347";"2. Constantes (Sustentabilidade)"
"4315909";"RODEIO BONITO";"RS";"Pequeno Porte I";"61,191943583787605121";"129,47472114836023138";"1. Despertados (Efeito Indutor)"
"4316006";"ROLANTE";"RS";"Pequeno Porte II";"27,211227484965732515";"29,89039179521758882";"2. Constantes (Sustentabilidade)"
"4316105";"RONDA ALTA";"RS";"Pequeno Porte I";"45,324891131049135140";"97,30489628995763951";"1. Despertados (Efeito Indutor)"
"4316204";"RONDINHA";"RS";"Pequeno Porte I";"77,782776119487905930";"132,16289344484229673";"1. Despertados (Efeito Indutor)"
"4316303";"ROQUE GONZALES";"RS";"Pequeno Porte I";"132,764451739459332202";"70,45525504588275112";"4. Efeito Substituição (Retração Local)"
"4316402";"ROSARIO DO SUL";"RS";"Pequeno Porte II";"34,908360596479077742";"21,05449647959199311";"4. Efeito Substituição (Retração Local)"
"4316428";"SAGRADA FAMILIA";"RS";"Pequeno Porte I";"20,571632409268548969";"120,42261618987400595";"1. Despertados (Efeito Indutor)"
"4316436";"SALDANHA MARINHO";"RS";"Pequeno Porte I";"78,879974573487189105";"62,94834841935442427";"2. Constantes (Sustentabilidade)"
"4316451";"SALTO DO JACUI";"RS";"Pequeno Porte I";"26,721605514137486637";"51,52774144655507627";"1. Despertados (Efeito Indutor)"
"4316477";"SALVADOR DAS MISSOES";"RS";"Pequeno Porte I";"19,441788827846462340";"122,32753870623683667";"1. Despertados (Efeito Indutor)"
"4316600";"SANANDUVA";"RS";"Pequeno Porte I";"20,134338475872787910";"0,00000000000000000";"4. Efeito Substituição (Retração Local)"
"4316733";"SANTA CECILIA DO SUL";"RS";"Pequeno Porte I";"6,502186408653401806";"0,00000000000000000";"4. Efeito Substituição (Retração Local)"
"4316758";"SANTA CLARA DO SUL";"RS";"Pequeno Porte I";"27,937516263901748914";"82,86181011743077818";"1. Despertados (Efeito Indutor)"
"4316808";"SANTA CRUZ DO SUL";"RS";"Grande Porte";"27,116777971857182195";"43,48248215876681400";"1. Despertados (Efeito Indutor)"
"4316907";"SANTA MARIA";"RS";"Grande Porte";"11,265035343481784480";"44,62599751432763640";"1. Despertados (Efeito Indutor)"
"4316956";"SANTA MARIA DO HERVAL";"RS";"Pequeno Porte I";"20,116458348720435367";"37,95949973419575940";"1. Despertados (Efeito Indutor)"
"4316972";"SANTA MARGARIDA DO SUL";"RS";"Pequeno Porte I";"21,257447996851556837";"68,38812492486829342";"1. Despertados (Efeito Indutor)"
"4317004";"SANTANA DA BOA VISTA";"RS";"Pequeno Porte I";"37,931452554988084103";"37,09378130918895522";"2. Constantes (Sustentabilidade)"
"4317103";"SANT'ANA DO LIVRAMENTO";"RS";"Médio Porte";"7,350349127487975309";"18,19281371749407228";"1. Despertados (Efeito Indutor)"
"4317202";"SANTA ROSA";"RS";"Médio Porte";"74,232480834051685292";"28,46106258393852073";"4. Efeito Substituição (Retração Local)"
"4317251";"SANTA TEREZA";"RS";"Pequeno Porte I";"0,000000000000000000";"12,94507283427304145";"1. Despertados (Efeito Indutor)"
"4317301";"SANTA VITORIA DO PALMAR";"RS";"Pequeno Porte II";"23,766999615736111195";"34,72720441503517463";"1. Despertados (Efeito Indutor)"
"4317400";"SANTIAGO";"RS";"Pequeno Porte II";"21,429992274158149002";"19,98975565341870464";"2. Constantes (Sustentabilidade)"
"4317558";"SANTO ANTONIO DO PALMA";"RS";"Pequeno Porte I";"49,918520532505091580";"144,58180448420588959";"1. Despertados (Efeito Indutor)"
"4317608";"SANTO ANTONIO DA PATRULHA";"RS";"Pequeno Porte II";"13,316085645290829831";"34,75205483928338879";"1. Despertados (Efeito Indutor)"
"4317707";"SANTO ANTONIO DAS MISSOES";"RS";"Pequeno Porte I";"28,137861281331989716";"47,14524276148715387";"1. Despertados (Efeito Indutor)"
"4317756";"SANTO ANTONIO DO PLANALTO";"RS";"Pequeno Porte I";"93,752148072290225400";"173,00298972060210190";"1. Despertados (Efeito Indutor)"
"4317806";"SANTO AUGUSTO";"RS";"Pequeno Porte I";"54,701335729478550718";"48,09337569704227633";"2. Constantes (Sustentabilidade)"
"4317905";"SANTO CRISTO";"RS";"Pequeno Porte I";"58,784380445795839876";"73,79509300405258898";"2. Constantes (Sustentabilidade)"
"4317954";"SANTO EXPEDITO DO SUL";"RS";"Pequeno Porte I";"6,138764952435357358";"0,00000000000000000";"2. Constantes (Sustentabilidade)"
"4318002";"SAO BORJA";"RS";"Médio Porte";"18,500859778416074874";"18,09928820581948372";"2. Constantes (Sustentabilidade)"
"4318101";"SAO FRANCISCO DE ASSIS";"RS";"Pequeno Porte I";"15,113545095742601632";"23,42578752417669818";"1. Despertados (Efeito Indutor)"
"4318200";"SAO FRANCISCO DE PAULA";"RS";"Pequeno Porte II";"20,100540542335615157";"84,48258267378724895";"1. Despertados (Efeito Indutor)"
"4318309";"SAO GABRIEL";"RS";"Médio Porte";"0,000000000000000000";"19,80647886926358225";"1. Despertados (Efeito Indutor)"
"4318408";"SAO JERONIMO";"RS";"Pequeno Porte II";"15,249379181158976948";"10,43549241947840045";"2. Constantes (Sustentabilidade)"
"4318424";"SAO JOAO DA URTIGA";"RS";"Pequeno Porte I";"14,615659563713361280";"22,78030414966702466";"1. Despertados (Efeito Indutor)"
"4318432";"SAO JOAO DO POLESINE";"RS";"Pequeno Porte I";"126,356692098477623176";"197,96983915120736697";"1. Despertados (Efeito Indutor)"
"4318440";"SAO JORGE";"RS";"Pequeno Porte I";"4,308858805353035670";"179,21753832377294202";"1. Despertados (Efeito Indutor)"
"4318465";"SAO JOSE DO HERVAL";"RS";"Pequeno Porte I";"25,999138109297614818";"130,24798879148937658";"1. Despertados (Efeito Indutor)"
"4318481";"SAO JOSE DO HORTENCIO";"RS";"Pequeno Porte I";"18,340603409777973098";"179,35996973263002019";"1. Despertados (Efeito Indutor)"
"4318499";"SAO JOSE DO INHACORA";"RS";"Pequeno Porte I";"121,296004747523099354";"162,11047988627944960";"1. Despertados (Efeito Indutor)"
"4318507";"SAO JOSE DO NORTE";"RS";"Pequeno Porte II";"69,685069516836634307";"57,13155717835646641";"2. Constantes (Sustentabilidade)"
"4318606";"SAO JOSE DO OURO";"RS";"Pequeno Porte I";"14,338644818049059992";"0,00000000000000000";"4. Efeito Substituição (Retração Local)"
"4318622";"SAO JOSE DOS AUSENTES";"RS";"Pequeno Porte I";"13,799956316977114668";"9,59294673176977319";"2. Constantes (Sustentabilidade)"
"4318705";"SAO LEOPOLDO";"RS";"Grande Porte";"11,814553233078946448";"25,28931266180905979";"1. Despertados (Efeito Indutor)"
"4318804";"SAO LOURENCO DO SUL";"RS";"Pequeno Porte II";"19,586801563924456815";"14,65322473157552885";"2. Constantes (Sustentabilidade)"
"4319000";"SAO MARCOS";"RS";"Pequeno Porte II";"37,015414840224870829";"30,24126782061202334";"2. Constantes (Sustentabilidade)"
"4319109";"SAO MARTINHO";"RS";"Pequeno Porte I";"93,810442672977004008";"99,17778912460347840";"2. Constantes (Sustentabilidade)"
"4319125";"SAO MARTINHO DA SERRA";"RS";"Pequeno Porte I";"25,608171267603534460";"22,57332274887528456";"2. Constantes (Sustentabilidade)"
"4319158";"SAO MIGUEL DAS MISSOES";"RS";"Pequeno Porte I";"98,361962693799739554";"105,19246418589531800";"2. Constantes (Sustentabilidade)"
"4319307";"SAO PAULO DAS MISSOES";"RS";"Pequeno Porte I";"54,009397387531819845";"56,17415003181864108";"2. Constantes (Sustentabilidade)"
"4319372";"SAO PEDRO DO BUTIA";"RS";"Pequeno Porte I";"0,000000000000000000";"7,64907786348395202";"1. Despertados (Efeito Indutor)"
"4319406";"SAO PEDRO DO SUL";"RS";"Pequeno Porte I";"24,503372550633162774";"26,03975125603884777";"2. Constantes (Sustentabilidade)"
"4319505";"SAO SEBASTIAO DO CAI";"RS";"Pequeno Porte II";"42,370454007127328566";"65,04375328406942458";"1. Despertados (Efeito Indutor)"
"4319604";"SAO SEPE";"RS";"Pequeno Porte II";"72,260723486203403354";"122,35894670662932526";"1. Despertados (Efeito Indutor)"
"4319703";"SAO VALENTIM";"RS";"Pequeno Porte I";"6,903418467659442115";"0,00000000000000000";"4. Efeito Substituição (Retração Local)"
"4319802";"SAO VICENTE DO SUL";"RS";"Pequeno Porte I";"11,708075314943254597";"5,10289281735043598";"2. Constantes (Sustentabilidade)"
"4319901";"SAPIRANGA";"RS";"Médio Porte";"39,869462043325491152";"57,87835732442145797";"1. Despertados (Efeito Indutor)"
"4320008";"SAPUCAIA DO SUL";"RS";"Grande Porte";"7,878829903929085887";"9,50622395774703932";"2. Constantes (Sustentabilidade)"
"4320107";"SARANDI";"RS";"Pequeno Porte II";"46,939672511385872156";"51,60346826830262046";"2. Constantes (Sustentabilidade)"
"4320206";"SEBERI";"RS";"Pequeno Porte I";"11,047741697420281781";"34,39256144526471104";"1. Despertados (Efeito Indutor)"
"4320230";"SEDE NOVA";"RS";"Pequeno Porte I";"93,619615074370500452";"178,87066067252521862";"1. Despertados (Efeito Indutor)"
"4320263";"SEGREDO";"RS";"Pequeno Porte I";"18,720245934161717116";"72,24769568536579811";"1. Despertados (Efeito Indutor)"
"4320305";"SELBACH";"RS";"Pequeno Porte I";"14,850781623343413784";"7,68217969938780953";"2. Constantes (Sustentabilidade)"
"4320321";"SENADOR SALGADO FILHO";"RS";"Pequeno Porte I";"47,319895362094960944";"64,44418988118194136";"1. Despertados (Efeito Indutor)"
"4320354";"SENTINELA DO SUL";"RS";"Pequeno Porte I";"11,492209083451013996";"79,23671583035120136";"1. Despertados (Efeito Indutor)"
"4320404";"SERAFINA CORREA";"RS";"Pequeno Porte I";"27,466227855204429886";"174,65193206778309332";"1. Despertados (Efeito Indutor)"
"4320453";"SERIO";"RS";"Pequeno Porte I";"0,730772523373854788";"0,19894871017531446";"2. Constantes (Sustentabilidade)"
"4320503";"SERTAO";"RS";"Pequeno Porte I";"10,154205923475043249";"15,33597707365233731";"2. Constantes (Sustentabilidade)"
"4320552";"SERTAO SANTANA";"RS";"Pequeno Porte I";"5,497884549837320556";"19,43284081124087237";"1. Despertados (Efeito Indutor)"
"4320602";"SEVERIANO DE ALMEIDA";"RS";"Pequeno Porte I";"46,645592532370400818";"195,08152633777046958";"1. Despertados (Efeito Indutor)"
"4320651";"SILVEIRA MARTINS";"RS";"Pequeno Porte I";"23,696927844086449255";"0,00000000000000000";"4. Efeito Substituição (Retração Local)"
"4320677";"SINIMBU";"RS";"Pequeno Porte I";"20,621962629335698125";"7,13964455944984344";"4. Efeito Substituição (Retração Local)"
"4320701";"SOBRADINHO";"RS";"Pequeno Porte I";"30,678087414901902719";"31,39604709191140230";"2. Constantes (Sustentabilidade)"
"4320800";"SOLEDADE";"RS";"Pequeno Porte II";"26,566131670682743504";"23,25145836822977685";"2. Constantes (Sustentabilidade)"
"4320859";"TABAI";"RS";"Pequeno Porte I";"0,000000000000000000";"2,33133465484681901";"2. Constantes (Sustentabilidade)"
"4320909";"TAPEJARA";"RS";"Pequeno Porte II";"75,609928318382515045";"81,24295300421164256";"2. Constantes (Sustentabilidade)"
"4321006";"TAPERA";"RS";"Pequeno Porte I";"80,281658235941449675";"112,18031525745936960";"1. Despertados (Efeito Indutor)"
"4321105";"TAPES";"RS";"Pequeno Porte I";"26,114547099419127107";"56,90127816006424410";"1. Despertados (Efeito Indutor)"
"4321204";"TAQUARA";"RS";"Médio Porte";"28,206930975997213551";"74,13904819080366337";"1. Despertados (Efeito Indutor)"
"4321303";"TAQUARI";"RS";"Pequeno Porte II";"15,568053811646072049";"88,99220862438427559";"1. Despertados (Efeito Indutor)"
"4321329";"TAQUARUCU DO SUL";"RS";"Pequeno Porte I";"59,849793652254476228";"117,93202779136200320";"1. Despertados (Efeito Indutor)"
"4321402";"TENENTE PORTELA";"RS";"Pequeno Porte I";"25,541251516221713302";"41,06057336972836680";"1. Despertados (Efeito Indutor)"
"4321436";"TERRA DE AREIA";"RS";"Pequeno Porte I";"59,871619306315288611";"58,88048258449489936";"2. Constantes (Sustentabilidade)"
"4321451";"TEUTONIA";"RS";"Pequeno Porte II";"21,444930786854182969";"68,48902111239391388";"1. Despertados (Efeito Indutor)"
"4321469";"TIO HUGO";"RS";"Pequeno Porte I";"21,246715948650269468";"35,79116579279722998";"1. Despertados (Efeito Indutor)"
"4321477";"TIRADENTES DO SUL";"RS";"Pequeno Porte I";"3,640438817660618387";"92,63401332357497608";"1. Despertados (Efeito Indutor)"
"4321493";"TOROPI";"RS";"Pequeno Porte I";"45,446590090512692939";"47,44893915934349593";"2. Constantes (Sustentabilidade)"
"4321501";"TORRES";"RS";"Pequeno Porte II";"12,904911168794519938";"32,94618669803799094";"1. Despertados (Efeito Indutor)"
"4321600";"TRAMANDAI";"RS";"Médio Porte";"11,386313225493356782";"9,81339672459003864";"2. Constantes (Sustentabilidade)"
"4321626";"TRAVESSEIRO";"RS";"Pequeno Porte I";"7,980250974286067667";"142,26559620160500685";"1. Despertados (Efeito Indutor)"
"4321667";"TRES CACHOEIRAS";"RS";"Pequeno Porte I";"10,960695453156805712";"6,42224328785244936";"2. Constantes (Sustentabilidade)"
"4321709";"TRES COROAS";"RS";"Pequeno Porte II";"21,098207044501627649";"43,75513431174320544";"1. Despertados (Efeito Indutor)"
"4321808";"TRES DE MAIO";"RS";"Pequeno Porte II";"101,837933107483834760";"78,67827165491104324";"2. Constantes (Sustentabilidade)"
"4321832";"TRES FORQUILHAS";"RS";"Pequeno Porte I";"26,869686521903361154";"33,36803666780848232";"2. Constantes (Sustentabilidade)"
"4321907";"TRES PASSOS";"RS";"Pequeno Porte II";"19,029457243429046542";"28,95440677857654066";"1. Despertados (Efeito Indutor)"
"4321956";"TRINDADE DO SUL";"RS";"Pequeno Porte I";"0,760874486743991607";"0,00000000000000000";"2. Constantes (Sustentabilidade)"
"4322004";"TRIUNFO";"RS";"Pequeno Porte II";"31,139509417091002064";"96,46885258935169816";"1. Despertados (Efeito Indutor)"
"4322103";"TUCUNDUVA";"RS";"Pequeno Porte I";"105,937228260116413026";"83,84614693538614461";"2. Constantes (Sustentabilidade)"
"4322152";"TUNAS";"RS";"Pequeno Porte I";"0,000000000000000000";"6,12502208405305648";"1. Despertados (Efeito Indutor)"
"4322186";"TUPANCI DO SUL";"RS";"Pequeno Porte I";"15,023829426380972407";"0,00000000000000000";"4. Efeito Substituição (Retração Local)"
"4322202";"TUPANCIRETA";"RS";"Pequeno Porte II";"45,204401002181604952";"37,15198414232185087";"2. Constantes (Sustentabilidade)"
"4322301";"TUPARENDI";"RS";"Pequeno Porte I";"18,624810653586116871";"37,93548665603683645";"1. Despertados (Efeito Indutor)"
"4322327";"TURUCU";"RS";"Pequeno Porte I";"3,318197263754854909";"73,47060736799762992";"1. Despertados (Efeito Indutor)"
"4322343";"UBIRETAMA";"RS";"Pequeno Porte I";"22,736006740385747094";"61,77450615671456546";"1. Despertados (Efeito Indutor)"
"4322376";"UNISTALDA";"RS";"Pequeno Porte I";"109,555436211063778273";"34,11762261205540625";"4. Efeito Substituição (Retração Local)"
"4322400";"URUGUAIANA";"RS";"Grande Porte";"10,409140816641096805";"10,67229562485340821";"2. Constantes (Sustentabilidade)"
"4322509";"VACARIA";"RS";"Médio Porte";"20,037700733556430777";"30,28612992354469924";"1. Despertados (Efeito Indutor)"
"4322525";"VALE VERDE";"RS";"Pequeno Porte I";"19,929045069542336677";"160,19720840651251592";"1. Despertados (Efeito Indutor)"
"4322533";"VALE DO SOL";"RS";"Pequeno Porte I";"31,896910101989067954";"28,51515035279646426";"2. Constantes (Sustentabilidade)"
"4322541";"VALE REAL";"RS";"Pequeno Porte I";"33,076140822586204138";"15,30487091604101835";"4. Efeito Substituição (Retração Local)"
"4322608";"VENANCIO AIRES";"RS";"Médio Porte";"27,354609525912632506";"54,88187760101554602";"1. Despertados (Efeito Indutor)"
"4322707";"VERA CRUZ";"RS";"Pequeno Porte II";"19,999660718044360408";"39,33272089702725793";"1. Despertados (Efeito Indutor)"
"4322806";"VERANOPOLIS";"RS";"Pequeno Porte II";"63,482807733203522105";"47,20358314275101463";"2. Constantes (Sustentabilidade)"
"4322905";"VIADUTOS";"RS";"Pequeno Porte I";"13,344487714851068105";"42,28055095640284833";"1. Despertados (Efeito Indutor)"
"4323002";"VIAMAO";"RS";"Grande Porte";"16,344548783419114102";"20,17515897994891105";"2. Constantes (Sustentabilidade)"
"4323101";"VICENTE DUTRA";"RS";"Pequeno Porte I";"2,734783429418239820";"47,35566585301967280";"1. Despertados (Efeito Indutor)"
"4323200";"VICTOR GRAEFF";"RS";"Pequeno Porte I";"49,486795656094805906";"129,59715194759093038";"1. Despertados (Efeito Indutor)"
"4323309";"VILA FLORES";"RS";"Pequeno Porte I";"78,372054033362033465";"155,57853212173901625";"1. Despertados (Efeito Indutor)"
"4323358";"VILA LANGARO";"RS";"Pequeno Porte I";"58,701645282276388116";"0,00000000000000000";"4. Efeito Substituição (Retração Local)"
"4323408";"VILA MARIA";"RS";"Pequeno Porte I";"27,020398373957288385";"118,27975757064982076";"1. Despertados (Efeito Indutor)"
"4323457";"VILA NOVA DO SUL";"RS";"Pequeno Porte I";"25,821327188674228381";"61,68961816142279275";"1. Despertados (Efeito Indutor)"
"4323507";"VISTA ALEGRE";"RS";"Pequeno Porte I";"30,097900316727322689";"195,94001187813836395";"1. Despertados (Efeito Indutor)"
"4323705";"VISTA GAUCHA";"RS";"Pequeno Porte I";"1,207216803242499026";"73,51762662906773471";"1. Despertados (Efeito Indutor)"
"4323754";"VITORIA DAS MISSOES";"RS";"Pequeno Porte I";"19,082278753970111751";"9,07566504434783106";"4. Efeito Substituição (Retração Local)"
"4323804";"XANGRI-LA";"RS";"Pequeno Porte I";"11,049579775853384689";"58,02656504217222277";"1. Despertados (Efeito Indutor)"
"5000203";"AGUA CLARA";"MS";"Pequeno Porte I";"66,239203749658599918";"184,95567822298286842";"1. Despertados (Efeito Indutor)"
"5000609";"AMAMBAI";"MS";"Pequeno Porte II";"46,819403679284192776";"38,60453585273289434";"2. Constantes (Sustentabilidade)"
"5000708";"ANASTACIO";"MS";"Pequeno Porte II";"30,309042418080789361";"162,55352340118957954";"1. Despertados (Efeito Indutor)"
"5000807";"ANAURILANDIA";"MS";"Pequeno Porte I";"7,351930723532888123";"36,20431917385129594";"1. Despertados (Efeito Indutor)"
"5000856";"ANGELICA";"MS";"Pequeno Porte I";"3,090580163884941278";"47,09343594539372191";"1. Despertados (Efeito Indutor)"
"5000906";"ANTONIO JOAO";"MS";"Pequeno Porte I";"3,098615166316064151";"49,00847292564556312";"1. Despertados (Efeito Indutor)"
"5001003";"APARECIDA DO TABOADO";"MS";"Pequeno Porte II";"24,637075827220105140";"120,38584232492280535";"1. Despertados (Efeito Indutor)"
"5001102";"AQUIDAUANA";"MS";"Pequeno Porte II";"30,260023101146263258";"128,92869160575105525";"1. Despertados (Efeito Indutor)"
"5001243";"ARAL MOREIRA";"MS";"Pequeno Porte I";"84,117521538638840184";"66,78738990148821131";"2. Constantes (Sustentabilidade)"
"5001904";"BATAGUASSU";"MS";"Pequeno Porte II";"10,640339097125318446";"18,52976967184372370";"1. Despertados (Efeito Indutor)"
"5002001";"BATAYPORA";"MS";"Pequeno Porte I";"12,778758975095971806";"87,52696563481187297";"1. Despertados (Efeito Indutor)"
"5002100";"BELA VISTA";"MS";"Pequeno Porte II";"0,000000000000000000";"12,12799853680942164";"1. Despertados (Efeito Indutor)"
"5002159";"BODOQUENA";"MS";"Pequeno Porte I";"66,558276797056109331";"77,05452955211295318";"2. Constantes (Sustentabilidade)"
"5002209";"BONITO";"MS";"Pequeno Porte II";"6,927730452035241626";"12,60436063835148524";"2. Constantes (Sustentabilidade)"
"5002407";"CAARAPO";"MS";"Pequeno Porte II";"13,925221080782245409";"15,71381822887460622";"2. Constantes (Sustentabilidade)"
"5002605";"CAMAPUA";"MS";"Pequeno Porte I";"15,929507827752278359";"156,84559928752824476";"1. Despertados (Efeito Indutor)"
"5002704";"CAMPO GRANDE";"MS";"Grande Porte";"34,423559594632102687";"23,84607505669200123";"2. Constantes (Sustentabilidade)"
"5002803";"CARACOL";"MS";"Pequeno Porte I";"92,169311954413160493";"101,68016536163679575";"2. Constantes (Sustentabilidade)"
"5002902";"CASSILANDIA";"MS";"Pequeno Porte II";"36,971182959973184268";"150,06839512146575544";"1. Despertados (Efeito Indutor)"
"5002951";"CHAPADAO DO SUL";"MS";"Pequeno Porte II";"2,534567440940263428";"68,01944532864331450";"1. Despertados (Efeito Indutor)"
"5003157";"CORONEL SAPUCAIA";"MS";"Pequeno Porte I";"0,062065753636378125";"26,60119008377140659";"1. Despertados (Efeito Indutor)"
"5003207";"CORUMBA";"MS";"Médio Porte";"141,185754176668382343";"180,93521480235281729";"1. Despertados (Efeito Indutor)"
"5003256";"COSTA RICA";"MS";"Pequeno Porte II";"118,878479972319652802";"133,30083943237897870";"2. Constantes (Sustentabilidade)"
"5003306";"COXIM";"MS";"Pequeno Porte II";"2,443278551120076525";"39,19000770053870042";"1. Despertados (Efeito Indutor)"
"5003454";"DEODAPOLIS";"MS";"Pequeno Porte I";"153,712976815816773524";"127,38428075413969509";"2. Constantes (Sustentabilidade)"
"5003504";"DOURADINA";"MS";"Pequeno Porte I";"29,108130098748858927";"93,96987475458780636";"1. Despertados (Efeito Indutor)"
"5003702";"DOURADOS";"MS";"Grande Porte";"9,336794228821073460";"21,89088150160166890";"1. Despertados (Efeito Indutor)"
"5003751";"ELDORADO";"MS";"Pequeno Porte I";"9,622370559728379291";"48,22721489005114393";"1. Despertados (Efeito Indutor)"
"5003801";"FATIMA DO SUL";"MS";"Pequeno Porte II";"9,328517441144009936";"0,09476078301879026";"4. Efeito Substituição (Retração Local)"
"5003900";"FIGUEIRAO";"MS";"Pequeno Porte I";"25,320570227141924846";"84,28024521778598910";"1. Despertados (Efeito Indutor)"
"5004007";"GLORIA DE DOURADOS";"MS";"Pequeno Porte I";"30,459269626887579108";"199,60071890448267595";"1. Despertados (Efeito Indutor)"
"5004106";"GUIA LOPES DA LAGUNA";"MS";"Pequeno Porte I";"27,323371109544325464";"44,31388840220462555";"1. Despertados (Efeito Indutor)"
"5004304";"IGUATEMI";"MS";"Pequeno Porte I";"0,000000000000000000";"0,36210892236384706";"2. Constantes (Sustentabilidade)"
"5004403";"INOCENCIA";"MS";"Pequeno Porte I";"12,184764747504953419";"171,47443987657032949";"1. Despertados (Efeito Indutor)"
"5004601";"ITAQUIRAI";"MS";"Pequeno Porte I";"18,751796893654230303";"76,70496383017751896";"1. Despertados (Efeito Indutor)"
"5004700";"IVINHEMA";"MS";"Pequeno Porte II";"16,872555667052562711";"109,00940039948584115";"1. Despertados (Efeito Indutor)"
"5004908";"JARAGUARI";"MS";"Pequeno Porte I";"108,691859919304832260";"18,24761451183639238";"4. Efeito Substituição (Retração Local)"
"5005004";"JARDIM";"MS";"Pequeno Porte II";"0,000000000000000000";"45,12474492689487704";"1. Despertados (Efeito Indutor)"
"5005103";"JATEI";"MS";"Pequeno Porte I";"0,000000000000000000";"14,26102476301531752";"1. Despertados (Efeito Indutor)"
"5005152";"JUTI";"MS";"Pequeno Porte I";"0,000000000000000000";"15,23245706569084845";"1. Despertados (Efeito Indutor)"
"5005202";"LADARIO";"MS";"Pequeno Porte II";"68,666974692793687041";"163,55834563729482056";"1. Despertados (Efeito Indutor)"
"5005400";"MARACAJU";"MS";"Pequeno Porte II";"63,265739797548611989";"125,63535285479264303";"1. Despertados (Efeito Indutor)"
"5005608";"MIRANDA";"MS";"Pequeno Porte II";"2,517011359036818163";"2,43176574294112902";"2. Constantes (Sustentabilidade)"
"5005681";"MUNDO NOVO";"MS";"Pequeno Porte I";"0,000000000000000000";"33,46366990885190518";"1. Despertados (Efeito Indutor)"
"5005707";"NAVIRAI";"MS";"Médio Porte";"12,869375361806872249";"53,39924817187471717";"1. Despertados (Efeito Indutor)"
"5005806";"NIOAQUE";"MS";"Pequeno Porte I";"9,970510244109252795";"72,50516094144103363";"1. Despertados (Efeito Indutor)"
"5006002";"NOVA ALVORADA DO SUL";"MS";"Pequeno Porte II";"10,441598095712803840";"10,76466805261943982";"2. Constantes (Sustentabilidade)"
"5006200";"NOVA ANDRADINA";"MS";"Pequeno Porte II";"10,267110046693938230";"57,30692798268835730";"1. Despertados (Efeito Indutor)"
"5006309";"PARANAIBA";"MS";"Pequeno Porte II";"24,704199482526465914";"98,77188171352491963";"1. Despertados (Efeito Indutor)"
"5006358";"PARANHOS";"MS";"Pequeno Porte I";"11,324118770200504613";"4,14635905433147745";"2. Constantes (Sustentabilidade)"
"5006408";"PEDRO GOMES";"MS";"Pequeno Porte I";"3,468906779061704970";"2,61977907890203898";"2. Constantes (Sustentabilidade)"
"5006606";"PONTA PORA";"MS";"Médio Porte";"6,282971319379350383";"4,54336354363986850";"2. Constantes (Sustentabilidade)"
"5006903";"PORTO MURTINHO";"MS";"Pequeno Porte I";"4,045939583807435014";"73,65917400151852235";"1. Despertados (Efeito Indutor)"
"5007109";"RIBAS DO RIO PARDO";"MS";"Pequeno Porte II";"2,246009639136008929";"110,06048430278762851";"1. Despertados (Efeito Indutor)"
"5007208";"RIO BRILHANTE";"MS";"Pequeno Porte II";"0,412312793868745475";"91,37301709795602278";"1. Despertados (Efeito Indutor)"
"5007307";"RIO NEGRO";"MS";"Pequeno Porte I";"9,139184154302656182";"50,97288613674446367";"1. Despertados (Efeito Indutor)"
"5007406";"RIO VERDE DE MATO GROSSO";"MS";"Pequeno Porte I";"1,824586467193588080";"23,74604709324433927";"1. Despertados (Efeito Indutor)"
"5007505";"ROCHEDO";"MS";"Pequeno Porte I";"0,000000000000000000";"99,25857455039943034";"1. Despertados (Efeito Indutor)"
"5007703";"SETE QUEDAS";"MS";"Pequeno Porte I";"0,389206025830762359";"25,39772801226851584";"1. Despertados (Efeito Indutor)"
"5007901";"SIDROLANDIA";"MS";"Pequeno Porte II";"6,864030155960843871";"15,55067149738468046";"1. Despertados (Efeito Indutor)"
"5007950";"TACURU";"MS";"Pequeno Porte I";"0,000000000000000000";"4,41867196399367934";"2. Constantes (Sustentabilidade)"
"5008008";"TERENOS";"MS";"Pequeno Porte I";"12,582780928318035407";"89,07143988592966366";"1. Despertados (Efeito Indutor)"
"5008305";"TRES LAGOAS";"MS";"Grande Porte";"54,658642442114690141";"71,20777886193866379";"1. Despertados (Efeito Indutor)"
"5008404";"VICENTINA";"MS";"Pequeno Porte I";"0,000000000000000000";"0,80105922812390284";"2. Constantes (Sustentabilidade)"
"5100201";"AGUA BOA";"MT";"Pequeno Porte II";"35,154834709826445760";"161,04489396328170869";"1. Despertados (Efeito Indutor)"
"5100250";"ALTA FLORESTA";"MT";"Médio Porte";"37,789697839751532626";"83,06077985014513843";"1. Despertados (Efeito Indutor)"
"5100300";"ALTO ARAGUAIA";"MT";"Pequeno Porte I";"12,702178392134518603";"65,20531705915753662";"1. Despertados (Efeito Indutor)"
"5100607";"ALTO TAQUARI";"MT";"Pequeno Porte I";"13,032789821286410614";"72,14791919616035898";"1. Despertados (Efeito Indutor)"
"5100805";"APIACAS";"MT";"Pequeno Porte I";"12,512470634725257668";"42,89340427702087766";"1. Despertados (Efeito Indutor)"
"5101001";"ARAGUAIANA";"MT";"Pequeno Porte I";"10,955223546409513347";"196,66147274723107330";"1. Despertados (Efeito Indutor)"
"5101209";"ARAGUAINHA";"MT";"Pequeno Porte I";"35,966073756421508278";"127,29219921234135882";"1. Despertados (Efeito Indutor)"
"5101258";"ARAPUTANGA";"MT";"Pequeno Porte I";"18,109322731624697411";"196,75690396608808896";"1. Despertados (Efeito Indutor)"
"5101407";"ARIPUANA";"MT";"Pequeno Porte II";"9,791305826172568061";"49,59501021331426784";"1. Despertados (Efeito Indutor)"
"5101605";"BARAO DE MELGACO";"MT";"Pequeno Porte I";"56,348782482443077413";"37,73433758194925502";"4. Efeito Substituição (Retração Local)"
"5101704";"BARRA DO BUGRES";"MT";"Pequeno Porte II";"12,085201962599391834";"83,57729544805171429";"1. Despertados (Efeito Indutor)"
"5101803";"BARRA DO GARCAS";"MT";"Médio Porte";"17,941349011649773360";"60,51018114750083043";"1. Despertados (Efeito Indutor)"
"5101902";"BRASNORTE";"MT";"Pequeno Porte I";"24,547555632532706227";"86,11095499418155441";"1. Despertados (Efeito Indutor)"
"5102603";"CAMPINAPOLIS";"MT";"Pequeno Porte I";"10,894059437503720744";"101,35344993901989596";"1. Despertados (Efeito Indutor)"
"5102637";"CAMPO NOVO DO PARECIS";"MT";"Pequeno Porte II";"81,075538787343688796";"164,01027415364154649";"1. Despertados (Efeito Indutor)"
"5102678";"CAMPO VERDE";"MT";"Pequeno Porte II";"21,374219370173818788";"72,06933271811726627";"1. Despertados (Efeito Indutor)"
"5102702";"CANARANA";"MT";"Pequeno Porte II";"33,690680052854489190";"118,76316757024186188";"1. Despertados (Efeito Indutor)"
"5102793";"CARLINDA";"MT";"Pequeno Porte I";"9,020126313555728359";"145,08207590114011509";"1. Despertados (Efeito Indutor)"
"5102850";"CASTANHEIRA";"MT";"Pequeno Porte I";"0,000000000000000000";"6,37898184445699545";"1. Despertados (Efeito Indutor)"
"5103205";"COLIDER";"MT";"Pequeno Porte II";"0,000000000000000000";"52,20598370475657646";"1. Despertados (Efeito Indutor)"
"5103254";"COLNIZA";"MT";"Pequeno Porte II";"1,531768407349167749";"41,72863511128958436";"1. Despertados (Efeito Indutor)"
"5103304";"COMODORO";"MT";"Pequeno Porte I";"5,257242105478893812";"67,39597268743705172";"1. Despertados (Efeito Indutor)"
"5103353";"CONFRESA";"MT";"Pequeno Porte II";"10,182834417483737965";"60,01926476953136103";"1. Despertados (Efeito Indutor)"
"5103379";"COTRIGUACU";"MT";"Pequeno Porte I";"20,454185074105168951";"0,00000000000000000";"4. Efeito Substituição (Retração Local)"
"5103403";"CUIABA";"MT";"Grande Porte";"41,981685185955726070";"39,51617556524831087";"2. Constantes (Sustentabilidade)"
"5103858";"GAUCHA DO NORTE";"MT";"Pequeno Porte I";"9,839143607904519584";"130,33531367178315463";"1. Despertados (Efeito Indutor)"
"5103908";"GENERAL CARNEIRO";"MT";"Pequeno Porte I";"0,025680591953385290";"27,15631758192234457";"1. Despertados (Efeito Indutor)"
"5104104";"GUARANTA DO NORTE";"MT";"Pequeno Porte II";"52,477980603309660523";"108,52491698400368136";"1. Despertados (Efeito Indutor)"
"5104526";"IPIRANGA DO NORTE";"MT";"Pequeno Porte I";"0,000000000000000000";"117,24192542373882020";"1. Despertados (Efeito Indutor)"
"5104542";"ITANHANGA";"MT";"Pequeno Porte I";"25,322361569763568667";"27,85986887060134620";"2. Constantes (Sustentabilidade)"
"5104609";"ITIQUIRA";"MT";"Pequeno Porte I";"3,312571635644478096";"143,53275535255423279";"1. Despertados (Efeito Indutor)"
"5104807";"JACIARA";"MT";"Pequeno Porte II";"24,951284960464509055";"119,56293643518924341";"1. Despertados (Efeito Indutor)"
"5105002";"JAURU";"MT";"Pequeno Porte I";"2,748533590870998466";"73,28953563986894437";"1. Despertados (Efeito Indutor)"
"5105101";"JUARA";"MT";"Pequeno Porte II";"12,488937110933370889";"10,65065113994866053";"2. Constantes (Sustentabilidade)"
"5105150";"JUINA";"MT";"Pequeno Porte II";"40,008685316819310174";"33,01824540368044580";"2. Constantes (Sustentabilidade)"
"5105176";"JURUENA";"MT";"Pequeno Porte I";"4,719403142319141153";"0,07224650492693423";"2. Constantes (Sustentabilidade)"
"5105200";"JUSCIMEIRA";"MT";"Pequeno Porte I";"0,000000000000000000";"177,08277954611111227";"1. Despertados (Efeito Indutor)"
"5105259";"LUCAS DO RIO VERDE";"MT";"Médio Porte";"51,631403831740463772";"121,83732861043719709";"1. Despertados (Efeito Indutor)"
"5105309";"LUCIARA";"MT";"Pequeno Porte I";"137,650820829710255566";"134,55207882615397352";"2. Constantes (Sustentabilidade)"
"5105606";"MATUPA";"MT";"Pequeno Porte II";"21,199415571792158630";"152,78163398796482397";"1. Despertados (Efeito Indutor)"
"5105622";"MIRASSOL D'OESTE";"MT";"Pequeno Porte II";"4,364305233943197138";"141,71593193871271410";"1. Despertados (Efeito Indutor)"
"5105903";"NOBRES";"MT";"Pequeno Porte I";"0,000000000000000000";"91,22507531968302885";"1. Despertados (Efeito Indutor)"
"5106000";"NORTELANDIA";"MT";"Pequeno Porte I";"15,253135484793832077";"129,23893422635876505";"1. Despertados (Efeito Indutor)"
"5106109";"NOSSA SENHORA DO LIVRAMENTO";"MT";"Pequeno Porte I";"85,735686465881556728";"177,14398177119306865";"1. Despertados (Efeito Indutor)"
"5106158";"NOVA BANDEIRANTES";"MT";"Pequeno Porte I";"1,453037134099175010";"74,03607938791716947";"1. Despertados (Efeito Indutor)"
"5106174";"NOVA NAZARE";"MT";"Pequeno Porte I";"19,118280164019072487";"78,98095510128878516";"1. Despertados (Efeito Indutor)"
"5106216";"NOVA CANAA DO NORTE";"MT";"Pequeno Porte I";"7,967224667760051560";"87,12030415951909390";"1. Despertados (Efeito Indutor)"
"5106224";"NOVA MUTUM";"MT";"Médio Porte";"32,380579408577425227";"51,11807895768919963";"1. Despertados (Efeito Indutor)"
"5106232";"NOVA OLIMPIA";"MT";"Pequeno Porte I";"15,741542260555176469";"18,66980638287233774";"2. Constantes (Sustentabilidade)"
"5106257";"NOVA XAVANTINA";"MT";"Pequeno Porte II";"15,435999970440429152";"70,30179502865773600";"1. Despertados (Efeito Indutor)"
"5106265";"NOVO MUNDO";"MT";"Pequeno Porte I";"0,079260600011547541";"44,38215480130281776";"1. Despertados (Efeito Indutor)"
"5106273";"NOVO HORIZONTE DO NORTE";"MT";"Pequeno Porte I";"139,461484668606942705";"162,72579823266084986";"2. Constantes (Sustentabilidade)"
"5106281";"NOVO SAO JOAQUIM";"MT";"Pequeno Porte I";"0,000000000000000000";"147,05284120390390967";"1. Despertados (Efeito Indutor)"
"5106299";"PARANAITA";"MT";"Pequeno Porte I";"36,061067613749266059";"33,21720878721120584";"2. Constantes (Sustentabilidade)"
"5106307";"PARANATINGA";"MT";"Pequeno Porte II";"13,374849911832933813";"56,51168442044905049";"1. Despertados (Efeito Indutor)"
"5106372";"PEDRA PRETA";"MT";"Pequeno Porte I";"2,759454143572368956";"165,29841442488654479";"1. Despertados (Efeito Indutor)"
"5106422";"PEIXOTO DE AZEVEDO";"MT";"Pequeno Porte II";"9,751760383492895201";"25,56484112891072158";"1. Despertados (Efeito Indutor)"
"5106505";"POCONE";"MT";"Pequeno Porte II";"51,216083227980867321";"145,38109200039835400";"1. Despertados (Efeito Indutor)"
"5106653";"PONTAL DO ARAGUAIA";"MT";"Pequeno Porte I";"13,294258210304130685";"12,31711584383711156";"2. Constantes (Sustentabilidade)"
"5106752";"PONTES E LACERDA";"MT";"Médio Porte";"20,625317945930529362";"62,62586877463269275";"1. Despertados (Efeito Indutor)"
"5106778";"PORTO ALEGRE DO NORTE";"MT";"Pequeno Porte I";"16,724022713165897613";"113,57541356522311560";"1. Despertados (Efeito Indutor)"
"5106802";"PORTO DOS GAUCHOS";"MT";"Pequeno Porte I";"13,107818517522597190";"176,67304091045519954";"1. Despertados (Efeito Indutor)"
"5106851";"PORTO ESTRELA";"MT";"Pequeno Porte I";"92,257405920040426395";"2,48629726479780233";"4. Efeito Substituição (Retração Local)"
"5107008";"POXOREU";"MT";"Pequeno Porte II";"30,519284611548094688";"90,45453006795050044";"1. Despertados (Efeito Indutor)"
"5107040";"PRIMAVERA DO LESTE";"MT";"Médio Porte";"71,257875377018407903";"131,31669084813114523";"1. Despertados (Efeito Indutor)"
"5107107";"SAO JOSE DOS QUATRO MARCOS";"MT";"Pequeno Porte I";"26,413651238687990030";"135,33746246968524929";"1. Despertados (Efeito Indutor)"
"5107180";"RIBEIRAO CASCALHEIRA";"MT";"Pequeno Porte I";"84,995557973077808356";"40,36245553790655549";"4. Efeito Substituição (Retração Local)"
"5107305";"SAO JOSE DO RIO CLARO";"MT";"Pequeno Porte I";"3,881648484503552599";"5,41900193921277396";"2. Constantes (Sustentabilidade)"
"5107404";"SAO PEDRO DA CIPA";"MT";"Pequeno Porte I";"0,000000000000000000";"11,66320113722969865";"1. Despertados (Efeito Indutor)"
"5107602";"RONDONOPOLIS";"MT";"Grande Porte";"21,926420695144262396";"95,04478828596100470";"1. Despertados (Efeito Indutor)"
"5107701";"ROSARIO OESTE";"MT";"Pequeno Porte I";"35,683193040687974928";"88,48041300129952447";"1. Despertados (Efeito Indutor)"
"5107776";"SANTA TEREZINHA";"MT";"Pequeno Porte I";"3,636674824368928860";"1,72910610847814650";"2. Constantes (Sustentabilidade)"
"5107792";"SANTO ANTONIO DO LESTE";"MT";"Pequeno Porte I";"30,951280276516051515";"138,70365154952824582";"1. Despertados (Efeito Indutor)"
"5107800";"SANTO ANTONIO DE LEVERGER";"MT";"Pequeno Porte I";"0,000000000000000000";"142,79726784871476752";"1. Despertados (Efeito Indutor)"
"5107859";"SAO FELIX DO ARAGUAIA";"MT";"Pequeno Porte I";"14,396992383009731498";"15,68422757549960167";"2. Constantes (Sustentabilidade)"
"5107875";"SAPEZAL";"MT";"Pequeno Porte II";"93,396767694983225283";"97,21022553145684242";"2. Constantes (Sustentabilidade)"
"5107909";"SINOP";"MT";"Grande Porte";"36,922426692997916575";"82,60458565676461262";"1. Despertados (Efeito Indutor)"
"5107925";"SORRISO";"MT";"Grande Porte";"30,501936886503091984";"79,40967245258691776";"1. Despertados (Efeito Indutor)"
"5107941";"TABAPORA";"MT";"Pequeno Porte I";"4,047041554256351148";"55,58663375557540576";"1. Despertados (Efeito Indutor)"
"5107958";"TANGARA DA SERRA";"MT";"Grande Porte";"14,164647735503065107";"17,72833101416779300";"2. Constantes (Sustentabilidade)"
"5108006";"TAPURAH";"MT";"Pequeno Porte I";"47,807172723955218885";"72,85600094429564422";"1. Despertados (Efeito Indutor)"
"5108055";"TERRA NOVA DO NORTE";"MT";"Pequeno Porte I";"3,640295314186367204";"95,28288981351762743";"1. Despertados (Efeito Indutor)"
"5108402";"VARZEA GRANDE";"MT";"Grande Porte";"37,476945572710384624";"21,94545906715781314";"4. Efeito Substituição (Retração Local)"
"5108501";"VERA";"MT";"Pequeno Porte I";"48,143400470490050225";"178,86391717716665539";"1. Despertados (Efeito Indutor)"
"5108808";"NOVA GUARITA";"MT";"Pequeno Porte I";"0,000000000000000000";"116,96842000649252213";"1. Despertados (Efeito Indutor)"
"5108907";"NOVA MARINGA";"MT";"Pequeno Porte I";"0,000000000000000000";"138,41365928289101817";"1. Despertados (Efeito Indutor)"
"5108956";"NOVA MONTE VERDE";"MT";"Pequeno Porte I";"22,435152651892121156";"115,90565967695549432";"1. Despertados (Efeito Indutor)"
"5200050";"ABADIA DE GOIAS";"GO";"Pequeno Porte I";"0,000000000000000000";"1,49781237120640176";"2. Constantes (Sustentabilidade)"
"5200100";"ABADIANIA";"GO";"Pequeno Porte I";"9,659987719506117898";"181,01772687664137607";"1. Despertados (Efeito Indutor)"
"5200134";"ACREUNA";"GO";"Pequeno Porte II";"30,021620368816169133";"26,18955851545484137";"2. Constantes (Sustentabilidade)"
"5200175";"AGUA FRIA DE GOIAS";"GO";"Pequeno Porte I";"0,000000000000000000";"0,01009285425918450";"2. Constantes (Sustentabilidade)"
"5200209";"AGUA LIMPA";"GO";"Pequeno Porte I";"0,000000000000000000";"99,87379508578743526";"1. Despertados (Efeito Indutor)"
"5200258";"AGUAS LINDAS DE GOIAS";"GO";"Grande Porte";"7,742685927842110516";"24,39425927165413555";"1. Despertados (Efeito Indutor)"
"5200308";"ALEXANIA";"GO";"Pequeno Porte II";"15,803079607303459397";"0,00000000000000000";"4. Efeito Substituição (Retração Local)"
"5200605";"ALTO PARAISO DE GOIAS";"GO";"Pequeno Porte I";"58,830468074490944730";"52,24647098137063495";"2. Constantes (Sustentabilidade)"
"5200803";"ALVORADA DO NORTE";"GO";"Pequeno Porte I";"0,000000000000000000";"0,16364290032732257";"2. Constantes (Sustentabilidade)"
"5200829";"AMARALINA";"GO";"Pequeno Porte I";"4,812960113987924338";"5,91709381387218336";"2. Constantes (Sustentabilidade)"
"5201108";"ANAPOLIS";"GO";"Grande Porte";"40,279404873676263321";"12,79598814063512968";"4. Efeito Substituição (Retração Local)"
"5201306";"ANICUNS";"GO";"Pequeno Porte I";"0,003756514650279765";"0,00000000000000000";"2. Constantes (Sustentabilidade)"
"5201405";"APARECIDA DE GOIANIA";"GO";"Grande Porte";"0,013798097071866789";"13,68115564636685555";"1. Despertados (Efeito Indutor)"
"5201454";"APARECIDA DO RIO DOCE";"GO";"Pequeno Porte I";"0,000000000000000000";"91,18517724407875846";"1. Despertados (Efeito Indutor)"
"5201504";"APORE";"GO";"Pequeno Porte I";"7,035663830467806079";"29,98856430294853226";"1. Despertados (Efeito Indutor)"
"5201603";"ARACU";"GO";"Pequeno Porte I";"0,000000000000000000";"71,99727332003045888";"1. Despertados (Efeito Indutor)"
"5201702";"ARAGARCAS";"GO";"Pequeno Porte I";"0,563226004701371630";"9,97391944425902111";"1. Despertados (Efeito Indutor)"
"5201801";"ARAGOIANIA";"GO";"Pequeno Porte I";"13,231170798041773651";"17,67245623341707983";"2. Constantes (Sustentabilidade)"
"5202155";"ARAGUAPAZ";"GO";"Pequeno Porte I";"0,000000000000000000";"112,92024221152357200";"1. Despertados (Efeito Indutor)"
"5202353";"ARENOPOLIS";"GO";"Pequeno Porte I";"0,000000000000000000";"37,26246627598015948";"1. Despertados (Efeito Indutor)"
"5202502";"ARUANA";"GO";"Pequeno Porte I";"0,000000000000000000";"0,33858676544229566";"2. Constantes (Sustentabilidade)"
"5202601";"AURILANDIA";"GO";"Pequeno Porte I";"0,000000000000000000";"8,32002665614680126";"1. Despertados (Efeito Indutor)"
"5202809";"AVELINOPOLIS";"GO";"Pequeno Porte I";"20,754668095289662944";"23,59744818619045503";"2. Constantes (Sustentabilidade)"
"5203104";"BALIZA";"GO";"Pequeno Porte I";"65,079315218075905136";"16,47224709042076896";"4. Efeito Substituição (Retração Local)"
"5203203";"BARRO ALTO";"GO";"Pequeno Porte I";"70,111005064464094971";"97,23374749663339855";"1. Despertados (Efeito Indutor)"
"5203302";"BELA VISTA DE GOIAS";"GO";"Pequeno Porte II";"18,982569792989608004";"1,40188721149658879";"4. Efeito Substituição (Retração Local)"
"5203401";"BOM JARDIM DE GOIAS";"GO";"Pequeno Porte I";"0,000000000000000000";"0,34500383337592638";"2. Constantes (Sustentabilidade)"
"5203500";"BOM JESUS DE GOIAS";"GO";"Pequeno Porte II";"0,081147133301078575";"1,80792136238417234";"2. Constantes (Sustentabilidade)"
"5203559";"BONFINOPOLIS";"GO";"Pequeno Porte I";"11,461544345350493046";"35,78167227049189592";"1. Despertados (Efeito Indutor)"
"5203575";"BONOPOLIS";"GO";"Pequeno Porte I";"7,078009733754085708";"14,60663986136683157";"1. Despertados (Efeito Indutor)"
"5203609";"BRAZABRANTES";"GO";"Pequeno Porte I";"0,163111643590898137";"0,65360356938587549";"2. Constantes (Sustentabilidade)"
"5203906";"BURITI ALEGRE";"GO";"Pequeno Porte I";"0,051345537790996529";"5,28434348301614154";"1. Despertados (Efeito Indutor)"
"5204003";"CABECEIRAS";"GO";"Pequeno Porte I";"0,000000000000000000";"6,24389987260350487";"1. Despertados (Efeito Indutor)"
"5204102";"CACHOEIRA ALTA";"GO";"Pequeno Porte I";"0,458247021208775696";"14,88136795599465145";"1. Despertados (Efeito Indutor)"
"5204201";"CACHOEIRA DE GOIAS";"GO";"Pequeno Porte I";"0,000000000000000000";"110,28208053073531403";"1. Despertados (Efeito Indutor)"
"5204250";"CACHOEIRA DOURADA";"GO";"Pequeno Porte I";"16,287995063859671774";"5,40472538600920238";"4. Efeito Substituição (Retração Local)"
"5204300";"CACU";"GO";"Pequeno Porte I";"48,112429854031603327";"18,96030339167817047";"4. Efeito Substituição (Retração Local)"
"5204409";"CAIAPONIA";"GO";"Pequeno Porte I";"23,110084615743840430";"10,56792112533630501";"4. Efeito Substituição (Retração Local)"
"5204508";"CALDAS NOVAS";"GO";"Médio Porte";"14,939656179435694128";"15,15198706629137959";"2. Constantes (Sustentabilidade)"
"5204557";"CALDAZINHA";"GO";"Pequeno Porte I";"1,748065257197299660";"8,20368934119985482";"1. Despertados (Efeito Indutor)"
"5204607";"CAMPESTRE DE GOIAS";"GO";"Pequeno Porte I";"5,814714618269999136";"7,29124780571327324";"2. Constantes (Sustentabilidade)"
"5204805";"CAMPO ALEGRE DE GOIAS";"GO";"Pequeno Porte I";"64,818767795168142243";"119,83934217286267199";"1. Despertados (Efeito Indutor)"
"5204854";"CAMPO LIMPO DE GOIAS";"GO";"Pequeno Porte I";"0,000000000000000000";"12,02127999642437572";"1. Despertados (Efeito Indutor)"
"5204904";"CAMPOS BELOS";"GO";"Pequeno Porte I";"0,000000000000000000";"8,63704053457035492";"1. Despertados (Efeito Indutor)"
"5205059";"CASTELANDIA";"GO";"Pequeno Porte I";"0,000000000000000000";"14,48909757768611328";"1. Despertados (Efeito Indutor)"
"5205109";"CATALAO";"GO";"Grande Porte";"25,062814816275238883";"31,68422856989798575";"2. Constantes (Sustentabilidade)"
"5205307";"CAVALCANTE";"GO";"Pequeno Porte I";"0,000000000000000000";"6,12329627222127115";"1. Despertados (Efeito Indutor)"
"5205406";"CERES";"GO";"Pequeno Porte II";"7,669466974376111246";"7,23445872551975810";"2. Constantes (Sustentabilidade)"
"5205497";"CIDADE OCIDENTAL";"GO";"Médio Porte";"0,170944625160718594";"4,28034988649373194";"2. Constantes (Sustentabilidade)"
"5205513";"COCALZINHO DE GOIAS";"GO";"Pequeno Porte II";"8,918310981891767852";"25,85863066851839420";"1. Despertados (Efeito Indutor)"
"5205802";"CORUMBA DE GOIAS";"GO";"Pequeno Porte I";"59,301442833810469324";"184,37260099413359171";"1. Despertados (Efeito Indutor)"
"5205901";"CORUMBAIBA";"GO";"Pequeno Porte I";"0,547924583877906990";"0,01728827373009347";"2. Constantes (Sustentabilidade)"
"5206206";"CRISTALINA";"GO";"Médio Porte";"22,838980402812840254";"14,27959274815192714";"2. Constantes (Sustentabilidade)"
"5206404";"CRIXAS";"GO";"Pequeno Porte I";"29,134265824332739925";"89,42351284349942375";"1. Despertados (Efeito Indutor)"
"5206602";"CUMARI";"GO";"Pequeno Porte I";"0,000000000000000000";"1,28623839296203379";"2. Constantes (Sustentabilidade)"
"5206800";"DAMOLANDIA";"GO";"Pequeno Porte I";"0,492780375776639412";"181,74819991551953535";"1. Despertados (Efeito Indutor)"
"5206909";"DAVINOPOLIS";"GO";"Pequeno Porte I";"57,895983872279074944";"5,94446372239747678";"4. Efeito Substituição (Retração Local)"
"5207105";"DIORAMA";"GO";"Pequeno Porte I";"13,805420654057877883";"74,85799367059455278";"1. Despertados (Efeito Indutor)"
"5207253";"DOVERLANDIA";"GO";"Pequeno Porte I";"24,856495808780877610";"0,00000000000000000";"4. Efeito Substituição (Retração Local)"
"5207352";"EDEALINA";"GO";"Pequeno Porte I";"3,991379185541267027";"10,50012167502505278";"1. Despertados (Efeito Indutor)"
"5207402";"EDEIA";"GO";"Pequeno Porte I";"2,887003424699149168";"92,36826943290157033";"1. Despertados (Efeito Indutor)"
"5207501";"ESTRELA DO NORTE";"GO";"Pequeno Porte I";"0,946125003082615379";"0,00000000000000000";"2. Constantes (Sustentabilidade)"
"5207808";"FIRMINOPOLIS";"GO";"Pequeno Porte I";"1,204601495915033071";"8,77923390739094422";"1. Despertados (Efeito Indutor)"
"5207907";"FLORES DE GOIAS";"GO";"Pequeno Porte I";"25,601725640663431705";"112,38956721103991754";"1. Despertados (Efeito Indutor)"
"5208004";"FORMOSA";"GO";"Grande Porte";"3,901447986349373398";"3,43209024978059185";"2. Constantes (Sustentabilidade)"
"5208103";"FORMOSO";"GO";"Pequeno Porte I";"0,000000000000000000";"11,03508583690987166";"1. Despertados (Efeito Indutor)"
"5208152";"GAMELEIRA DE GOIAS";"GO";"Pequeno Porte I";"0,000000000000000000";"0,00000000000000000";"3. Inertes (Dependência Exclusiva)"
"5208400";"GOIANAPOLIS";"GO";"Pequeno Porte I";"0,448492822265856739";"165,84563089398130842";"1. Despertados (Efeito Indutor)"
"5208509";"GOIANDIRA";"GO";"Pequeno Porte I";"0,097629997143521996";"89,82436407167909920";"1. Despertados (Efeito Indutor)"
"5208608";"GOIANESIA";"GO";"Médio Porte";"27,996959396127788722";"24,23250961886805044";"2. Constantes (Sustentabilidade)"
"5208707";"GOIANIA";"GO";"Metrópole";"0,000000000000000000";"3,52940557669512067";"2. Constantes (Sustentabilidade)"
"5208806";"GOIANIRA";"GO";"Médio Porte";"8,407995650453983671";"25,22771177826253819";"1. Despertados (Efeito Indutor)"
"5208905";"GOIAS";"GO";"Pequeno Porte II";"31,450246940647730298";"124,65005905472318659";"1. Despertados (Efeito Indutor)"
"5209200";"GUAPO";"GO";"Pequeno Porte I";"0,000000000000000000";"1,99539524174980820";"2. Constantes (Sustentabilidade)"
"5209291";"GUARAITA";"GO";"Pequeno Porte I";"1,604808169279966501";"29,87857677998106354";"1. Despertados (Efeito Indutor)"
"5209457";"GUARINOS";"GO";"Pequeno Porte I";"14,348332588855805980";"9,71772327626099042";"2. Constantes (Sustentabilidade)"
"5209804";"HIDROLINA";"GO";"Pequeno Porte I";"73,909657498445184842";"7,39926657263751775";"4. Efeito Substituição (Retração Local)"
"5209903";"IACIARA";"GO";"Pequeno Porte I";"6,169282576020689746";"3,79228310485149578";"2. Constantes (Sustentabilidade)"
"5209937";"INACIOLANDIA";"GO";"Pequeno Porte I";"9,482384614414749890";"61,19275928722053948";"1. Despertados (Efeito Indutor)"
"5209952";"INDIARA";"GO";"Pequeno Porte I";"0,000000000000000000";"63,23725155227612049";"1. Despertados (Efeito Indutor)"
"5210000";"INHUMAS";"GO";"Médio Porte";"62,842377783703902594";"62,78903261209005393";"2. Constantes (Sustentabilidade)"
"5210109";"IPAMERI";"GO";"Pequeno Porte II";"26,732504271742538293";"2,89337715002513773";"4. Efeito Substituição (Retração Local)"
"5210158";"IPIRANGA DE GOIAS";"GO";"Pequeno Porte I";"43,869483277540403776";"0,00000000000000000";"4. Efeito Substituição (Retração Local)"
"5210208";"IPORA";"GO";"Pequeno Porte II";"10,908414305976767977";"14,73846009917154731";"2. Constantes (Sustentabilidade)"
"5210307";"ISRAELANDIA";"GO";"Pequeno Porte I";"0,000000000000000000";"0,54457421875000001";"2. Constantes (Sustentabilidade)"
"5210406";"ITABERAI";"GO";"Pequeno Porte II";"8,605858992816758146";"13,56272964683489413";"2. Constantes (Sustentabilidade)"
"5210562";"ITAGUARI";"GO";"Pequeno Porte I";"34,965214329726791220";"0,19600171652062476";"4. Efeito Substituição (Retração Local)"
"5210604";"ITAGUARU";"GO";"Pequeno Porte I";"0,000000000000000000";"9,21154720055005960";"1. Despertados (Efeito Indutor)"
"5210802";"ITAJA";"GO";"Pequeno Porte I";"19,711754622555933025";"48,80728199999492745";"1. Despertados (Efeito Indutor)"
"5211008";"ITAPIRAPUA";"GO";"Pequeno Porte I";"0,000000000000000000";"4,43409602112982348";"2. Constantes (Sustentabilidade)"
"5211206";"ITAPURANGA";"GO";"Pequeno Porte II";"24,096320748480351881";"77,12127278049304380";"1. Despertados (Efeito Indutor)"
"5211305";"ITARUMA";"GO";"Pequeno Porte I";"22,079794142623114794";"1,22244331262228401";"4. Efeito Substituição (Retração Local)"
"5211404";"ITAUCU";"GO";"Pequeno Porte I";"26,524168900584697894";"0,84022750775594623";"4. Efeito Substituição (Retração Local)"
"5211503";"ITUMBIARA";"GO";"Grande Porte";"38,673254595678926648";"21,36586172373477055";"4. Efeito Substituição (Retração Local)"
"5211602";"IVOLANDIA";"GO";"Pequeno Porte I";"9,249329051081224051";"0,86152532537708815";"4. Efeito Substituição (Retração Local)"
"5211800";"JARAGUA";"GO";"Pequeno Porte II";"4,616397989938657354";"13,81892993832215133";"1. Despertados (Efeito Indutor)"
"5211909";"JATAI";"GO";"Grande Porte";"46,162384281193524771";"171,10462175002805907";"1. Despertados (Efeito Indutor)"
"5212006";"JAUPACI";"GO";"Pequeno Porte I";"0,000000000000000000";"19,44236833105335194";"1. Despertados (Efeito Indutor)"
"5212105";"JOVIANIA";"GO";"Pequeno Porte I";"12,790445442218247862";"10,27541111069922231";"2. Constantes (Sustentabilidade)"
"5212204";"JUSSARA";"GO";"Pequeno Porte I";"40,364928327263939423";"37,21388050882445953";"2. Constantes (Sustentabilidade)"
"5212253";"LAGOA SANTA";"GO";"Pequeno Porte I";"0,000000000000000000";"8,36424816415572892";"1. Despertados (Efeito Indutor)"
"5212303";"LEOPOLDO DE BULHOES";"GO";"Pequeno Porte I";"21,568014096770532717";"0,00000000000000000";"4. Efeito Substituição (Retração Local)"
"5212501";"LUZIANIA";"GO";"Grande Porte";"13,910771531183337757";"17,56566057036913264";"2. Constantes (Sustentabilidade)"
"5212709";"MAMBAI";"GO";"Pequeno Porte I";"0,000000000000000000";"5,99438890464575103";"1. Despertados (Efeito Indutor)"
"5212907";"MARZAGAO";"GO";"Pequeno Porte I";"0,000000000000000000";"8,58564191718243030";"1. Despertados (Efeito Indutor)"
"5212956";"MATRINCHA";"GO";"Pequeno Porte I";"0,000000000000000000";"18,43439340127439863";"1. Despertados (Efeito Indutor)"
"5213004";"MAURILANDIA";"GO";"Pequeno Porte I";"0,000000000000000000";"8,53390260809556622";"1. Despertados (Efeito Indutor)"
"5213087";"MINACU";"GO";"Pequeno Porte II";"0,000000000000000000";"12,83205257253590048";"1. Despertados (Efeito Indutor)"
"5213103";"MINEIROS";"GO";"Médio Porte";"0,000000000000000000";"66,84505793786946981";"1. Despertados (Efeito Indutor)"
"5213400";"MOIPORA";"GO";"Pequeno Porte I";"0,000000000000000000";"34,38426729610480947";"1. Despertados (Efeito Indutor)"
"5213756";"MONTIVIDIU";"GO";"Pequeno Porte I";"0,000000000000000000";"0,81609862614622075";"2. Constantes (Sustentabilidade)"
"5213772";"MONTIVIDIU DO NORTE";"GO";"Pequeno Porte I";"0,000000000000000000";"0,29459910029108227";"2. Constantes (Sustentabilidade)"
"5213806";"MORRINHOS";"GO";"Médio Porte";"12,627837151518686909";"20,10019392389605741";"2. Constantes (Sustentabilidade)"
"5213855";"MORRO AGUDO DE GOIAS";"GO";"Pequeno Porte I";"137,202245110635345782";"107,91952604227498114";"2. Constantes (Sustentabilidade)"
"5213905";"MOSSAMEDES";"GO";"Pequeno Porte I";"84,536706992461219556";"160,04832307921643064";"1. Despertados (Efeito Indutor)"
"5214002";"MOZARLANDIA";"GO";"Pequeno Porte I";"0,000000000000000000";"5,49152542372881314";"1. Despertados (Efeito Indutor)"
"5214051";"MUNDO NOVO";"GO";"Pequeno Porte I";"4,335821840103332825";"0,00000000000000000";"2. Constantes (Sustentabilidade)"
"5214408";"NAZARIO";"GO";"Pequeno Porte I";"0,000000000000000000";"7,96220792127968213";"1. Despertados (Efeito Indutor)"
"5214507";"NEROPOLIS";"GO";"Pequeno Porte II";"6,750167402493470803";"5,06064191781634243";"2. Constantes (Sustentabilidade)"
"5214606";"NIQUELANDIA";"GO";"Pequeno Porte II";"57,414335237373940402";"69,36820685960952915";"2. Constantes (Sustentabilidade)"
"5214705";"NOVA AMERICA";"GO";"Pequeno Porte I";"0,000000000000000000";"14,27232349165596759";"1. Despertados (Efeito Indutor)"
"5214861";"NOVA GLORIA";"GO";"Pequeno Porte I";"8,235151885823324136";"0,12559256072146402";"4. Efeito Substituição (Retração Local)"
"5214879";"NOVA IGUACU DE GOIAS";"GO";"Pequeno Porte I";"23,084231067801695758";"11,98782617114634164";"4. Efeito Substituição (Retração Local)"
"5214903";"NOVA ROMA";"GO";"Pequeno Porte I";"27,825598321674220870";"164,53445165496643199";"1. Despertados (Efeito Indutor)"
"5215231";"NOVO GAMA";"GO";"Grande Porte";"18,390645901568522191";"25,29793736208283050";"2. Constantes (Sustentabilidade)"
"5215256";"NOVO PLANALTO";"GO";"Pequeno Porte I";"0,000000000000000000";"49,22118151952653164";"1. Despertados (Efeito Indutor)"
"5215306";"ORIZONA";"GO";"Pequeno Porte I";"4,728528875488902550";"0,00000000000000000";"2. Constantes (Sustentabilidade)"
"5215405";"OURO VERDE DE GOIAS";"GO";"Pequeno Porte I";"0,000000000000000000";"90,68161030167826198";"1. Despertados (Efeito Indutor)"
"5215504";"OUVIDOR";"GO";"Pequeno Porte I";"52,971100693083741362";"47,46405821904420463";"2. Constantes (Sustentabilidade)"
"5215603";"PADRE BERNARDO";"GO";"Pequeno Porte II";"0,952679861956739149";"9,24421082735150357";"1. Despertados (Efeito Indutor)"
"5215652";"PALESTINA DE GOIAS";"GO";"Pequeno Porte I";"0,000000000000000000";"4,12074856023791547";"2. Constantes (Sustentabilidade)"
"5215702";"PALMEIRAS DE GOIAS";"GO";"Pequeno Porte II";"5,207046737904704514";"8,39406435089462022";"2. Constantes (Sustentabilidade)"
"5215801";"PALMELO";"GO";"Pequeno Porte I";"0,000000000000000000";"20,05090748118636412";"1. Despertados (Efeito Indutor)"
"5215900";"PALMINOPOLIS";"GO";"Pequeno Porte I";"0,000000000000000000";"13,17805115554401318";"1. Despertados (Efeito Indutor)"
"5216304";"PARANAIGUARA";"GO";"Pequeno Porte I";"0,024631416663691105";"78,90744920168823739";"1. Despertados (Efeito Indutor)"
"5216809";"PETROLINA DE GOIAS";"GO";"Pequeno Porte I";"0,000000000000000000";"2,76204721862317459";"2. Constantes (Sustentabilidade)"
"5217104";"PIRACANJUBA";"GO";"Pequeno Porte II";"46,204871917563998807";"65,86367949099967234";"1. Despertados (Efeito Indutor)"
"5217203";"PIRANHAS";"GO";"Pequeno Porte I";"0,000000000000000000";"1,98056822655869658";"2. Constantes (Sustentabilidade)"
"5217302";"PIRENOPOLIS";"GO";"Pequeno Porte II";"47,929520040259021130";"92,80069280853450664";"1. Despertados (Efeito Indutor)"
"5217401";"PIRES DO RIO";"GO";"Pequeno Porte II";"18,005991507239322402";"12,00526139021876304";"2. Constantes (Sustentabilidade)"
"5217609";"PLANALTINA";"GO";"Grande Porte";"192,090781855488927476";"137,43723549970661679";"4. Efeito Substituição (Retração Local)"
"5217708";"PONTALINA";"GO";"Pequeno Porte I";"26,225914744892214969";"7,94019247660100902";"4. Efeito Substituição (Retração Local)"
"5218003";"PORANGATU";"GO";"Pequeno Porte II";"50,026738275563999991";"53,97710655693170168";"2. Constantes (Sustentabilidade)"
"5218052";"PORTEIRAO";"GO";"Pequeno Porte I";"0,000000000000000000";"44,54268558556382374";"1. Despertados (Efeito Indutor)"
"5218300";"POSSE";"GO";"Pequeno Porte II";"0,088808921133406077";"8,68894129890766820";"1. Despertados (Efeito Indutor)"
"5218391";"PROFESSOR JAMIL";"GO";"Pequeno Porte I";"29,506968484759294569";"17,11085782568018132";"4. Efeito Substituição (Retração Local)"
"5218508";"QUIRINOPOLIS";"GO";"Pequeno Porte II";"1,822400252942477872";"77,70513133828613661";"1. Despertados (Efeito Indutor)"
"5218607";"RIALMA";"GO";"Pequeno Porte I";"10,565808079349599424";"15,48298349032346621";"2. Constantes (Sustentabilidade)"
"5218706";"RIANAPOLIS";"GO";"Pequeno Porte I";"11,091150958119296632";"8,80834524993169232";"2. Constantes (Sustentabilidade)"
"5218789";"RIO QUENTE";"GO";"Pequeno Porte I";"2,555030691881716720";"57,99127868911037353";"1. Despertados (Efeito Indutor)"
"5218805";"RIO VERDE";"GO";"Grande Porte";"17,263650152023267026";"27,71895735893636825";"1. Despertados (Efeito Indutor)"
"5218904";"RUBIATABA";"GO";"Pequeno Porte I";"8,944655644116981108";"12,52718880932644652";"2. Constantes (Sustentabilidade)"
"5219001";"SANCLERLANDIA";"GO";"Pequeno Porte I";"0,122395653997549023";"10,15512026163153614";"1. Despertados (Efeito Indutor)"
"5219258";"SANTA FE DE GOIAS";"GO";"Pequeno Porte I";"0,000000000000000000";"6,30876186628963875";"1. Despertados (Efeito Indutor)"
"5219308";"SANTA HELENA DE GOIAS";"GO";"Pequeno Porte II";"10,898292090871917637";"35,63367003106637299";"1. Despertados (Efeito Indutor)"
"5219357";"SANTA ISABEL";"GO";"Pequeno Porte I";"0,000000000000000000";"108,26079745552343070";"1. Despertados (Efeito Indutor)"
"5219407";"SANTA RITA DO ARAGUAIA";"GO";"Pequeno Porte I";"0,000000000000000000";"88,53415428764347439";"1. Despertados (Efeito Indutor)"
"5219704";"SANTA TEREZINHA DE GOIAS";"GO";"Pequeno Porte I";"0,000000000000000000";"110,53163050895636843";"1. Despertados (Efeito Indutor)"
"5219712";"SANTO ANTONIO DA BARRA";"GO";"Pequeno Porte I";"43,981790089235396124";"3,21708988488073544";"4. Efeito Substituição (Retração Local)"
"5219738";"SANTO ANTONIO DE GOIAS";"GO";"Pequeno Porte I";"2,618529416384745012";"0,98842416548464451";"2. Constantes (Sustentabilidade)"
"5219753";"SANTO ANTONIO DO DESCOBERTO";"GO";"Médio Porte";"10,938743109766583927";"28,41118120763539068";"1. Despertados (Efeito Indutor)"
"5219803";"SAO DOMINGOS";"GO";"Pequeno Porte I";"11,649305947207484024";"36,37808571420075765";"1. Despertados (Efeito Indutor)"
"5220009";"SAO JOAO D'ALIANCA";"GO";"Pequeno Porte I";"0,105345133077238001";"19,56751528812653973";"1. Despertados (Efeito Indutor)"
"5220058";"SAO JOAO DA PARAUNA";"GO";"Pequeno Porte I";"0,000000000000000000";"3,62034949267192774";"2. Constantes (Sustentabilidade)"
"5220207";"SAO MIGUEL DO ARAGUAIA";"GO";"Pequeno Porte II";"0,521237216812679205";"1,91754635455186007";"2. Constantes (Sustentabilidade)"
"5220264";"SAO MIGUEL DO PASSA QUATRO";"GO";"Pequeno Porte I";"5,479797667327656718";"67,77686578108298932";"1. Despertados (Efeito Indutor)"
"5220405";"SAO SIMAO";"GO";"Pequeno Porte I";"41,908795691374365333";"74,26868054655949436";"1. Despertados (Efeito Indutor)"
"5220454";"SENADOR CANEDO";"GO";"Grande Porte";"22,175936202754826354";"0,60967718448616781";"4. Efeito Substituição (Retração Local)"
"5220603";"SILVANIA";"GO";"Pequeno Porte II";"67,979164105959284825";"52,05529692133112007";"2. Constantes (Sustentabilidade)"
"5220686";"SIMOLANDIA";"GO";"Pequeno Porte I";"0,000000000000000000";"20,76237555100276211";"1. Despertados (Efeito Indutor)"
"5221197";"TEREZOPOLIS DE GOIAS";"GO";"Pequeno Porte I";"0,082942266854984223";"0,07816762414473510";"2. Constantes (Sustentabilidade)"
"5221304";"TRES RANCHOS";"GO";"Pequeno Porte I";"74,783961594242825299";"41,29979318036534863";"4. Efeito Substituição (Retração Local)"
"5221403";"TRINDADE";"GO";"Grande Porte";"0,000000000000000000";"10,38407724437182722";"1. Despertados (Efeito Indutor)"
"5221452";"TROMBAS";"GO";"Pequeno Porte I";"0,000000000000000000";"34,06110897435897300";"1. Despertados (Efeito Indutor)"
"5221551";"TURVELANDIA";"GO";"Pequeno Porte I";"29,124929538779721128";"15,44177432296890551";"4. Efeito Substituição (Retração Local)"
"5221601";"URUACU";"GO";"Pequeno Porte II";"50,223739654809868682";"36,74664749588521317";"2. Constantes (Sustentabilidade)"
"5221809";"URUTAI";"GO";"Pequeno Porte I";"63,529112188567061992";"161,82385386125454829";"1. Despertados (Efeito Indutor)"
"5221858";"VALPARAISO DE GOIAS";"GO";"Grande Porte";"25,109847247598438003";"61,24056929734356203";"1. Despertados (Efeito Indutor)"
"5222005";"VIANOPOLIS";"GO";"Pequeno Porte I";"24,320123100041467268";"57,21866798701650225";"1. Despertados (Efeito Indutor)"
"5222203";"VILA BOA";"GO";"Pequeno Porte I";"0,000000000000000000";"8,15463686048605396";"1. Despertados (Efeito Indutor)"
